
  [30;42;1m PASS [39;49;22m[39m Tests\Unit\AI\AiDecisionEngineTest[39m
  [32;1m✓[39;22m[90m [39m[90mhigh confidence critical event can interrupt[39m
  [32;1m✓[39;22m[90m [39m[90mlow value event is suppressed[39m
  [32;1m✓[39;22m[90m [39m[90mscores are clamped to safe bounds[39m

  [30;42;1m PASS [39;49;22m[39m Tests\Unit\AI\AiIntentDetectorTest[39m
  [32;1m✓[39;22m[90m [39m[90mdetects financial summary intent[39m[90m                                    [39m [90m0.01s[39m  
  [32;1m✓[39;22m[90m [39m[90mdetects transaction creation intent[39m
  [32;1m✓[39;22m[90m [39m[90mdetects comparison and maps it to a deterministic backend tool[39m
  [32;1m✓[39;22m[90m [39m[90mroutes budget forecast and saving analysis to the deterministic financial snapshot[39m
  [32;1m✓[39;22m[90m [39m[90mtransaction update is read first and does not select a write tool[39m
  [32;1m✓[39;22m[90m [39m[90mdoes not treat normal conversation as a financial tool request[39m

  [30;42;1m PASS [39;49;22m[39m Tests\Unit\BankImportAmountParserTest[39m
  [32;1m✓[39;22m[90m [39m[90mit parses common monetary formats without changing magnitude with ([39m[90m…[39m [90m0.01s[39m  
  [32;1m✓[39;22m[90m [39m[90mit parses common monetary formats without changing magnitude with ('10,50', 10.5)[39m
  [32;1m✓[39;22m[90m [39m[90mit parses common monetary formats without changing magnitude with ('1.234,56', 1234.56)[39m
  [32;1m✓[39;22m[90m [39m[90mit parses common monetary formats without changing magnitude with ('1,234.56', 1234.56)[39m
  [32;1m✓[39;22m[90m [39m[90mit parses common monetary formats without changing magnitude with ('1234.56', 1234.56)[39m
  [32;1m✓[39;22m[90m [39m[90mit parses common monetary formats without changing magnitude with ('1234,56', 1234.56)[39m
  [32;1m✓[39;22m[90m [39m[90mit parses common monetary formats without changing magnitude with ('-10,50', -10.5)[39m
  [32;1m✓[39;22m[90m [39m[90mit parses common monetary formats without changing magnitude with ('(10.50)', -10.5)[39m
  [32;1m✓[39;22m[90m [39m[90mit parses common monetary formats without changing magnitude with ('€ 10,50', 10.5)[39m
  [32;1m✓[39;22m[90m [39m[90mit returns null for non monetary text instead of guessing[39m

  [30;42;1m PASS [39;49;22m[39m Tests\Unit\ExampleTest[39m
  [32;1m✓[39;22m[90m [39m[90mthat true is true[39m[90m                                                   [39m [90m0.01s[39m  

  [30;42;1m PASS [39;49;22m[39m Tests\Unit\PortugueseNetPayCalculatorTest[39m
  [32;1m✓[39;22m[90m [39m[90mit retains IRS for 1500€ single with no dependents using 2026 table I[39m
  [32;1m✓[39;22m[90m [39m[90mit matches the CGD 1300€ single example[39m
  [32;1m✓[39;22m[90m [39m[90mit matches the CGD married unique titular with one dependent at 2000€[39m
  [32;1m✓[39;22m[90m [39m[90mit switches to table II and subtracts 34.29 per dependent[39m
  [32;1m✓[39;22m[90m [39m[90mit uses table I for married two earners even with dependents[39m
  [32;1m✓[39;22m[90m [39m[90mit does not withhold IRS up to the 2026 minimum wage[39m
  [32;1m✓[39;22m[90m [39m[90mit adds exempt meal allowance to net without extra IRS or SS[39m
  [32;1m✓[39;22m[90m [39m[90mit taxes meal allowance above the 2026 cash exemption[39m
  [32;1m✓[39;22m[90m [39m[90mit zeroes IRS withholding in IRS Jovem year 1 within the monthly cap[39m
  [32;1m✓[39;22m[90m [39m[90mit applies 75 percent IRS Jovem exemption in year 2[39m
  [32;1m✓[39;22m[90m [39m[90mit reduces the marginal rate by one point with three dependents[39m
  [32;1m✓[39;22m[90m [39m[90mit uses disability table IV when applicable[39m
        
  [39;41;1m FAIL [39;49;22m[39m Tests\Feature\Auth\AuthenticationTest[39m
  [31;1m⨯[39;22m[90m [39m[90mlogin screen can be rendered[39m[90m                                        [39m [90m1.49s[39m  
  [32;1m✓[39;22m[90m [39m[90musers can authenticate using the login screen[39m[90m                       [39m [90m2.59s[39m  
  [32;1m✓[39;22m[90m [39m[90musers can not authenticate with invalid password[39m[90m                    [39m [90m0.27s[39m  
  [31;1m⨯[39;22m[90m [39m[90mnavigation menu can be rendered[39m[90m                                     [39m [90m2.96s[39m  
  [32;1m✓[39;22m[90m [39m[90musers can logout[39m[90m                                                    [39m [90m0.05s[39m  

  [30;42;1m PASS [39;49;22m[39m Tests\Feature\Auth\EmailVerificationTest[39m
  [32;1m✓[39;22m[90m [39m[90memail verification screen can be rendered[39m[90m                           [39m [90m0.04s[39m  
  [32;1m✓[39;22m[90m [39m[90memail can be verified[39m[90m                                               [39m [90m0.04s[39m  
  [32;1m✓[39;22m[90m [39m[90memail is not verified with invalid hash[39m[90m                             [39m [90m0.04s[39m  

  [39;41;1m FAIL [39;49;22m[39m Tests\Feature\Auth\PasswordConfirmationTest[39m
  [31;1m⨯[39;22m[90m [39m[90mconfirm password screen can be rendered[39m[90m                             [39m [90m0.55s[39m  
  [32;1m✓[39;22m[90m [39m[90mpassword can be confirmed[39m[90m                                           [39m [90m0.05s[39m  
  [32;1m✓[39;22m[90m [39m[90mpassword is not confirmed with invalid password[39m[90m                     [39m [90m0.25s[39m  

  [39;41;1m FAIL [39;49;22m[39m Tests\Feature\Auth\PasswordResetTest[39m
  [31;1m⨯[39;22m[90m [39m[90mreset password link screen can be rendered[39m[90m                          [39m [90m0.55s[39m  
  [32;1m✓[39;22m[90m [39m[90mreset password link can be requested[39m[90m                                [39m [90m0.25s[39m  
  [31;1m⨯[39;22m[90m [39m[90mreset password screen can be rendered[39m[90m                               [39m [90m0.80s[39m  
  [32;1m✓[39;22m[90m [39m[90mpassword can be reset with valid token[39m[90m                              [39m [90m0.28s[39m  

  [30;42;1m PASS [39;49;22m[39m Tests\Feature\Auth\PasswordUpdateTest[39m
  [32;1m✓[39;22m[90m [39m[90mpassword can be updated[39m[90m                                             [39m [90m0.12s[39m  
  [32;1m✓[39;22m[90m [39m[90mcorrect password must be provided to update password[39m[90m                [39m [90m0.11s[39m  

  [39;41;1m FAIL [39;49;22m[39m Tests\Feature\Auth\RegistrationTest[39m
  [31;1m⨯[39;22m[90m [39m[90mregistration screen can be rendered[39m[90m                                 [39m [90m0.54s[39m  
  [32;1m✓[39;22m[90m [39m[90mnew users can register[39m[90m                                              [39m [90m0.10s[39m  

  [30;42;1m PASS [39;49;22m[39m Tests\Feature\Auth\TwoFactorChallengeTest[39m
  [32;1m✓[39;22m[90m [39m[90mtwo factor challenge redirects to login when not authenticated[39m[90m      [39m [90m0.04s[39m  
  [32;1m✓[39;22m[90m [39m[90mtwo factor challenge can be rendered[39m[90m                                [39m [90m0.04s[39m  

  [39;41;1m FAIL [39;49;22m[39m Tests\Feature\Auth\VerificationCodeSecurityTest[39m
  [31;1m⨯[39;22m[90m [39m[90mit stores registration verification codes only as hashes[39m[90m            [39m [90m0.07s[39m  
  [32;1m✓[39;22m[90m [39m[90mit rejects expired verification codes[39m[90m                               [39m [90m0.04s[39m  
  [32;1m✓[39;22m[90m [39m[90mit blocks verification after five failed attempts[39m[90m                   [39m [90m0.05s[39m  
  [32;1m✓[39;22m[90m [39m[90mit accepts a valid unexpired verification code and clears it[39m[90m        [39m [90m0.04s[39m  

  [30;42;1m PASS [39;49;22m[39m Tests\Feature\BankPortalTest[39m
  [32;1m✓[39;22m[90m [39m[90mtoken válido permite acesso apenas às contas do workspace autentica[39m[90m…[39m [90m0.17s[39m  
  [32;1m✓[39;22m[90m [39m[90mtoken inválido não permite acesso[39m[90m                                   [39m [90m0.11s[39m  
  [32;1m✓[39;22m[90m [39m[90mtoken de um workspace não autentica outro workspace[39m[90m                 [39m [90m0.14s[39m  
  [32;1m✓[39;22m[90m [39m[90mtoken expirado não permite acesso[39m[90m                                   [39m [90m0.11s[39m  
  [32;1m✓[39;22m[90m [39m[90mtoken revogado não permite acesso[39m[90m                                   [39m [90m0.11s[39m  
  [32;1m✓[39;22m[90m [39m[90mtoken antigo deixa de funcionar depois da rotação[39m[90m                   [39m [90m0.14s[39m  
  [32;1m✓[39;22m[90m [39m[90mtentativas de brute force são limitadas[39m[90m                             [39m [90m0.27s[39m  
  [32;1m✓[39;22m[90m [39m[90mdados bancários não são expostos sem autenticação[39m[90m                   [39m [90m0.04s[39m  
  [32;1m✓[39;22m[90m [39m[90ma revogação invalida a sessão existente no dashboard[39m[90m                [39m [90m0.11s[39m  

  [30;42;1m PASS [39;49;22m[39m Tests\Feature\BusinessAuthorizationTest[39m
  [32;1m✓[39;22m[90m [39m[90mbusiness roles are normalized and owner is distinct[39m[90m                 [39m [90m0.06s[39m  
  [32;1m✓[39;22m[90m [39m[90memployee cannot create invoice but can create own expense[39m[90m           [39m [90m0.06s[39m  
  [32;1m✓[39;22m[90m [39m[90memployee expense is scoped to the employee[39m[90m                          [39m [90m0.09s[39m  
  [32;1m✓[39;22m[90m [39m[90mcross workspace invoice cannot be modified even when global scope i[39m[90m…[39m [90m0.09s[39m  

  [30;42;1m PASS [39;49;22m[39m Tests\Feature\BusinessFinancialIntegrityTest[39m
  [32;1m✓[39;22m[90m [39m[90minvoice payment timestamp is created when marked paid[39m[90m               [39m [90m0.08s[39m  
  [32;1m✓[39;22m[90m [39m[90mworkspace scoped models cannot be loaded from another current works[39m[90m…[39m [90m0.09s[39m  

  [30;42;1m PASS [39;49;22m[39m Tests\Feature\BusinessGatewayTest[39m
  [32;1m✓[39;22m[90m [39m[90mconvite válido associa o utilizador ao workspace correto[39m[90m            [39m [90m0.09s[39m  
  [32;1m✓[39;22m[90m [39m[90mconvite inválido falha sem associar utilizador[39m[90m                      [39m [90m0.08s[39m  
  [32;1m✓[39;22m[90m [39m[90mconvite expirado falha[39m[90m                                              [39m [90m0.08s[39m  
  [32;1m✓[39;22m[90m [39m[90mconvite revogado falha[39m[90m                                              [39m [90m0.08s[39m  
  [32;1m✓[39;22m[90m [39m[90mconvite já utilizado e funcionário associado não pode ser reutiliza[39m[90m…[39m [90m0.09s[39m  
  [32;1m✓[39;22m[90m [39m[90mfuncionário inativo não pode aceitar convite[39m[90m                        [39m [90m0.08s[39m  
  [32;1m✓[39;22m[90m [39m[90mfuncionário suspenso não pode aceitar convite[39m[90m                       [39m [90m0.08s[39m  
  [32;1m✓[39;22m[90m [39m[90mfuncionário terminado não pode aceitar convite[39m[90m                      [39m [90m0.08s[39m  
  [32;1m✓[39;22m[90m [39m[90mconvite de um workspace não dá acesso a outro workspace[39m[90m             [39m [90m0.09s[39m  
  [32;1m✓[39;22m[90m [39m[90mo mesmo convite não pode ser utilizado duas vezes[39m[90m                   [39m [90m0.12s[39m  
  [32;1m✓[39;22m[90m [39m[90mtentativas de brute force são limitadas[39m[90m                             [39m [90m0.27s[39m  
  [32;1m✓[39;22m[90m [39m[90madministrador consegue revogar um convite[39m[90m                           [39m [90m0.18s[39m  

  [30;42;1m PASS [39;49;22m[39m Tests\Feature\BusinessMetricsTest[39m
  [32;1m✓[39;22m[90m [39m[90minvoice total is recalculated from net and vat[39m[90m                      [39m [90m0.09s[39m  
  [32;1m✓[39;22m[90m [39m[90mbusiness budget uses company expenses and paid invoice revenue[39m[90m      [39m [90m0.11s[39m  
  [32;1m✓[39;22m[90m [39m[90mhistorical month does not use current salary as fake historical pay[39m[90m…[39m [90m0.05s[39m  

  [30;42;1m PASS [39;49;22m[39m Tests\Feature\BusinessSettlementTest[39m
  [32;1m✓[39;22m[90m [39m[90minvoice partial payment cannot exceed outstanding balance[39m[90m           [39m [90m0.12s[39m  
  [32;1m✓[39;22m[90m [39m[90mcredit note cannot exceed invoice total[39m[90m                             [39m [90m0.08s[39m  
  [32;1m✓[39;22m[90m [39m[90mbank reconciliation rejects mismatched amount[39m[90m                       [39m [90m0.11s[39m  

  [30;42;1m PASS [39;49;22m[39m Tests\Feature\ClientPortalTest[39m
  [32;1m✓[39;22m[90m [39m[90mcliente consegue ver apenas os próprios tickets[39m[90m                     [39m [90m0.08s[39m  
  [32;1m✓[39;22m[90m [39m[90mcliente consegue responder ao próprio ticket[39m[90m                        [39m [90m0.15s[39m  
  [32;1m✓[39;22m[90m [39m[90mcliente não consegue abrir o ticket de outro cliente[39m[90m                [39m [90m0.08s[39m  
  [32;1m✓[39;22m[90m [39m[90mcliente não consegue enviar mensagem para ticket de outro cliente[39m[90m   [39m [90m0.08s[39m  
  [32;1m✓[39;22m[90m [39m[90mcliente não consegue carregar mensagens de outro cliente[39m[90m            [39m [90m0.08s[39m  
  [32;1m✓[39;22m[90m [39m[90mcliente B continua a utilizar os próprios tickets normalmente[39m[90m       [39m [90m0.16s[39m  

  [30;42;1m PASS [39;49;22m[39m Tests\Feature\DailyReportMailTest[39m
  [32;1m✓[39;22m[90m [39m[90mit renders only the selected daily report sections[39m[90m                  [39m [90m0.04s[39m  

  [39;41;1m FAIL [39;49;22m[39m Tests\Feature\DashboardTest[39m
  [32;1m✓[39;22m[90m [39m[90mguests are redirected to the login page[39m[90m                             [39m [90m0.03s[39m  
  [31;1m⨯[39;22m[90m [39m[90mauthenticated users can visit the dashboard[39m[90m                         [39m [90m2.63s[39m  
  [31;1m⨯[39;22m[90m [39m[90mfree users can access the main planning and analysis routes[39m[90m         [39m [90m0.69s[39m  

  [39;41;1m FAIL [39;49;22m[39m Tests\Feature\ExampleTest[39m
  [31;1m⨯[39;22m[90m [39m[90mit returns a successful response[39m[90m                                    [39m [90m0.39s[39m  

  [30;42;1m PASS [39;49;22m[39m Tests\Feature\GamificationXpTest[39m
  [32;1m✓[39;22m[90m [39m[90mit awards xp and stores the action message for the user[39m[90m             [39m [90m0.03s[39m  

  [30;42;1m PASS [39;49;22m[39m Tests\Feature\ImpersonationTest[39m
  [32;1m✓[39;22m[90m [39m[90madministrador autorizado consegue impersonar utilizador ativo permi[39m[90m…[39m [90m0.05s[39m  
  [32;1m✓[39;22m[90m [39m[90mutilizador normal não consegue iniciar impersonation[39m[90m                [39m [90m0.04s[39m  
  [32;1m✓[39;22m[90m [39m[90madministrador não consegue impersonar outro administrador[39m[90m           [39m [90m0.04s[39m  
  [32;1m✓[39;22m[90m [39m[90mutilizador desativado não pode ser impersonado[39m[90m                      [39m [90m0.04s[39m  
  [32;1m✓[39;22m[90m [39m[90mGET não altera autenticação nem inicia impersonation[39m[90m                [39m [90m0.14s[39m  
  [32;1m✓[39;22m[90m [39m[90mPOST autorizado inicia impersonation com CSRF protegido[39m[90m             [39m [90m0.05s[39m  
  [32;1m✓[39;22m[90m [39m[90mPOST de impersonation usa middleware CSRF[39m[90m                           [39m [90m0.03s[39m  
  [32;1m✓[39;22m[90m [39m[90msair da impersonation devolve ao administrador original e regista f[39m[90m…[39m [90m0.05s[39m  
  [32;1m✓[39;22m[90m [39m[90mimpersonation expirada deixa de ser válida[39m[90m                          [39m [90m0.05s[39m  
  [32;1m✓[39;22m[90m [39m[90msessão adulterada não transforma utilizador normal em administrador[39m[90m [39m [90m0.04s[39m  
  [32;1m✓[39;22m[90m [39m[90msair da impersonation exige DELETE[39m[90m                                  [39m [90m0.16s[39m  

  [30;42;1m PASS [39;49;22m[39m Tests\Feature\OnboardingWizardTest[39m
  [32;1m✓[39;22m[90m [39m[90monboarding estimates net pay from the 2026 withholding tables[39m[90m       [39m [90m0.07s[39m  
  [32;1m✓[39;22m[90m [39m[90monboarding creates the configured bank account before income setup[39m[90m  [39m [90m0.13s[39m  
  [32;1m✓[39;22m[90m [39m[90monboarding links the selected bank account to the recurring income[39m[90m  [39m [90m0.12s[39m  

  [30;42;1m PASS [39;49;22m[39m Tests\Feature\PlanReceiptMailTest[39m
  [32;1m✓[39;22m[90m [39m[90mit treats the pro plan as non-business[39m[90m                              [39m [90m0.04s[39m  
  [32;1m✓[39;22m[90m [39m[90mit sends a receipt email when a subscription is paid and when the m[39m[90m…[39m [90m0.04s[39m  

  [30;42;1m PASS [39;49;22m[39m Tests\Feature\ProductionRouteSmokeTest[39m
  [32;1m✓[39;22m[90m [39m[90mcritical application routes are registered[39m[90m                          [39m [90m0.03s[39m  
  [32;1m✓[39;22m[90m [39m[90mcritical application routes require authentication[39m[90m                  [39m [90m0.04s[39m  

  [39;41;1m FAIL [39;49;22m[39m Tests\Feature\ProfileTest[39m
  [31;1m⨯[39;22m[90m [39m[90mprofile page is displayed[39m[90m                                           [39m [90m0.78s[39m  
  [32;1m✓[39;22m[90m [39m[90mprofile information can be updated[39m[90m                                  [39m [90m0.07s[39m  
  [32;1m✓[39;22m[90m [39m[90memail verification status is unchanged when the email address is un[39m[90m…[39m [90m0.07s[39m  
  [32;1m✓[39;22m[90m [39m[90muser can delete their account[39m[90m                                       [39m [90m0.05s[39m  
  [32;1m✓[39;22m[90m [39m[90mcorrect password must be provided to delete account[39m[90m                 [39m [90m0.05s[39m  

  [39;41;1m FAIL [39;49;22m[39m Tests\Feature\Settings\ProfileUpdateTest[39m
  [31;1m⨯[39;22m[90m [39m[90mprofile page is displayed[39m[90m                                           [39m [90m0.74s[39m  
  [32;1m✓[39;22m[90m [39m[90mprofile information can be updated[39m[90m                                  [39m [90m0.14s[39m  
  [32;1m✓[39;22m[90m [39m[90memail verification status is unchanged when email address is unchan[39m[90m…[39m [90m0.11s[39m  
  [32;1m✓[39;22m[90m [39m[90muser can delete their account[39m[90m                                       [39m [90m0.07s[39m  
  [32;1m✓[39;22m[90m [39m[90mcorrect password must be provided to delete account[39m[90m                 [39m [90m0.07s[39m  

  [30;42;1m PASS [39;49;22m[39m Tests\Feature\Settings\SecurityTest[39m
  [32;1m✓[39;22m[90m [39m[90msecurity settings page can be rendered[39m[90m                              [39m [90m0.11s[39m  
  [32;1m✓[39;22m[90m [39m[90msecurity settings page requires password confirmation when enabled[39m[90m  [39m [90m0.04s[39m  
  [32;1m✓[39;22m[90m [39m[90msecurity settings page renders without two factor when feature is d[39m[90m…[39m [90m0.07s[39m  
  [32;1m✓[39;22m[90m [39m[90mtwo factor authentication disabled when confirmation abandoned betw[39m[90m…[39m [90m0.08s[39m  
  [32;1m✓[39;22m[90m [39m[90mpassword can be updated[39m[90m                                             [39m [90m0.22s[39m  
  [32;1m✓[39;22m[90m [39m[90mcorrect password must be provided to update password[39m[90m                [39m [90m0.22s[39m  

  [30;42;1m PASS [39;49;22m[39m Tests\Feature\StateChangingRoutesTest[39m
  [32;1m✓[39;22m[90m [39m[90mworkspace context routes only accept POST[39m[90m                           [39m [90m0.03s[39m  
  [32;1m✓[39;22m[90m [39m[90mstrava disconnect only accepts POST[39m[90m                                 [39m [90m0.03s[39m  

  [30;42;1m PASS [39;49;22m[39m Tests\Feature\SupplierPortalTest[39m
  [32;1m✓[39;22m[90m [39m[90mfornecedor A vê apenas os próprios tickets[39m[90m                          [39m [90m0.08s[39m  
  [32;1m✓[39;22m[90m [39m[90mfornecedor A consegue responder ao próprio ticket[39m[90m                   [39m [90m0.15s[39m  
  [32;1m✓[39;22m[90m [39m[90mfornecedor A não consegue abrir o ticket do fornecedor B[39m[90m            [39m [90m0.08s[39m  
  [32;1m✓[39;22m[90m [39m[90mfornecedor A não consegue responder ao ticket do fornecedor B[39m[90m       [39m [90m0.08s[39m  
  [32;1m✓[39;22m[90m [39m[90mfornecedor A não consegue carregar mensagens do fornecedor B[39m[90m        [39m [90m0.08s[39m  
  [32;1m✓[39;22m[90m [39m[90mfornecedor B continua a utilizar os próprios tickets normalmente[39m[90m    [39m [90m0.15s[39m  

  [30;42;1m PASS [39;49;22m[39m Tests\Feature\WorkspaceFinancialIntegrityTest[39m
  [32;1m✓[39;22m[90m [39m[90mbank transfers cannot reference accounts from another workspace[39m[90m     [39m [90m0.10s[39m  
  [32;1m✓[39;22m[90m [39m[90mbank reserves cannot reference accounts from another workspace[39m[90m      [39m [90m0.07s[39m  
  [32;1m✓[39;22m[90m [39m[90mgoal contributions cannot reference goals or incomes from another w[39m[90m…[39m [90m0.09s[39m  
  [32;1m✓[39;22m[90m [39m[90mauto savings rules reject invalid percentages and foreign goals[39m[90m     [39m [90m0.07s[39m  
  [32;1m✓[39;22m[90m [39m[90mbank transactions cannot reference accounts from another workspace[39m[90m  [39m [90m0.07s[39m  

  [30;42;1m PASS [39;49;22m[39m Tests\Feature\WorkspaceLogoUrlTest[39m
  [32;1m✓[39;22m[90m [39m[90mo url da logo da empresa remove duplicacao de storage e resolve cor[39m[90m…[39m [90m0.04s[39m  
  [31m────────────────────────────────────────────────────────────────────────────[39m  
  [41;1m FAILED [49;22m [1mTests\Feature\Auth\AuthenticationTest[22m [90m>[39m login screen can be rende…   
[39;1m  Expected response status code [200] but received 500.
Failed asserting that 500 is identical to 200.

The following exception occurred during the last request:

Illuminate\Foundation\ViteException: Unable to locate file in Vite manifest: resources/js/modal-controls.js. in /home/runner/work/gestaodecustos/gestaodecustos/vendor/laravel/framework/src/Illuminate/Foundation/Vite.php:1042
Stack trace:
#0 /home/runner/work/gestaodecustos/gestaodecustos/vendor/laravel/framework/src/Illuminate/Foundation/Vite.php(404): Illuminate\Foundation\Vite->chunk()
#1 /home/runner/work/gestaodecustos/gestaodecustos/storage/framework/views/6ab657d568ef86e98d779cdaf4c30db4.php(14): Illuminate\Foundation\Vite->__invoke()
#2 /home/runner/work/gestaodecustos/gestaodecustos/vendor/laravel/framework/src/Illuminate/Filesystem/Filesystem.php(123): require('...')
#3 /home/runner/work/gestaodecustos/gestaodecustos/vendor/laravel/framework/src/Illuminate/Filesystem/Filesystem.php(124): Illuminate\Filesystem\Filesystem::Illuminate\Filesystem\{closure}()
#4 /home/runner/work/gestaodecustos/gestaodecustos/vendor/laravel/framework/src/Illuminate/View/Engines/PhpEngine.php(57): Illuminate\Filesystem\Filesystem->getRequire()
#5 /home/runner/work/gestaodecustos/gestaodecustos/vendor/livewire/livewire/src/Mechanisms/ExtendBlade/ExtendedCompilerEngine.php(22): Illuminate\View\Engines\PhpEngine->evaluatePath()
#6 /home/runner/work/gestaodecustos/gestaodecustos/vendor/laravel/framework/src/Illuminate/View/Engines/CompilerEngine.php(76): Livewire\Mechanisms\ExtendBlade\ExtendedCompilerEngine->evaluatePath()
#7 /home/runner/work/gestaodecustos/gestaodecustos/vendor/livewire/livewire/src/Mechanisms/ExtendBlade/ExtendedCompilerEngine.php(10): Illuminate\View\Engines\CompilerEngine->get()
#8 /home/runner/work/gestaodecustos/gestaodecustos/vendor/laravel/framework/src/Illuminate/View/View.php(208): Livewire\Mechanisms\ExtendBlade\ExtendedCompilerEngine->get()
#9 /home/runner/work/gestaodecustos/gestaodecustos/vendor/laravel/framework/src/Illuminate/View/View.php(191): Illuminate\View\View->getContents()
#10 /home/runner/work/gestaodecustos/gestaodecustos/vendor/laravel/framework/src/Illuminate/View/View.php(160): Illuminate\View\View->renderContents()
#11 /home/runner/work/gestaodecustos/gestaodecustos/storage/framework/views/e9c544d635a96333d9899e7a8daa872b.php(4): Illuminate\View\View->render()
#12 /home/runner/work/gestaodecustos/gestaodecustos/vendor/laravel/framework/src/Illuminate/Filesystem/Filesystem.php(123): require('...')
#13 /home/runner/work/gestaodecustos/gestaodecustos/vendor/laravel/framework/src/Illuminate/Filesystem/Filesystem.php(124): Illuminate\Filesystem\Filesystem::Illuminate\Filesystem\{closure}()
#14 /home/runner/work/gestaodecustos/gestaodecustos/vendor/laravel/framework/src/Illuminate/View/Engines/PhpEngine.php(57): Illuminate\Filesystem\Filesystem->getRequire()
#15 /home/runner/work/gestaodecustos/gestaodecustos/vendor/livewire/livewire/src/Mechanisms/ExtendBlade/ExtendedCompilerEngine.php(22): Illuminate\View\Engines\PhpEngine->evaluatePath()
#16 /home/runner/work/gestaodecustos/gestaodecustos/vendor/laravel/framework/src/Illuminate/View/Engines/CompilerEngine.php(76): Livewire\Mechanisms\ExtendBlade\ExtendedCompilerEngine->evaluatePath()
#17 /home/runner/work/gestaodecustos/gestaodecustos/vendor/livewire/livewire/src/Mechanisms/ExtendBlade/ExtendedCompilerEngine.php(10): Illuminate\View\Engines\CompilerEngine->get()
#18 /home/runner/work/gestaodecustos/gestaodecustos/vendor/laravel/framework/src/Illuminate/View/View.php(208): Livewire\Mechanisms\ExtendBlade\ExtendedCompilerEngine->get()
#19 /home/runner/work/gestaodecustos/gestaodecustos/vendor/laravel/framework/src/Illuminate/View/View.php(191): Illuminate\View\View->getContents()
#20 /home/runner/work/gestaodecustos/gestaodecustos/vendor/laravel/framework/src/Illuminate/View/View.php(160): Illuminate\View\View->renderContents()
#21 /home/runner/work/gestaodecustos/gestaodecustos/vendor/laravel/framework/src/Illuminate/View/Concerns/ManagesComponents.php(103): Illuminate\View\View->render()
#22 /home/runner/work/gestaodecustos/gestaodecustos/storage/framework/views/801a63c08bf77827db6b9098dadda79d.php(17): Illuminate\View\Factory->renderComponent()
#23 /home/runner/work/gestaodecustos/gestaodecustos/vendor/laravel/framework/src/Illuminate/Filesystem/Filesystem.php(123): require('...')
#24 /home/runner/work/gestaodecustos/gestaodecustos/vendor/laravel/framework/src/Illuminate/Filesystem/Filesystem.php(124): Illuminate\Filesystem\Filesystem::Illuminate\Filesystem\{closure}()
#25 /home/runner/work/gestaodecustos/gestaodecustos/vendor/laravel/framework/src/Illuminate/View/Engines/PhpEngine.php(57): Illuminate\Filesystem\Filesystem->getRequire()
#26 /home/runner/work/gestaodecustos/gestaodecustos/vendor/livewire/livewire/src/Mechanisms/ExtendBlade/ExtendedCompilerEngine.php(22): Illuminate\View\Engines\PhpEngine->evaluatePath()
#27 /home/runner/work/gestaodecustos/gestaodecustos/vendor/laravel/framework/src/Illuminate/View/Engines/CompilerEngine.php(76): Livewire\Mechanisms\ExtendBlade\ExtendedCompilerEngine->evaluatePath()
#28 /home/runner/work/gestaodecustos/gestaodecustos/vendor/livewire/livewire/src/Mechanisms/ExtendBlade/ExtendedCompilerEngine.php(10): Illuminate\View\Engines\CompilerEngine->get()
#29 /home/runner/work/gestaodecustos/gestaodecustos/vendor/laravel/framework/src/Illuminate/View/View.php(208): Livewire\Mechanisms\ExtendBlade\ExtendedCompilerEngine->get()
#30 /home/runner/work/gestaodecustos/gestaodecustos/vendor/laravel/framework/src/Illuminate/View/View.php(191): Illuminate\View\View->getContents()
#31 /home/runner/work/gestaodecustos/gestaodecustos/vendor/laravel/framework/src/Illuminate/View/View.php(160): Illuminate\View\View->renderContents()
#32 /home/runner/work/gestaodecustos/gestaodecustos/vendor/laravel/framework/src/Illuminate/View/Compilers/BladeCompiler.php(361): Illuminate\View\View->render()
#33 /home/runner/work/gestaodecustos/gestaodecustos/vendor/laravel/framework/src/Illuminate/Support/Facades/Facade.php(364): Illuminate\View\Compilers\BladeCompiler::render()
#34 /home/runner/work/gestaodecustos/gestaodecustos/vendor/livewire/livewire/src/Features/SupportPageComponents/SupportPageComponents.php(162): Illuminate\Support\Facades\Facade::__callStatic()
#35 /home/runner/work/gestaodecustos/gestaodecustos/vendor/livewire/livewire/src/Features/SupportPageComponents/HandlesPageComponents.php(26): Livewire\Features\SupportPageComponents\SupportPageComponents::renderContentsIntoLayout()
#36 /home/runner/work/gestaodecustos/gestaodecustos/vendor/laravel/framework/src/Illuminate/Container/BoundMethod.php(36): Livewire\Component->__invoke()
#37 /home/runner/work/gestaodecustos/gestaodecustos/vendor/laravel/framework/src/Illuminate/Container/Util.php(43): Illuminate\Container\BoundMethod::Illuminate\Container\{closure}()
#38 /home/runner/work/gestaodecustos/gestaodecustos/vendor/laravel/framework/src/Illuminate/Container/BoundMethod.php(96): Illuminate\Container\Util::unwrapIfClosure()
#39 /home/runner/work/gestaodecustos/gestaodecustos/vendor/laravel/framework/src/Illuminate/Container/BoundMethod.php(35): Illuminate\Container\BoundMethod::callBoundMethod()
#40 /home/runner/work/gestaodecustos/gestaodecustos/vendor/laravel/framework/src/Illuminate/Container/Container.php(803): Illuminate\Container\BoundMethod::call()
#41 /home/runner/work/gestaodecustos/gestaodecustos/vendor/livewire/volt/src/VoltManager.php(37): Illuminate\Container\Container->call()
#42 /home/runner/work/gestaodecustos/gestaodecustos/vendor/laravel/framework/src/Illuminate/Routing/CallableDispatcher.php(39): Livewire\Volt\VoltManager->Livewire\Volt\{closure}()
#43 /home/runner/work/gestaodecustos/gestaodecustos/vendor/laravel/framework/src/Illuminate/Routing/Route.php(254): Illuminate\Routing\CallableDispatcher->dispatch()
#44 /home/runner/work/gestaodecustos/gestaodecustos/vendor/laravel/framework/src/Illuminate/Routing/Route.php(219): Illuminate\Routing\Route->runCallable()
#45 /home/runner/work/gestaodecustos/gestaodecustos/vendor/laravel/framework/src/Illuminate/Routing/Router.php(822): Illuminate\Routing\Route->run()
#46 /home/runner/work/gestaodecustos/gestaodecustos/vendor/laravel/framework/src/Illuminate/Pipeline/Pipeline.php(180): Illuminate\Routing\Router->Illuminate\Routing\{closure}()
#47 /home/runner/work/gestaodecustos/gestaodecustos/vendor/laravel/framework/src/Illuminate/Auth/Middleware/RedirectIfAuthenticated.php(47): Illuminate\Pipeline\Pipeline->Illuminate\Pipeline\{closure}()
#48 /home/runner/work/gestaodecustos/gestaodecustos/vendor/laravel/framework/src/Illuminate/Pipeline/Pipeline.php(219): Illuminate\Auth\Middleware\RedirectIfAuthenticated->handle()
#49 /home/runner/work/gestaodecustos/gestaodecustos/app/Http/Middleware/ThrottleVerificationCode.php(27): Illuminate\Pipeline\Pipeline->Illuminate\Pipeline\{closure}()
#50 /home/runner/work/gestaodecustos/gestaodecustos/vendor/laravel/framework/src/Illuminate/Pipeline/Pipeline.php(219): App\Http\Middleware\ThrottleVerificationCode->handle()
#51 /home/runner/work/gestaodecustos/gestaodecustos/app/Http/Middleware/EnsureBusinessWorkspaceAccess.php(71): Illuminate\Pipeline\Pipeline->Illuminate\Pipeline\{closure}()
#52 /home/runner/work/gestaodecustos/gestaodecustos/vendor/laravel/framework/src/Illuminate/Pipeline/Pipeline.php(219): App\Http\Middleware\EnsureBusinessWorkspaceAccess->handle()
#53 /home/runner/work/gestaodecustos/gestaodecustos/app/Http/Middleware/EnsureImpersonationIsValid.php(20): Illuminate\Pipeline\Pipeline->Illuminate\Pipeline\{closure}()
#54 /home/runner/work/gestaodecustos/gestaodecustos/vendor/laravel/framework/src/Illuminate/Pipeline/Pipeline.php(219): App\Http\Middleware\EnsureImpersonationIsValid->handle()
#55 /home/runner/work/gestaodecustos/gestaodecustos/app/Http/Middleware/UpdateUserActivity.php(27): Illuminate\Pipeline\Pipeline->Illuminate\Pipeline\{closure}()
#56 /home/runner/work/gestaodecustos/gestaodecustos/vendor/laravel/framework/src/Illuminate/Pipeline/Pipeline.php(219): App\Http\Middleware\UpdateUserActivity->handle()
#57 /home/runner/work/gestaodecustos/gestaodecustos/app/Http/Middleware/CheckRegistrationStatus.php(25): Illuminate\Pipeline\Pipeline->Illuminate\Pipeline\{closure}()
#58 /home/runner/work/gestaodecustos/gestaodecustos/vendor/laravel/framework/src/Illuminate/Pipeline/Pipeline.php(219): App\Http\Middleware\CheckRegistrationStatus->handle()
#59 /home/runner/work/gestaodecustos/gestaodecustos/app/Http/Middleware/CheckMaintenanceMode.php(41): Illuminate\Pipeline\Pipeline->Illuminate\Pipeline\{closure}()
#60 /home/runner/work/gestaodecustos/gestaodecustos/vendor/laravel/framework/src/Illuminate/Pipeline/Pipeline.php(219): App\Http\Middleware\CheckMaintenanceMode->handle()
#61 /home/runner/work/gestaodecustos/gestaodecustos/app/Http/Middleware/SetLocale.php(30): Illuminate\Pipeline\Pipeline->Illuminate\Pipeline\{closure}()
#62 /home/runner/work/gestaodecustos/gestaodecustos/vendor/laravel/framework/src/Illuminate/Pipeline/Pipeline.php(219): App\Http\Middleware\SetLocale->handle()
#63 /home/runner/work/gestaodecustos/gestaodecustos/vendor/laravel/framework/src/Illuminate/Routing/Middleware/SubstituteBindings.php(52): Illuminate\Pipeline\Pipeline->Illuminate\Pipeline\{closure}()
#64 /home/runner/work/gestaodecustos/gestaodecustos/vendor/laravel/framework/src/Illuminate/Pipeline/Pipeline.php(219): Illuminate\Routing\Middleware\SubstituteBindings->handle()
#65 /home/runner/work/gestaodecustos/gestaodecustos/vendor/laravel/framework/src/Illuminate/Foundation/Http/Middleware/PreventRequestForgery.php(104): Illuminate\Pipeline\Pipeline->Illuminate\Pipeline\{closure}()
#66 /home/runner/work/gestaodecustos/gestaodecustos/vendor/laravel/framework/src/Illuminate/Pipeline/Pipeline.php(219): Illuminate\Foundation\Http\Middleware\PreventRequestForgery->handle()
#67 /home/runner/work/gestaodecustos/gestaodecustos/vendor/laravel/framework/src/Illuminate/View/Middleware/ShareErrorsFromSession.php(48): Illuminate\Pipeline\Pipeline->Illuminate\Pipeline\{closure}()
#68 /home/runner/work/gestaodecustos/gestaodecustos/vendor/laravel/framework/src/Illuminate/Pipeline/Pipeline.php(219): Illuminate\View\Middleware\ShareErrorsFromSession->handle()
#69 /home/runner/work/gestaodecustos/gestaodecustos/vendor/laravel/framework/src/Illuminate/Session/Middleware/StartSession.php(120): Illuminate\Pipeline\Pipeline->Illuminate\Pipeline\{closure}()
#70 /home/runner/work/gestaodecustos/gestaodecustos/vendor/laravel/framework/src/Illuminate/Session/Middleware/StartSession.php(63): Illuminate\Session\Middleware\StartSession->handleStatefulRequest()
#71 /home/runner/work/gestaodecustos/gestaodecustos/vendor/laravel/framework/src/Illuminate/Pipeline/Pipeline.php(219): Illuminate\Session\Middleware\StartSession->handle()
#72 /home/runner/work/gestaodecustos/gestaodecustos/vendor/laravel/framework/src/Illuminate/Cookie/Middleware/AddQueuedCookiesToResponse.php(36): Illuminate\Pipeline\Pipeline->Illuminate\Pipeline\{closure}()
#73 /home/runner/work/gestaodecustos/gestaodecustos/vendor/laravel/framework/src/Illuminate/Pipeline/Pipeline.php(219): Illuminate\Cookie\Middleware\AddQueuedCookiesToResponse->handle()
#74 /home/runner/work/gestaodecustos/gestaodecustos/vendor/laravel/framework/src/Illuminate/Cookie/Middleware/EncryptCookies.php(74): Illuminate\Pipeline\Pipeline->Illuminate\Pipeline\{closure}()
#75 /home/runner/work/gestaodecustos/gestaodecustos/vendor/laravel/framework/src/Illuminate/Pipeline/Pipeline.php(219): Illuminate\Cookie\Middleware\EncryptCookies->handle()
#76 /home/runner/work/gestaodecustos/gestaodecustos/vendor/laravel/framework/src/Illuminate/Pipeline/Pipeline.php(137): Illuminate\Pipeline\Pipeline->Illuminate\Pipeline\{closure}()
#77 /home/runner/work/gestaodecustos/gestaodecustos/vendor/laravel/framework/src/Illuminate/Routing/Router.php(821): Illuminate\Pipeline\Pipeline->then()
#78 /home/runner/work/gestaodecustos/gestaodecustos/vendor/laravel/framework/src/Illuminate/Routing/Router.php(800): Illuminate\Routing\Router->runRouteWithinStack()
#79 /home/runner/work/gestaodecustos/gestaodecustos/vendor/laravel/framework/src/Illuminate/Routing/Router.php(764): Illuminate\Routing\Router->runRoute()
#80 /home/runner/work/gestaodecustos/gestaodecustos/vendor/laravel/framework/src/Illuminate/Routing/Router.php(753): Illuminate\Routing\Router->dispatchToRoute()
#81 /home/runner/work/gestaodecustos/gestaodecustos/vendor/laravel/framework/src/Illuminate/Foundation/Http/Kernel.php(200): Illuminate\Routing\Router->dispatch()
#82 /home/runner/work/gestaodecustos/gestaodecustos/vendor/laravel/framework/src/Illuminate/Pipeline/Pipeline.php(180): Illuminate\Foundation\Http\Kernel->Illuminate\Foundation\Http\{closure}()
#83 /home/runner/work/gestaodecustos/gestaodecustos/vendor/livewire/livewire/src/Features/SupportDisablingBackButtonCache/DisableBackButtonCacheMiddleware.php(19): Illuminate\Pipeline\Pipeline->Illuminate\Pipeline\{closure}()
#84 /home/runner/work/gestaodecustos/gestaodecustos/vendor/laravel/framework/src/Illuminate/Pipeline/Pipeline.php(219): Livewire\Features\SupportDisablingBackButtonCache\DisableBackButtonCacheMiddleware->handle()
#85 /home/runner/work/gestaodecustos/gestaodecustos/vendor/laravel/framework/src/Illuminate/Foundation/Http/Middleware/TransformsRequest.php(21): Illuminate\Pipeline\Pipeline->Illuminate\Pipeline\{closure}()
#86 /home/runner/work/gestaodecustos/gestaodecustos/vendor/laravel/framework/src/Illuminate/Foundation/Http/Middleware/ConvertEmptyStringsToNull.php(31): Illuminate\Foundation\Http\Middleware\TransformsRequest->handle()
#87 /home/runner/work/gestaodecustos/gestaodecustos/vendor/laravel/framework/src/Illuminate/Pipeline/Pipeline.php(219): Illuminate\Foundation\Http\Middleware\ConvertEmptyStringsToNull->handle()
#88 /home/runner/work/gestaodecustos/gestaodecustos/vendor/laravel/framework/src/Illuminate/Foundation/Http/Middleware/TransformsRequest.php(21): Illuminate\Pipeline\Pipeline->Illuminate\Pipeline\{closure}()
#89 /home/runner/work/gestaodecustos/gestaodecustos/vendor/laravel/framework/src/Illuminate/Foundation/Http/Middleware/TrimStrings.php(51): Illuminate\Foundation\Http\Middleware\TransformsRequest->handle()
#90 /home/runner/work/gestaodecustos/gestaodecustos/vendor/laravel/framework/src/Illuminate/Pipeline/Pipeline.php(219): Illuminate\Foundation\Http\Middleware\TrimStrings->handle()
#91 /home/runner/work/gestaodecustos/gestaodecustos/vendor/laravel/framework/src/Illuminate/Http/Middleware/ValidatePostSize.php(27): Illuminate\Pipeline\Pipeline->Illuminate\Pipeline\{closure}()
#92 /home/runner/work/gestaodecustos/gestaodecustos/vendor/laravel/framework/src/Illuminate/Pipeline/Pipeline.php(219): Illuminate\Http\Middleware\ValidatePostSize->handle()
#93 /home/runner/work/gestaodecustos/gestaodecustos/vendor/laravel/framework/src/Illuminate/Foundation/Http/Middleware/PreventRequestsDuringMaintenance.php(110): Illuminate\Pipeline\Pipeline->Illuminate\Pipeline\{closure}()
#94 /home/runner/work/gestaodecustos/gestaodecustos/vendor/laravel/framework/src/Illuminate/Pipeline/Pipeline.php(219): Illuminate\Foundation\Http\Middleware\PreventRequestsDuringMaintenance->handle()
#95 /home/runner/work/gestaodecustos/gestaodecustos/vendor/laravel/framework/src/Illuminate/Http/Middleware/HandleCors.php(61): Illuminate\Pipeline\Pipeline->Illuminate\Pipeline\{closure}()
#96 /home/runner/work/gestaodecustos/gestaodecustos/vendor/laravel/framework/src/Illuminate/Pipeline/Pipeline.php(219): Illuminate\Http\Middleware\HandleCors->handle()
#97 /home/runner/work/gestaodecustos/gestaodecustos/vendor/laravel/framework/src/Illuminate/Http/Middleware/TrustProxies.php(58): Illuminate\Pipeline\Pipeline->Illuminate\Pipeline\{closure}()
#98 /home/runner/work/gestaodecustos/gestaodecustos/vendor/laravel/framework/src/Illuminate/Pipeline/Pipeline.php(219): Illuminate\Http\Middleware\TrustProxies->handle()
#99 /home/runner/work/gestaodecustos/gestaodecustos/vendor/laravel/framework/src/Illuminate/Foundation/Http/Middleware/InvokeDeferredCallbacks.php(22): Illuminate\Pipeline\Pipeline->Illuminate\Pipeline\{closure}()
#100 /home/runner/work/gestaodecustos/gestaodecustos/vendor/laravel/framework/src/Illuminate/Pipeline/Pipeline.php(219): Illuminate\Foundation\Http\Middleware\InvokeDeferredCallbacks->handle()
#101 /home/runner/work/gestaodecustos/gestaodecustos/vendor/laravel/framework/src/Illuminate/Http/Middleware/ValidatePathEncoding.php(28): Illuminate\Pipeline\Pipeline->Illuminate\Pipeline\{closure}()
#102 /home/runner/work/gestaodecustos/gestaodecustos/vendor/laravel/framework/src/Illuminate/Pipeline/Pipeline.php(219): Illuminate\Http\Middleware\ValidatePathEncoding->handle()
#103 /home/runner/work/gestaodecustos/gestaodecustos/vendor/laravel/framework/src/Illuminate/Pipeline/Pipeline.php(137): Illuminate\Pipeline\Pipeline->Illuminate\Pipeline\{closure}()
#104 /home/runner/work/gestaodecustos/gestaodecustos/vendor/laravel/framework/src/Illuminate/Foundation/Http/Kernel.php(175): Illuminate\Pipeline\Pipeline->then()
#105 /home/runner/work/gestaodecustos/gestaodecustos/vendor/laravel/framework/src/Illuminate/Foundation/Http/Kernel.php(144): Illuminate\Foundation\Http\Kernel->sendRequestThroughRouter()
#106 /home/runner/work/gestaodecustos/gestaodecustos/vendor/laravel/framework/src/Illuminate/Foundation/Testing/Concerns/MakesHttpRequests.php(638): Illuminate\Foundation\Http\Kernel->handle()
#107 /home/runner/work/gestaodecustos/gestaodecustos/vendor/laravel/framework/src/Illuminate/Foundation/Testing/Concerns/MakesHttpRequests.php(368): Illuminate\Foundation\Testing\TestCase->call()
#108 /home/runner/work/gestaodecustos/gestaodecustos/tests/Feature/Auth/AuthenticationTest.php(7): Illuminate\Foundation\Testing\TestCase->get()
#109 /home/runner/work/gestaodecustos/gestaodecustos/vendor/pestphp/pest/src/Factories/TestCaseMethodFactory.php(177): P\Tests\Feature\Auth\AuthenticationTest->{closure}()
#110 [internal function]: P\Tests\Feature\Auth\AuthenticationTest->Pest\Factories\{closure}()
#111 /home/runner/work/gestaodecustos/gestaodecustos/vendor/pestphp/pest/src/Concerns/Testable.php(514): call_user_func_array()
#112 /home/runner/work/gestaodecustos/gestaodecustos/vendor/pestphp/pest/src/Support/ExceptionTrace.php(26): P\Tests\Feature\Auth\AuthenticationTest->Pest\Concerns\{closure}()
#113 /home/runner/work/gestaodecustos/gestaodecustos/vendor/pestphp/pest/src/Concerns/Testable.php(514): Pest\Support\ExceptionTrace::ensure()
#114 /home/runner/work/gestaodecustos/gestaodecustos/vendor/pestphp/pest/src/Concerns/Testable.php(336): P\Tests\Feature\Auth\AuthenticationTest->__callClosure()
#115 /home/runner/work/gestaodecustos/gestaodecustos/vendor/pestphp/pest/src/Factories/TestCaseFactory.php(179) : eval()'d code(22): P\Tests\Feature\Auth\AuthenticationTest->__runTest()
#116 /home/runner/work/gestaodecustos/gestaodecustos/vendor/phpunit/phpunit/src/Framework/TestCase.php(1318): P\Tests\Feature\Auth\AuthenticationTest->__pest_evaluable_login_screen_can_be_rendered()
#117 /home/runner/work/gestaodecustos/gestaodecustos/vendor/phpunit/phpunit/src/Framework/TestCase.php(1355): PHPUnit\Framework\TestCase->invokeTestMethod()
#118 /home/runner/work/gestaodecustos/gestaodecustos/vendor/phpunit/phpunit/src/Framework/TestCase.php(521): PHPUnit\Framework\TestCase->runTest()
#119 /home/runner/work/gestaodecustos/gestaodecustos/vendor/phpunit/phpunit/src/Framework/TestRunner/TestRunner.php(99): PHPUnit\Framework\TestCase->runBare()
#120 /home/runner/work/gestaodecustos/gestaodecustos/vendor/phpunit/phpunit/src/Framework/TestCase.php(361): PHPUnit\Framework\TestRunner->run()
#121 /home/runner/work/gestaodecustos/gestaodecustos/vendor/phpunit/phpunit/src/Framework/TestSuite.php(374): PHPUnit\Framework\TestCase->run()
#122 /home/runner/work/gestaodecustos/gestaodecustos/vendor/phpunit/phpunit/src/Framework/TestSuite.php(374): PHPUnit\Framework\TestSuite->run()
#123 /home/runner/work/gestaodecustos/gestaodecustos/vendor/phpunit/phpunit/src/Framework/TestSuite.php(374): PHPUnit\Framework\TestSuite->run()
#124 /home/runner/work/gestaodecustos/gestaodecustos/vendor/phpunit/phpunit/src/TextUI/TestRunner.php(64): PHPUnit\Framework\TestSuite->run()
#125 /home/runner/work/gestaodecustos/gestaodecustos/vendor/phpunit/phpunit/src/TextUI/Application.php(229): PHPUnit\TextUI\TestRunner->run()
#126 /home/runner/work/gestaodecustos/gestaodecustos/vendor/pestphp/pest/src/Kernel.php(103): PHPUnit\TextUI\Application->run()
#127 /home/runner/work/gestaodecustos/gestaodecustos/vendor/pestphp/pest/bin/pest(196): Pest\Kernel->handle()
#128 /home/runner/work/gestaodecustos/gestaodecustos/vendor/pestphp/pest/bin/pest(204): {closure}()
#129 /home/runner/work/gestaodecustos/gestaodecustos/vendor/bin/pest(119): include('...')
#130 {main}

Next Illuminate\View\ViewException: Unable to locate file in Vite manifest: resources/js/modal-controls.js. (View: /home/runner/work/gestaodecustos/gestaodecustos/resources/views/partials/head.blade.php) in /home/runner/work/gestaodecustos/gestaodecustos/vendor/laravel/framework/src/Illuminate/Foundation/Vite.php:1042
Stack trace:
#0 /home/runner/work/gestaodecustos/gestaodecustos/vendor/livewire/livewire/src/Mechanisms/ExtendBlade/ExtendedCompilerEngine.php(58): Illuminate\View\Engines\CompilerEngine->handleViewException()
#1 /home/runner/work/gestaodecustos/gestaodecustos/vendor/laravel/framework/src/Illuminate/View/Engines/PhpEngine.php(59): Livewire\Mechanisms\ExtendBlade\ExtendedCompilerEngine->handleViewException()
#2 /home/runner/work/gestaodecustos/gestaodecustos/vendor/livewire/livewire/src/Mechanisms/ExtendBlade/ExtendedCompilerEngine.php(22): Illuminate\View\Engines\PhpEngine->evaluatePath()
#3 /home/runner/work/gestaodecustos/gestaodecustos/vendor/laravel/framework/src/Illuminate/View/Engines/CompilerEngine.php(76): Livewire\Mechanisms\ExtendBlade\ExtendedCompilerEngine->evaluatePath()
#4 /home/runner/work/gestaodecustos/gestaodecustos/vendor/livewire/livewire/src/Mechanisms/ExtendBlade/ExtendedCompilerEngine.php(10): Illuminate\View\Engines\CompilerEngine->get()
#5 /home/runner/work/gestaodecustos/gestaodecustos/vendor/laravel/framework/src/Illuminate/View/View.php(208): Livewire\Mechanisms\ExtendBlade\ExtendedCompilerEngine->get()
#6 /home/runner/work/gestaodecustos/gestaodecustos/vendor/laravel/framework/src/Illuminate/View/View.php(191): Illuminate\View\View->getContents()
#7 /home/runner/work/gestaodecustos/gestaodecustos/vendor/laravel/framework/src/Illuminate/View/View.php(160): Illuminate\View\View->renderContents()
#8 /home/runner/work/gestaodecustos/gestaodecustos/storage/framework/views/e9c544d635a96333d9899e7a8daa872b.php(4): Illuminate\View\View->render()
#9 /home/runner/work/gestaodecustos/gestaodecustos/vendor/laravel/framework/src/Illuminate/Filesystem/Filesystem.php(123): require('...')
#10 /home/runner/work/gestaodecustos/gestaodecustos/vendor/laravel/framework/src/Illuminate/Filesystem/Filesystem.php(124): Illuminate\Filesystem\Filesystem::Illuminate\Filesystem\{closure}()
#11 /home/runner/work/gestaodecustos/gestaodecustos/vendor/laravel/framework/src/Illuminate/View/Engines/PhpEngine.php(57): Illuminate\Filesystem\Filesystem->getRequire()
#12 /home/runner/work/gestaodecustos/gestaodecustos/vendor/livewire/livewire/src/Mechanisms/ExtendBlade/ExtendedCompilerEngine.php(22): Illuminate\View\Engines\PhpEngine->evaluatePath()
#13 /home/runner/work/gestaodecustos/gestaodecustos/vendor/laravel/framework/src/Illuminate/View/Engines/CompilerEngine.php(76): Livewire\Mechanisms\ExtendBlade\ExtendedCompilerEngine->evaluatePath()
#14 /home/runner/work/gestaodecustos/gestaodecustos/vendor/livewire/livewire/src/Mechanisms/ExtendBlade/ExtendedCompilerEngine.php(10): Illuminate\View\Engines\CompilerEngine->get()
#15 /home/runner/work/gestaodecustos/gestaodecustos/vendor/laravel/framework/src/Illuminate/View/View.php(208): Livewire\Mechanisms\ExtendBlade\ExtendedCompilerEngine->get()
#16 /home/runner/work/gestaodecustos/gestaodecustos/vendor/laravel/framework/src/Illuminate/View/View.php(191): Illuminate\View\View->getContents()
#17 /home/runner/work/gestaodecustos/gestaodecustos/vendor/laravel/framework/src/Illuminate/View/View.php(160): Illuminate\View\View->renderContents()
#18 /home/runner/work/gestaodecustos/gestaodecustos/vendor/laravel/framework/src/Illuminate/View/Concerns/ManagesComponents.php(103): Illuminate\View\View->render()
#19 /home/runner/work/gestaodecustos/gestaodecustos/storage/framework/views/801a63c08bf77827db6b9098dadda79d.php(17): Illuminate\View\Factory->renderComponent()
#20 /home/runner/work/gestaodecustos/gestaodecustos/vendor/laravel/framework/src/Illuminate/Filesystem/Filesystem.php(123): require('...')
#21 /home/runner/work/gestaodecustos/gestaodecustos/vendor/laravel/framework/src/Illuminate/Filesystem/Filesystem.php(124): Illuminate\Filesystem\Filesystem::Illuminate\Filesystem\{closure}()
#22 /home/runner/work/gestaodecustos/gestaodecustos/vendor/laravel/framework/src/Illuminate/View/Engines/PhpEngine.php(57): Illuminate\Filesystem\Filesystem->getRequire()
#23 /home/runner/work/gestaodecustos/gestaodecustos/vendor/livewire/livewire/src/Mechanisms/ExtendBlade/ExtendedCompilerEngine.php(22): Illuminate\View\Engines\PhpEngine->evaluatePath()
#24 /home/runner/work/gestaodecustos/gestaodecustos/vendor/laravel/framework/src/Illuminate/View/Engines/CompilerEngine.php(76): Livewire\Mechanisms\ExtendBlade\ExtendedCompilerEngine->evaluatePath()
#25 /home/runner/work/gestaodecustos/gestaodecustos/vendor/livewire/livewire/src/Mechanisms/ExtendBlade/ExtendedCompilerEngine.php(10): Illuminate\View\Engines\CompilerEngine->get()
#26 /home/runner/work/gestaodecustos/gestaodecustos/vendor/laravel/framework/src/Illuminate/View/View.php(208): Livewire\Mechanisms\ExtendBlade\ExtendedCompilerEngine->get()
#27 /home/runner/work/gestaodecustos/gestaodecustos/vendor/laravel/framework/src/Illuminate/View/View.php(191): Illuminate\View\View->getContents()
#28 /home/runner/work/gestaodecustos/gestaodecustos/vendor/laravel/framework/src/Illuminate/View/View.php(160): Illuminate\View\View->renderContents()
#29 /home/runner/work/gestaodecustos/gestaodecustos/vendor/laravel/framework/src/Illuminate/View/Compilers/BladeCompiler.php(361): Illuminate\View\View->render()
#30 /home/runner/work/gestaodecustos/gestaodecustos/vendor/laravel/framework/src/Illuminate/Support/Facades/Facade.php(364): Illuminate\View\Compilers\BladeCompiler::render()
#31 /home/runner/work/gestaodecustos/gestaodecustos/vendor/livewire/livewire/src/Features/SupportPageComponents/SupportPageComponents.php(162): Illuminate\Support\Facades\Facade::__callStatic()
#32 /home/runner/work/gestaodecustos/gestaodecustos/vendor/livewire/livewire/src/Features/SupportPageComponents/HandlesPageComponents.php(26): Livewire\Features\SupportPageComponents\SupportPageComponents::renderContentsIntoLayout()
#33 /home/runner/work/gestaodecustos/gestaodecustos/vendor/laravel/framework/src/Illuminate/Container/BoundMethod.php(36): Livewire\Component->__invoke()
#34 /home/runner/work/gestaodecustos/gestaodecustos/vendor/laravel/framework/src/Illuminate/Container/Util.php(43): Illuminate\Container\BoundMethod::Illuminate\Container\{closure}()
#35 /home/runner/work/gestaodecustos/gestaodecustos/vendor/laravel/framework/src/Illuminate/Container/BoundMethod.php(96): Illuminate\Container\Util::unwrapIfClosure()
#36 /home/runner/work/gestaodecustos/gestaodecustos/vendor/laravel/framework/src/Illuminate/Container/BoundMethod.php(35): Illuminate\Container\BoundMethod::callBoundMethod()
#37 /home/runner/work/gestaodecustos/gestaodecustos/vendor/laravel/framework/src/Illuminate/Container/Container.php(803): Illuminate\Container\BoundMethod::call()
#38 /home/runner/work/gestaodecustos/gestaodecustos/vendor/livewire/volt/src/VoltManager.php(37): Illuminate\Container\Container->call()
#39 /home/runner/work/gestaodecustos/gestaodecustos/vendor/laravel/framework/src/Illuminate/Routing/CallableDispatcher.php(39): Livewire\Volt\VoltManager->Livewire\Volt\{closure}()
#40 /home/runner/work/gestaodecustos/gestaodecustos/vendor/laravel/framework/src/Illuminate/Routing/Route.php(254): Illuminate\Routing\CallableDispatcher->dispatch()
#41 /home/runner/work/gestaodecustos/gestaodecustos/vendor/laravel/framework/src/Illuminate/Routing/Route.php(219): Illuminate\Routing\Route->runCallable()
#42 /home/runner/work/gestaodecustos/gestaodecustos/vendor/laravel/framework/src/Illuminate/Routing/Router.php(822): Illuminate\Routing\Route->run()
#43 /home/runner/work/gestaodecustos/gestaodecustos/vendor/laravel/framework/src/Illuminate/Pipeline/Pipeline.php(180): Illuminate\Routing\Router->Illuminate\Routing\{closure}()
#44 /home/runner/work/gestaodecustos/gestaodecustos/vendor/laravel/framework/src/Illuminate/Auth/Middleware/RedirectIfAuthenticated.php(47): Illuminate\Pipeline\Pipeline->Illuminate\Pipeline\{closure}()
#45 /home/runner/work/gestaodecustos/gestaodecustos/vendor/laravel/framework/src/Illuminate/Pipeline/Pipeline.php(219): Illuminate\Auth\Middleware\RedirectIfAuthenticated->handle()
#46 /home/runner/work/gestaodecustos/gestaodecustos/app/Http/Middleware/ThrottleVerificationCode.php(27): Illuminate\Pipeline\Pipeline->Illuminate\Pipeline\{closure}()
#47 /home/runner/work/gestaodecustos/gestaodecustos/vendor/laravel/framework/src/Illuminate/Pipeline/Pipeline.php(219): App\Http\Middleware\ThrottleVerificationCode->handle()
#48 /home/runner/work/gestaodecustos/gestaodecustos/app/Http/Middleware/EnsureBusinessWorkspaceAccess.php(71): Illuminate\Pipeline\Pipeline->Illuminate\Pipeline\{closure}()
#49 /home/runner/work/gestaodecustos/gestaodecustos/vendor/laravel/framework/src/Illuminate/Pipeline/Pipeline.php(219): App\Http\Middleware\EnsureBusinessWorkspaceAccess->handle()
#50 /home/runner/work/gestaodecustos/gestaodecustos/app/Http/Middleware/EnsureImpersonationIsValid.php(20): Illuminate\Pipeline\Pipeline->Illuminate\Pipeline\{closure}()
#51 /home/runner/work/gestaodecustos/gestaodecustos/vendor/laravel/framework/src/Illuminate/Pipeline/Pipeline.php(219): App\Http\Middleware\EnsureImpersonationIsValid->handle()
#52 /home/runner/work/gestaodecustos/gestaodecustos/app/Http/Middleware/UpdateUserActivity.php(27): Illuminate\Pipeline\Pipeline->Illuminate\Pipeline\{closure}()
#53 /home/runner/work/gestaodecustos/gestaodecustos/vendor/laravel/framework/src/Illuminate/Pipeline/Pipeline.php(219): App\Http\Middleware\UpdateUserActivity->handle()
#54 /home/runner/work/gestaodecustos/gestaodecustos/app/Http/Middleware/CheckRegistrationStatus.php(25): Illuminate\Pipeline\Pipeline->Illuminate\Pipeline\{closure}()
#55 /home/runner/work/gestaodecustos/gestaodecustos/vendor/laravel/framework/src/Illuminate/Pipeline/Pipeline.php(219): App\Http\Middleware\CheckRegistrationStatus->handle()
#56 /home/runner/work/gestaodecustos/gestaodecustos/app/Http/Middleware/CheckMaintenanceMode.php(41): Illuminate\Pipeline\Pipeline->Illuminate\Pipeline\{closure}()
#57 /home/runner/work/gestaodecustos/gestaodecustos/vendor/laravel/framework/src/Illuminate/Pipeline/Pipeline.php(219): App\Http\Middleware\CheckMaintenanceMode->handle()
#58 /home/runner/work/gestaodecustos/gestaodecustos/app/Http/Middleware/SetLocale.php(30): Illuminate\Pipeline\Pipeline->Illuminate\Pipeline\{closure}()
#59 /home/runner/work/gestaodecustos/gestaodecustos/vendor/laravel/framework/src/Illuminate/Pipeline/Pipeline.php(219): App\Http\Middleware\SetLocale->handle()
#60 /home/runner/work/gestaodecustos/gestaodecustos/vendor/laravel/framework/src/Illuminate/Routing/Middleware/SubstituteBindings.php(52): Illuminate\Pipeline\Pipeline->Illuminate\Pipeline\{closure}()
#61 /home/runner/work/gestaodecustos/gestaodecustos/vendor/laravel/framework/src/Illuminate/Pipeline/Pipeline.php(219): Illuminate\Routing\Middleware\SubstituteBindings->handle()
#62 /home/runner/work/gestaodecustos/gestaodecustos/vendor/laravel/framework/src/Illuminate/Foundation/Http/Middleware/PreventRequestForgery.php(104): Illuminate\Pipeline\Pipeline->Illuminate\Pipeline\{closure}()
#63 /home/runner/work/gestaodecustos/gestaodecustos/vendor/laravel/framework/src/Illuminate/Pipeline/Pipeline.php(219): Illuminate\Foundation\Http\Middleware\PreventRequestForgery->handle()
#64 /home/runner/work/gestaodecustos/gestaodecustos/vendor/laravel/framework/src/Illuminate/View/Middleware/ShareErrorsFromSession.php(48): Illuminate\Pipeline\Pipeline->Illuminate\Pipeline\{closure}()
#65 /home/runner/work/gestaodecustos/gestaodecustos/vendor/laravel/framework/src/Illuminate/Pipeline/Pipeline.php(219): Illuminate\View\Middleware\ShareErrorsFromSession->handle()
#66 /home/runner/work/gestaodecustos/gestaodecustos/vendor/laravel/framework/src/Illuminate/Session/Middleware/StartSession.php(120): Illuminate\Pipeline\Pipeline->Illuminate\Pipeline\{closure}()
#67 /home/runner/work/gestaodecustos/gestaodecustos/vendor/laravel/framework/src/Illuminate/Session/Middleware/StartSession.php(63): Illuminate\Session\Middleware\StartSession->handleStatefulRequest()
#68 /home/runner/work/gestaodecustos/gestaodecustos/vendor/laravel/framework/src/Illuminate/Pipeline/Pipeline.php(219): Illuminate\Session\Middleware\StartSession->handle()
#69 /home/runner/work/gestaodecustos/gestaodecustos/vendor/laravel/framework/src/Illuminate/Cookie/Middleware/AddQueuedCookiesToResponse.php(36): Illuminate\Pipeline\Pipeline->Illuminate\Pipeline\{closure}()
#70 /home/runner/work/gestaodecustos/gestaodecustos/vendor/laravel/framework/src/Illuminate/Pipeline/Pipeline.php(219): Illuminate\Cookie\Middleware\AddQueuedCookiesToResponse->handle()
#71 /home/runner/work/gestaodecustos/gestaodecustos/vendor/laravel/framework/src/Illuminate/Cookie/Middleware/EncryptCookies.php(74): Illuminate\Pipeline\Pipeline->Illuminate\Pipeline\{closure}()
#72 /home/runner/work/gestaodecustos/gestaodecustos/vendor/laravel/framework/src/Illuminate/Pipeline/Pipeline.php(219): Illuminate\Cookie\Middleware\EncryptCookies->handle()
#73 /home/runner/work/gestaodecustos/gestaodecustos/vendor/laravel/framework/src/Illuminate/Pipeline/Pipeline.php(137): Illuminate\Pipeline\Pipeline->Illuminate\Pipeline\{closure}()
#74 /home/runner/work/gestaodecustos/gestaodecustos/vendor/laravel/framework/src/Illuminate/Routing/Router.php(821): Illuminate\Pipeline\Pipeline->then()
#75 /home/runner/work/gestaodecustos/gestaodecustos/vendor/laravel/framework/src/Illuminate/Routing/Router.php(800): Illuminate\Routing\Router->runRouteWithinStack()
#76 /home/runner/work/gestaodecustos/gestaodecustos/vendor/laravel/framework/src/Illuminate/Routing/Router.php(764): Illuminate\Routing\Router->runRoute()
#77 /home/runner/work/gestaodecustos/gestaodecustos/vendor/laravel/framework/src/Illuminate/Routing/Router.php(753): Illuminate\Routing\Router->dispatchToRoute()
#78 /home/runner/work/gestaodecustos/gestaodecustos/vendor/laravel/framework/src/Illuminate/Foundation/Http/Kernel.php(200): Illuminate\Routing\Router->dispatch()
#79 /home/runner/work/gestaodecustos/gestaodecustos/vendor/laravel/framework/src/Illuminate/Pipeline/Pipeline.php(180): Illuminate\Foundation\Http\Kernel->Illuminate\Foundation\Http\{closure}()
#80 /home/runner/work/gestaodecustos/gestaodecustos/vendor/livewire/livewire/src/Features/SupportDisablingBackButtonCache/DisableBackButtonCacheMiddleware.php(19): Illuminate\Pipeline\Pipeline->Illuminate\Pipeline\{closure}()
#81 /home/runner/work/gestaodecustos/gestaodecustos/vendor/laravel/framework/src/Illuminate/Pipeline/Pipeline.php(219): Livewire\Features\SupportDisablingBackButtonCache\DisableBackButtonCacheMiddleware->handle()
#82 /home/runner/work/gestaodecustos/gestaodecustos/vendor/laravel/framework/src/Illuminate/Foundation/Http/Middleware/TransformsRequest.php(21): Illuminate\Pipeline\Pipeline->Illuminate\Pipeline\{closure}()
#83 /home/runner/work/gestaodecustos/gestaodecustos/vendor/laravel/framework/src/Illuminate/Foundation/Http/Middleware/ConvertEmptyStringsToNull.php(31): Illuminate\Foundation\Http\Middleware\TransformsRequest->handle()
#84 /home/runner/work/gestaodecustos/gestaodecustos/vendor/laravel/framework/src/Illuminate/Pipeline/Pipeline.php(219): Illuminate\Foundation\Http\Middleware\ConvertEmptyStringsToNull->handle()
#85 /home/runner/work/gestaodecustos/gestaodecustos/vendor/laravel/framework/src/Illuminate/Foundation/Http/Middleware/TransformsRequest.php(21): Illuminate\Pipeline\Pipeline->Illuminate\Pipeline\{closure}()
#86 /home/runner/work/gestaodecustos/gestaodecustos/vendor/laravel/framework/src/Illuminate/Foundation/Http/Middleware/TrimStrings.php(51): Illuminate\Foundation\Http\Middleware\TransformsRequest->handle()
#87 /home/runner/work/gestaodecustos/gestaodecustos/vendor/laravel/framework/src/Illuminate/Pipeline/Pipeline.php(219): Illuminate\Foundation\Http\Middleware\TrimStrings->handle()
#88 /home/runner/work/gestaodecustos/gestaodecustos/vendor/laravel/framework/src/Illuminate/Http/Middleware/ValidatePostSize.php(27): Illuminate\Pipeline\Pipeline->Illuminate\Pipeline\{closure}()
#89 /home/runner/work/gestaodecustos/gestaodecustos/vendor/laravel/framework/src/Illuminate/Pipeline/Pipeline.php(219): Illuminate\Http\Middleware\ValidatePostSize->handle()
#90 /home/runner/work/gestaodecustos/gestaodecustos/vendor/laravel/framework/src/Illuminate/Foundation/Http/Middleware/PreventRequestsDuringMaintenance.php(110): Illuminate\Pipeline\Pipeline->Illuminate\Pipeline\{closure}()
#91 /home/runner/work/gestaodecustos/gestaodecustos/vendor/laravel/framework/src/Illuminate/Pipeline/Pipeline.php(219): Illuminate\Foundation\Http\Middleware\PreventRequestsDuringMaintenance->handle()
#92 /home/runner/work/gestaodecustos/gestaodecustos/vendor/laravel/framework/src/Illuminate/Http/Middleware/HandleCors.php(61): Illuminate\Pipeline\Pipeline->Illuminate\Pipeline\{closure}()
#93 /home/runner/work/gestaodecustos/gestaodecustos/vendor/laravel/framework/src/Illuminate/Pipeline/Pipeline.php(219): Illuminate\Http\Middleware\HandleCors->handle()
#94 /home/runner/work/gestaodecustos/gestaodecustos/vendor/laravel/framework/src/Illuminate/Http/Middleware/TrustProxies.php(58): Illuminate\Pipeline\Pipeline->Illuminate\Pipeline\{closure}()
#95 /home/runner/work/gestaodecustos/gestaodecustos/vendor/laravel/framework/src/Illuminate/Pipeline/Pipeline.php(219): Illuminate\Http\Middleware\TrustProxies->handle()
#96 /home/runner/work/gestaodecustos/gestaodecustos/vendor/laravel/framework/src/Illuminate/Foundation/Http/Middleware/InvokeDeferredCallbacks.php(22): Illuminate\Pipeline\Pipeline->Illuminate\Pipeline\{closure}()
#97 /home/runner/work/gestaodecustos/gestaodecustos/vendor/laravel/framework/src/Illuminate/Pipeline/Pipeline.php(219): Illuminate\Foundation\Http\Middleware\InvokeDeferredCallbacks->handle()
#98 /home/runner/work/gestaodecustos/gestaodecustos/vendor/laravel/framework/src/Illuminate/Http/Middleware/ValidatePathEncoding.php(28): Illuminate\Pipeline\Pipeline->Illuminate\Pipeline\{closure}()
#99 /home/runner/work/gestaodecustos/gestaodecustos/vendor/laravel/framework/src/Illuminate/Pipeline/Pipeline.php(219): Illuminate\Http\Middleware\ValidatePathEncoding->handle()
#100 /home/runner/work/gestaodecustos/gestaodecustos/vendor/laravel/framework/src/Illuminate/Pipeline/Pipeline.php(137): Illuminate\Pipeline\Pipeline->Illuminate\Pipeline\{closure}()
#101 /home/runner/work/gestaodecustos/gestaodecustos/vendor/laravel/framework/src/Illuminate/Foundation/Http/Kernel.php(175): Illuminate\Pipeline\Pipeline->then()
#102 /home/runner/work/gestaodecustos/gestaodecustos/vendor/laravel/framework/src/Illuminate/Foundation/Http/Kernel.php(144): Illuminate\Foundation\Http\Kernel->sendRequestThroughRouter()
#103 /home/runner/work/gestaodecustos/gestaodecustos/vendor/laravel/framework/src/Illuminate/Foundation/Testing/Concerns/MakesHttpRequests.php(638): Illuminate\Foundation\Http\Kernel->handle()
#104 /home/runner/work/gestaodecustos/gestaodecustos/vendor/laravel/framework/src/Illuminate/Foundation/Testing/Concerns/MakesHttpRequests.php(368): Illuminate\Foundation\Testing\TestCase->call()
#105 /home/runner/work/gestaodecustos/gestaodecustos/tests/Feature/Auth/AuthenticationTest.php(7): Illuminate\Foundation\Testing\TestCase->get()
#106 /home/runner/work/gestaodecustos/gestaodecustos/vendor/pestphp/pest/src/Factories/TestCaseMethodFactory.php(177): P\Tests\Feature\Auth\AuthenticationTest->{closure}()
#107 [internal function]: P\Tests\Feature\Auth\AuthenticationTest->Pest\Factories\{closure}()
#108 /home/runner/work/gestaodecustos/gestaodecustos/vendor/pestphp/pest/src/Concerns/Testable.php(514): call_user_func_array()
#109 /home/runner/work/gestaodecustos/gestaodecustos/vendor/pestphp/pest/src/Support/ExceptionTrace.php(26): P\Tests\Feature\Auth\AuthenticationTest->Pest\Concerns\{closure}()
#110 /home/runner/work/gestaodecustos/gestaodecustos/vendor/pestphp/pest/src/Concerns/Testable.php(514): Pest\Support\ExceptionTrace::ensure()
#111 /home/runner/work/gestaodecustos/gestaodecustos/vendor/pestphp/pest/src/Concerns/Testable.php(336): P\Tests\Feature\Auth\AuthenticationTest->__callClosure()
#112 /home/runner/work/gestaodecustos/gestaodecustos/vendor/pestphp/pest/src/Factories/TestCaseFactory.php(179) : eval()'d code(22): P\Tests\Feature\Auth\AuthenticationTest->__runTest()
#113 /home/runner/work/gestaodecustos/gestaodecustos/vendor/phpunit/phpunit/src/Framework/TestCase.php(1318): P\Tests\Feature\Auth\AuthenticationTest->__pest_evaluable_login_screen_can_be_rendered()
#114 /home/runner/work/gestaodecustos/gestaodecustos/vendor/phpunit/phpunit/src/Framework/TestCase.php(1355): PHPUnit\Framework\TestCase->invokeTestMethod()
#115 /home/runner/work/gestaodecustos/gestaodecustos/vendor/phpunit/phpunit/src/Framework/TestCase.php(521): PHPUnit\Framework\TestCase->runTest()
#116 /home/runner/work/gestaodecustos/gestaodecustos/vendor/phpunit/phpunit/src/Framework/TestRunner/TestRunner.php(99): PHPUnit\Framework\TestCase->runBare()
#117 /home/runner/work/gestaodecustos/gestaodecustos/vendor/phpunit/phpunit/src/Framework/TestCase.php(361): PHPUnit\Framework\TestRunner->run()
#118 /home/runner/work/gestaodecustos/gestaodecustos/vendor/phpunit/phpunit/src/Framework/TestSuite.php(374): PHPUnit\Framework\TestCase->run()
#119 /home/runner/work/gestaodecustos/gestaodecustos/vendor/phpunit/phpunit/src/Framework/TestSuite.php(374): PHPUnit\Framework\TestSuite->run()
#120 /home/runner/work/gestaodecustos/gestaodecustos/vendor/phpunit/phpunit/src/Framework/TestSuite.php(374): PHPUnit\Framework\TestSuite->run()
#121 /home/runner/work/gestaodecustos/gestaodecustos/vendor/phpunit/phpunit/src/TextUI/TestRunner.php(64): PHPUnit\Framework\TestSuite->run()
#122 /home/runner/work/gestaodecustos/gestaodecustos/vendor/phpunit/phpunit/src/TextUI/Application.php(229): PHPUnit\TextUI\TestRunner->run()
#123 /home/runner/work/gestaodecustos/gestaodecustos/vendor/pestphp/pest/src/Kernel.php(103): PHPUnit\TextUI\Application->run()
#124 /home/runner/work/gestaodecustos/gestaodecustos/vendor/pestphp/pest/bin/pest(196): Pest\Kernel->handle()
#125 /home/runner/work/gestaodecustos/gestaodecustos/vendor/pestphp/pest/bin/pest(204): {closure}()
#126 /home/runner/work/gestaodecustos/gestaodecustos/vendor/bin/pest(119): include('...')
#127 {main}

Next Illuminate\View\ViewException: Unable to locate file in Vite manifest: resources/js/modal-controls.js. (View: /home/runner/work/gestaodecustos/gestaodecustos/resources/views/partials/head.blade.php) (View: /home/runner/work/gestaodecustos/gestaodecustos/resources/views/partials/head.blade.php) in /home/runner/work/gestaodecustos/gestaodecustos/vendor/laravel/framework/src/Illuminate/Foundation/Vite.php:1042
Stack trace:
#0 /home/runner/work/gestaodecustos/gestaodecustos/vendor/livewire/livewire/src/Mechanisms/ExtendBlade/ExtendedCompilerEngine.php(58): Illuminate\View\Engines\CompilerEngine->handleViewException()
#1 /home/runner/work/gestaodecustos/gestaodecustos/vendor/laravel/framework/src/Illuminate/View/Engines/PhpEngine.php(59): Livewire\Mechanisms\ExtendBlade\ExtendedCompilerEngine->handleViewException()
#2 /home/runner/work/gestaodecustos/gestaodecustos/vendor/livewire/livewire/src/Mechanisms/ExtendBlade/ExtendedCompilerEngine.php(22): Illuminate\View\Engines\PhpEngine->evaluatePath()
#3 /home/runner/work/gestaodecustos/gestaodecustos/vendor/laravel/framework/src/Illuminate/View/Engines/CompilerEngine.php(76): Livewire\Mechanisms\ExtendBlade\ExtendedCompilerEngine->evaluatePath()
#4 /home/runner/work/gestaodecustos/gestaodecustos/vendor/livewire/livewire/src/Mechanisms/ExtendBlade/ExtendedCompilerEngine.php(10): Illuminate\View\Engines\CompilerEngine->get()
#5 /home/runner/work/gestaodecustos/gestaodecustos/vendor/laravel/framework/src/Illuminate/View/View.php(208): Livewire\Mechanisms\ExtendBlade\ExtendedCompilerEngine->get()
#6 /home/runner/work/gestaodecustos/gestaodecustos/vendor/laravel/framework/src/Illuminate/View/View.php(191): Illuminate\View\View->getContents()
#7 /home/runner/work/gestaodecustos/gestaodecustos/vendor/laravel/framework/src/Illuminate/View/View.php(160): Illuminate\View\View->renderContents()
#8 /home/runner/work/gestaodecustos/gestaodecustos/vendor/laravel/framework/src/Illuminate/View/Concerns/ManagesComponents.php(103): Illuminate\View\View->render()
#9 /home/runner/work/gestaodecustos/gestaodecustos/storage/framework/views/801a63c08bf77827db6b9098dadda79d.php(17): Illuminate\View\Factory->renderComponent()
#10 /home/runner/work/gestaodecustos/gestaodecustos/vendor/laravel/framework/src/Illuminate/Filesystem/Filesystem.php(123): require('...')
#11 /home/runner/work/gestaodecustos/gestaodecustos/vendor/laravel/framework/src/Illuminate/Filesystem/Filesystem.php(124): Illuminate\Filesystem\Filesystem::Illuminate\Filesystem\{closure}()
#12 /home/runner/work/gestaodecustos/gestaodecustos/vendor/laravel/framework/src/Illuminate/View/Engines/PhpEngine.php(57): Illuminate\Filesystem\Filesystem->getRequire()
#13 /home/runner/work/gestaodecustos/gestaodecustos/vendor/livewire/livewire/src/Mechanisms/ExtendBlade/ExtendedCompilerEngine.php(22): Illuminate\View\Engines\PhpEngine->evaluatePath()
#14 /home/runner/work/gestaodecustos/gestaodecustos/vendor/laravel/framework/src/Illuminate/View/Engines/CompilerEngine.php(76): Livewire\Mechanisms\ExtendBlade\ExtendedCompilerEngine->evaluatePath()
#15 /home/runner/work/gestaodecustos/gestaodecustos/vendor/livewire/livewire/src/Mechanisms/ExtendBlade/ExtendedCompilerEngine.php(10): Illuminate\View\Engines\CompilerEngine->get()
#16 /home/runner/work/gestaodecustos/gestaodecustos/vendor/laravel/framework/src/Illuminate/View/View.php(208): Livewire\Mechanisms\ExtendBlade\ExtendedCompilerEngine->get()
#17 /home/runner/work/gestaodecustos/gestaodecustos/vendor/laravel/framework/src/Illuminate/View/View.php(191): Illuminate\View\View->getContents()
#18 /home/runner/work/gestaodecustos/gestaodecustos/vendor/laravel/framework/src/Illuminate/View/View.php(160): Illuminate\View\View->renderContents()
#19 /home/runner/work/gestaodecustos/gestaodecustos/vendor/laravel/framework/src/Illuminate/View/Compilers/BladeCompiler.php(361): Illuminate\View\View->render()
#20 /home/runner/work/gestaodecustos/gestaodecustos/vendor/laravel/framework/src/Illuminate/Support/Facades/Facade.php(364): Illuminate\View\Compilers\BladeCompiler::render()
#21 /home/runner/work/gestaodecustos/gestaodecustos/vendor/livewire/livewire/src/Features/SupportPageComponents/SupportPageComponents.php(162): Illuminate\Support\Facades\Facade::__callStatic()
#22 /home/runner/work/gestaodecustos/gestaodecustos/vendor/livewire/livewire/src/Features/SupportPageComponents/HandlesPageComponents.php(26): Livewire\Features\SupportPageComponents\SupportPageComponents::renderContentsIntoLayout()
#23 /home/runner/work/gestaodecustos/gestaodecustos/vendor/laravel/framework/src/Illuminate/Container/BoundMethod.php(36): Livewire\Component->__invoke()
#24 /home/runner/work/gestaodecustos/gestaodecustos/vendor/laravel/framework/src/Illuminate/Container/Util.php(43): Illuminate\Container\BoundMethod::Illuminate\Container\{closure}()
#25 /home/runner/work/gestaodecustos/gestaodecustos/vendor/laravel/framework/src/Illuminate/Container/BoundMethod.php(96): Illuminate\Container\Util::unwrapIfClosure()
#26 /home/runner/work/gestaodecustos/gestaodecustos/vendor/laravel/framework/src/Illuminate/Container/BoundMethod.php(35): Illuminate\Container\BoundMethod::callBoundMethod()
#27 /home/runner/work/gestaodecustos/gestaodecustos/vendor/laravel/framework/src/Illuminate/Container/Container.php(803): Illuminate\Container\BoundMethod::call()
#28 /home/runner/work/gestaodecustos/gestaodecustos/vendor/livewire/volt/src/VoltManager.php(37): Illuminate\Container\Container->call()
#29 /home/runner/work/gestaodecustos/gestaodecustos/vendor/laravel/framework/src/Illuminate/Routing/CallableDispatcher.php(39): Livewire\Volt\VoltManager->Livewire\Volt\{closure}()
#30 /home/runner/work/gestaodecustos/gestaodecustos/vendor/laravel/framework/src/Illuminate/Routing/Route.php(254): Illuminate\Routing\CallableDispatcher->dispatch()
#31 /home/runner/work/gestaodecustos/gestaodecustos/vendor/laravel/framework/src/Illuminate/Routing/Route.php(219): Illuminate\Routing\Route->runCallable()
#32 /home/runner/work/gestaodecustos/gestaodecustos/vendor/laravel/framework/src/Illuminate/Routing/Router.php(822): Illuminate\Routing\Route->run()
#33 /home/runner/work/gestaodecustos/gestaodecustos/vendor/laravel/framework/src/Illuminate/Pipeline/Pipeline.php(180): Illuminate\Routing\Router->Illuminate\Routing\{closure}()
#34 /home/runner/work/gestaodecustos/gestaodecustos/vendor/laravel/framework/src/Illuminate/Auth/Middleware/RedirectIfAuthenticated.php(47): Illuminate\Pipeline\Pipeline->Illuminate\Pipeline\{closure}()
#35 /home/runner/work/gestaodecustos/gestaodecustos/vendor/laravel/framework/src/Illuminate/Pipeline/Pipeline.php(219): Illuminate\Auth\Middleware\RedirectIfAuthenticated->handle()
#36 /home/runner/work/gestaodecustos/gestaodecustos/app/Http/Middleware/ThrottleVerificationCode.php(27): Illuminate\Pipeline\Pipeline->Illuminate\Pipeline\{closure}()
#37 /home/runner/work/gestaodecustos/gestaodecustos/vendor/laravel/framework/src/Illuminate/Pipeline/Pipeline.php(219): App\Http\Middleware\ThrottleVerificationCode->handle()
#38 /home/runner/work/gestaodecustos/gestaodecustos/app/Http/Middleware/EnsureBusinessWorkspaceAccess.php(71): Illuminate\Pipeline\Pipeline->Illuminate\Pipeline\{closure}()
#39 /home/runner/work/gestaodecustos/gestaodecustos/vendor/laravel/framework/src/Illuminate/Pipeline/Pipeline.php(219): App\Http\Middleware\EnsureBusinessWorkspaceAccess->handle()
#40 /home/runner/work/gestaodecustos/gestaodecustos/app/Http/Middleware/EnsureImpersonationIsValid.php(20): Illuminate\Pipeline\Pipeline->Illuminate\Pipeline\{closure}()
#41 /home/runner/work/gestaodecustos/gestaodecustos/vendor/laravel/framework/src/Illuminate/Pipeline/Pipeline.php(219): App\Http\Middleware\EnsureImpersonationIsValid->handle()
#42 /home/runner/work/gestaodecustos/gestaodecustos/app/Http/Middleware/UpdateUserActivity.php(27): Illuminate\Pipeline\Pipeline->Illuminate\Pipeline\{closure}()
#43 /home/runner/work/gestaodecustos/gestaodecustos/vendor/laravel/framework/src/Illuminate/Pipeline/Pipeline.php(219): App\Http\Middleware\UpdateUserActivity->handle()
#44 /home/runner/work/gestaodecustos/gestaodecustos/app/Http/Middleware/CheckRegistrationStatus.php(25): Illuminate\Pipeline\Pipeline->Illuminate\Pipeline\{closure}()
#45 /home/runner/work/gestaodecustos/gestaodecustos/vendor/laravel/framework/src/Illuminate/Pipeline/Pipeline.php(219): App\Http\Middleware\CheckRegistrationStatus->handle()
#46 /home/runner/work/gestaodecustos/gestaodecustos/app/Http/Middleware/CheckMaintenanceMode.php(41): Illuminate\Pipeline\Pipeline->Illuminate\Pipeline\{closure}()
#47 /home/runner/work/gestaodecustos/gestaodecustos/vendor/laravel/framework/src/Illuminate/Pipeline/Pipeline.php(219): App\Http\Middleware\CheckMaintenanceMode->handle()
#48 /home/runner/work/gestaodecustos/gestaodecustos/app/Http/Middleware/SetLocale.php(30): Illuminate\Pipeline\Pipeline->Illuminate\Pipeline\{closure}()
#49 /home/runner/work/gestaodecustos/gestaodecustos/vendor/laravel/framework/src/Illuminate/Pipeline/Pipeline.php(219): App\Http\Middleware\SetLocale->handle()
#50 /home/runner/work/gestaodecustos/gestaodecustos/vendor/laravel/framework/src/Illuminate/Routing/Middleware/SubstituteBindings.php(52): Illuminate\Pipeline\Pipeline->Illuminate\Pipeline\{closure}()
#51 /home/runner/work/gestaodecustos/gestaodecustos/vendor/laravel/framework/src/Illuminate/Pipeline/Pipeline.php(219): Illuminate\Routing\Middleware\SubstituteBindings->handle()
#52 /home/runner/work/gestaodecustos/gestaodecustos/vendor/laravel/framework/src/Illuminate/Foundation/Http/Middleware/PreventRequestForgery.php(104): Illuminate\Pipeline\Pipeline->Illuminate\Pipeline\{closure}()
#53 /home/runner/work/gestaodecustos/gestaodecustos/vendor/laravel/framework/src/Illuminate/Pipeline/Pipeline.php(219): Illuminate\Foundation\Http\Middleware\PreventRequestForgery->handle()
#54 /home/runner/work/gestaodecustos/gestaodecustos/vendor/laravel/framework/src/Illuminate/View/Middleware/ShareErrorsFromSession.php(48): Illuminate\Pipeline\Pipeline->Illuminate\Pipeline\{closure}()
#55 /home/runner/work/gestaodecustos/gestaodecustos/vendor/laravel/framework/src/Illuminate/Pipeline/Pipeline.php(219): Illuminate\View\Middleware\ShareErrorsFromSession->handle()
#56 /home/runner/work/gestaodecustos/gestaodecustos/vendor/laravel/framework/src/Illuminate/Session/Middleware/StartSession.php(120): Illuminate\Pipeline\Pipeline->Illuminate\Pipeline\{closure}()
#57 /home/runner/work/gestaodecustos/gestaodecustos/vendor/laravel/framework/src/Illuminate/Session/Middleware/StartSession.php(63): Illuminate\Session\Middleware\StartSession->handleStatefulRequest()
#58 /home/runner/work/gestaodecustos/gestaodecustos/vendor/laravel/framework/src/Illuminate/Pipeline/Pipeline.php(219): Illuminate\Session\Middleware\StartSession->handle()
#59 /home/runner/work/gestaodecustos/gestaodecustos/vendor/laravel/framework/src/Illuminate/Cookie/Middleware/AddQueuedCookiesToResponse.php(36): Illuminate\Pipeline\Pipeline->Illuminate\Pipeline\{closure}()
#60 /home/runner/work/gestaodecustos/gestaodecustos/vendor/laravel/framework/src/Illuminate/Pipeline/Pipeline.php(219): Illuminate\Cookie\Middleware\AddQueuedCookiesToResponse->handle()
#61 /home/runner/work/gestaodecustos/gestaodecustos/vendor/laravel/framework/src/Illuminate/Cookie/Middleware/EncryptCookies.php(74): Illuminate\Pipeline\Pipeline->Illuminate\Pipeline\{closure}()
#62 /home/runner/work/gestaodecustos/gestaodecustos/vendor/laravel/framework/src/Illuminate/Pipeline/Pipeline.php(219): Illuminate\Cookie\Middleware\EncryptCookies->handle()
#63 /home/runner/work/gestaodecustos/gestaodecustos/vendor/laravel/framework/src/Illuminate/Pipeline/Pipeline.php(137): Illuminate\Pipeline\Pipeline->Illuminate\Pipeline\{closure}()
#64 /home/runner/work/gestaodecustos/gestaodecustos/vendor/laravel/framework/src/Illuminate/Routing/Router.php(821): Illuminate\Pipeline\Pipeline->then()
#65 /home/runner/work/gestaodecustos/gestaodecustos/vendor/laravel/framework/src/Illuminate/Routing/Router.php(800): Illuminate\Routing\Router->runRouteWithinStack()
#66 /home/runner/work/gestaodecustos/gestaodecustos/vendor/laravel/framework/src/Illuminate/Routing/Router.php(764): Illuminate\Routing\Router->runRoute()
#67 /home/runner/work/gestaodecustos/gestaodecustos/vendor/laravel/framework/src/Illuminate/Routing/Router.php(753): Illuminate\Routing\Router->dispatchToRoute()
#68 /home/runner/work/gestaodecustos/gestaodecustos/vendor/laravel/framework/src/Illuminate/Foundation/Http/Kernel.php(200): Illuminate\Routing\Router->dispatch()
#69 /home/runner/work/gestaodecustos/gestaodecustos/vendor/laravel/framework/src/Illuminate/Pipeline/Pipeline.php(180): Illuminate\Foundation\Http\Kernel->Illuminate\Foundation\Http\{closure}()
#70 /home/runner/work/gestaodecustos/gestaodecustos/vendor/livewire/livewire/src/Features/SupportDisablingBackButtonCache/DisableBackButtonCacheMiddleware.php(19): Illuminate\Pipeline\Pipeline->Illuminate\Pipeline\{closure}()
#71 /home/runner/work/gestaodecustos/gestaodecustos/vendor/laravel/framework/src/Illuminate/Pipeline/Pipeline.php(219): Livewire\Features\SupportDisablingBackButtonCache\DisableBackButtonCacheMiddleware->handle()
#72 /home/runner/work/gestaodecustos/gestaodecustos/vendor/laravel/framework/src/Illuminate/Foundation/Http/Middleware/TransformsRequest.php(21): Illuminate\Pipeline\Pipeline->Illuminate\Pipeline\{closure}()
#73 /home/runner/work/gestaodecustos/gestaodecustos/vendor/laravel/framework/src/Illuminate/Foundation/Http/Middleware/ConvertEmptyStringsToNull.php(31): Illuminate\Foundation\Http\Middleware\TransformsRequest->handle()
#74 /home/runner/work/gestaodecustos/gestaodecustos/vendor/laravel/framework/src/Illuminate/Pipeline/Pipeline.php(219): Illuminate\Foundation\Http\Middleware\ConvertEmptyStringsToNull->handle()
#75 /home/runner/work/gestaodecustos/gestaodecustos/vendor/laravel/framework/src/Illuminate/Foundation/Http/Middleware/TransformsRequest.php(21): Illuminate\Pipeline\Pipeline->Illuminate\Pipeline\{closure}()
#76 /home/runner/work/gestaodecustos/gestaodecustos/vendor/laravel/framework/src/Illuminate/Foundation/Http/Middleware/TrimStrings.php(51): Illuminate\Foundation\Http\Middleware\TransformsRequest->handle()
#77 /home/runner/work/gestaodecustos/gestaodecustos/vendor/laravel/framework/src/Illuminate/Pipeline/Pipeline.php(219): Illuminate\Foundation\Http\Middleware\TrimStrings->handle()
#78 /home/runner/work/gestaodecustos/gestaodecustos/vendor/laravel/framework/src/Illuminate/Http/Middleware/ValidatePostSize.php(27): Illuminate\Pipeline\Pipeline->Illuminate\Pipeline\{closure}()
#79 /home/runner/work/gestaodecustos/gestaodecustos/vendor/laravel/framework/src/Illuminate/Pipeline/Pipeline.php(219): Illuminate\Http\Middleware\ValidatePostSize->handle()
#80 /home/runner/work/gestaodecustos/gestaodecustos/vendor/laravel/framework/src/Illuminate/Foundation/Http/Middleware/PreventRequestsDuringMaintenance.php(110): Illuminate\Pipeline\Pipeline->Illuminate\Pipeline\{closure}()
#81 /home/runner/work/gestaodecustos/gestaodecustos/vendor/laravel/framework/src/Illuminate/Pipeline/Pipeline.php(219): Illuminate\Foundation\Http\Middleware\PreventRequestsDuringMaintenance->handle()
#82 /home/runner/work/gestaodecustos/gestaodecustos/vendor/laravel/framework/src/Illuminate/Http/Middleware/HandleCors.php(61): Illuminate\Pipeline\Pipeline->Illuminate\Pipeline\{closure}()
#83 /home/runner/work/gestaodecustos/gestaodecustos/vendor/laravel/framework/src/Illuminate/Pipeline/Pipeline.php(219): Illuminate\Http\Middleware\HandleCors->handle()
#84 /home/runner/work/gestaodecustos/gestaodecustos/vendor/laravel/framework/src/Illuminate/Http/Middleware/TrustProxies.php(58): Illuminate\Pipeline\Pipeline->Illuminate\Pipeline\{closure}()
#85 /home/runner/work/gestaodecustos/gestaodecustos/vendor/laravel/framework/src/Illuminate/Pipeline/Pipeline.php(219): Illuminate\Http\Middleware\TrustProxies->handle()
#86 /home/runner/work/gestaodecustos/gestaodecustos/vendor/laravel/framework/src/Illuminate/Foundation/Http/Middleware/InvokeDeferredCallbacks.php(22): Illuminate\Pipeline\Pipeline->Illuminate\Pipeline\{closure}()
#87 /home/runner/work/gestaodecustos/gestaodecustos/vendor/laravel/framework/src/Illuminate/Pipeline/Pipeline.php(219): Illuminate\Foundation\Http\Middleware\InvokeDeferredCallbacks->handle()
#88 /home/runner/work/gestaodecustos/gestaodecustos/vendor/laravel/framework/src/Illuminate/Http/Middleware/ValidatePathEncoding.php(28): Illuminate\Pipeline\Pipeline->Illuminate\Pipeline\{closure}()
#89 /home/runner/work/gestaodecustos/gestaodecustos/vendor/laravel/framework/src/Illuminate/Pipeline/Pipeline.php(219): Illuminate\Http\Middleware\ValidatePathEncoding->handle()
#90 /home/runner/work/gestaodecustos/gestaodecustos/vendor/laravel/framework/src/Illuminate/Pipeline/Pipeline.php(137): Illuminate\Pipeline\Pipeline->Illuminate\Pipeline\{closure}()
#91 /home/runner/work/gestaodecustos/gestaodecustos/vendor/laravel/framework/src/Illuminate/Foundation/Http/Kernel.php(175): Illuminate\Pipeline\Pipeline->then()
#92 /home/runner/work/gestaodecustos/gestaodecustos/vendor/laravel/framework/src/Illuminate/Foundation/Http/Kernel.php(144): Illuminate\Foundation\Http\Kernel->sendRequestThroughRouter()
#93 /home/runner/work/gestaodecustos/gestaodecustos/vendor/laravel/framework/src/Illuminate/Foundation/Testing/Concerns/MakesHttpRequests.php(638): Illuminate\Foundation\Http\Kernel->handle()
#94 /home/runner/work/gestaodecustos/gestaodecustos/vendor/laravel/framework/src/Illuminate/Foundation/Testing/Concerns/MakesHttpRequests.php(368): Illuminate\Foundation\Testing\TestCase->call()
#95 /home/runner/work/gestaodecustos/gestaodecustos/tests/Feature/Auth/AuthenticationTest.php(7): Illuminate\Foundation\Testing\TestCase->get()
#96 /home/runner/work/gestaodecustos/gestaodecustos/vendor/pestphp/pest/src/Factories/TestCaseMethodFactory.php(177): P\Tests\Feature\Auth\AuthenticationTest->{closure}()
#97 [internal function]: P\Tests\Feature\Auth\AuthenticationTest->Pest\Factories\{closure}()
#98 /home/runner/work/gestaodecustos/gestaodecustos/vendor/pestphp/pest/src/Concerns/Testable.php(514): call_user_func_array()
#99 /home/runner/work/gestaodecustos/gestaodecustos/vendor/pestphp/pest/src/Support/ExceptionTrace.php(26): P\Tests\Feature\Auth\AuthenticationTest->Pest\Concerns\{closure}()
#100 /home/runner/work/gestaodecustos/gestaodecustos/vendor/pestphp/pest/src/Concerns/Testable.php(514): Pest\Support\ExceptionTrace::ensure()
#101 /home/runner/work/gestaodecustos/gestaodecustos/vendor/pestphp/pest/src/Concerns/Testable.php(336): P\Tests\Feature\Auth\AuthenticationTest->__callClosure()
#102 /home/runner/work/gestaodecustos/gestaodecustos/vendor/pestphp/pest/src/Factories/TestCaseFactory.php(179) : eval()'d code(22): P\Tests\Feature\Auth\AuthenticationTest->__runTest()
#103 /home/runner/work/gestaodecustos/gestaodecustos/vendor/phpunit/phpunit/src/Framework/TestCase.php(1318): P\Tests\Feature\Auth\AuthenticationTest->__pest_evaluable_login_screen_can_be_rendered()
#104 /home/runner/work/gestaodecustos/gestaodecustos/vendor/phpunit/phpunit/src/Framework/TestCase.php(1355): PHPUnit\Framework\TestCase->invokeTestMethod()
#105 /home/runner/work/gestaodecustos/gestaodecustos/vendor/phpunit/phpunit/src/Framework/TestCase.php(521): PHPUnit\Framework\TestCase->runTest()
#106 /home/runner/work/gestaodecustos/gestaodecustos/vendor/phpunit/phpunit/src/Framework/TestRunner/TestRunner.php(99): PHPUnit\Framework\TestCase->runBare()
#107 /home/runner/work/gestaodecustos/gestaodecustos/vendor/phpunit/phpunit/src/Framework/TestCase.php(361): PHPUnit\Framework\TestRunner->run()
#108 /home/runner/work/gestaodecustos/gestaodecustos/vendor/phpunit/phpunit/src/Framework/TestSuite.php(374): PHPUnit\Framework\TestCase->run()
#109 /home/runner/work/gestaodecustos/gestaodecustos/vendor/phpunit/phpunit/src/Framework/TestSuite.php(374): PHPUnit\Framework\TestSuite->run()
#110 /home/runner/work/gestaodecustos/gestaodecustos/vendor/phpunit/phpunit/src/Framework/TestSuite.php(374): PHPUnit\Framework\TestSuite->run()
#111 /home/runner/work/gestaodecustos/gestaodecustos/vendor/phpunit/phpunit/src/TextUI/TestRunner.php(64): PHPUnit\Framework\TestSuite->run()
#112 /home/runner/work/gestaodecustos/gestaodecustos/vendor/phpunit/phpunit/src/TextUI/Application.php(229): PHPUnit\TextUI\TestRunner->run()
#113 /home/runner/work/gestaodecustos/gestaodecustos/vendor/pestphp/pest/src/Kernel.php(103): PHPUnit\TextUI\Application->run()
#114 /home/runner/work/gestaodecustos/gestaodecustos/vendor/pestphp/pest/bin/pest(196): Pest\Kernel->handle()
#115 /home/runner/work/gestaodecustos/gestaodecustos/vendor/pestphp/pest/bin/pest(204): {closure}()
#116 /home/runner/work/gestaodecustos/gestaodecustos/vendor/bin/pest(119): include('...')
#117 {main}

Next Illuminate\View\ViewException: Unable to locate file in Vite manifest: resources/js/modal-controls.js. (View: /home/runner/work/gestaodecustos/gestaodecustos/resources/views/partials/head.blade.php) (View: /home/runner/work/gestaodecustos/gestaodecustos/resources/views/partials/head.blade.php) (View: /home/runner/work/gestaodecustos/gestaodecustos/resources/views/partials/head.blade.php) in /home/runner/work/gestaodecustos/gestaodecustos/vendor/laravel/framework/src/Illuminate/Foundation/Vite.php:1042
Stack trace:
#0 /home/runner/work/gestaodecustos/gestaodecustos/vendor/livewire/livewire/src/Mechanisms/ExtendBlade/ExtendedCompilerEngine.php(58): Illuminate\View\Engines\CompilerEngine->handleViewException()
#1 /home/runner/work/gestaodecustos/gestaodecustos/vendor/laravel/framework/src/Illuminate/View/Engines/PhpEngine.php(59): Livewire\Mechanisms\ExtendBlade\ExtendedCompilerEngine->handleViewException()
#2 /home/runner/work/gestaodecustos/gestaodecustos/vendor/livewire/livewire/src/Mechanisms/ExtendBlade/ExtendedCompilerEngine.php(22): Illuminate\View\Engines\PhpEngine->evaluatePath()
#3 /home/runner/work/gestaodecustos/gestaodecustos/vendor/laravel/framework/src/Illuminate/View/Engines/CompilerEngine.php(76): Livewire\Mechanisms\ExtendBlade\ExtendedCompilerEngine->evaluatePath()
#4 /home/runner/work/gestaodecustos/gestaodecustos/vendor/livewire/livewire/src/Mechanisms/ExtendBlade/ExtendedCompilerEngine.php(10): Illuminate\View\Engines\CompilerEngine->get()
#5 /home/runner/work/gestaodecustos/gestaodecustos/vendor/laravel/framework/src/Illuminate/View/View.php(208): Livewire\Mechanisms\ExtendBlade\ExtendedCompilerEngine->get()
#6 /home/runner/work/gestaodecustos/gestaodecustos/vendor/laravel/framework/src/Illuminate/View/View.php(191): Illuminate\View\View->getContents()
#7 /home/runner/work/gestaodecustos/gestaodecustos/vendor/laravel/framework/src/Illuminate/View/View.php(160): Illuminate\View\View->renderContents()
#8 /home/runner/work/gestaodecustos/gestaodecustos/vendor/laravel/framework/src/Illuminate/View/Compilers/BladeCompiler.php(361): Illuminate\View\View->render()
#9 /home/runner/work/gestaodecustos/gestaodecustos/vendor/laravel/framework/src/Illuminate/Support/Facades/Facade.php(364): Illuminate\View\Compilers\BladeCompiler::render()
#10 /home/runner/work/gestaodecustos/gestaodecustos/vendor/livewire/livewire/src/Features/SupportPageComponents/SupportPageComponents.php(162): Illuminate\Support\Facades\Facade::__callStatic()
#11 /home/runner/work/gestaodecustos/gestaodecustos/vendor/livewire/livewire/src/Features/SupportPageComponents/HandlesPageComponents.php(26): Livewire\Features\SupportPageComponents\SupportPageComponents::renderContentsIntoLayout()
#12 /home/runner/work/gestaodecustos/gestaodecustos/vendor/laravel/framework/src/Illuminate/Container/BoundMethod.php(36): Livewire\Component->__invoke()
#13 /home/runner/work/gestaodecustos/gestaodecustos/vendor/laravel/framework/src/Illuminate/Container/Util.php(43): Illuminate\Container\BoundMethod::Illuminate\Container\{closure}()
#14 /home/runner/work/gestaodecustos/gestaodecustos/vendor/laravel/framework/src/Illuminate/Container/BoundMethod.php(96): Illuminate\Container\Util::unwrapIfClosure()
#15 /home/runner/work/gestaodecustos/gestaodecustos/vendor/laravel/framework/src/Illuminate/Container/BoundMethod.php(35): Illuminate\Container\BoundMethod::callBoundMethod()
#16 /home/runner/work/gestaodecustos/gestaodecustos/vendor/laravel/framework/src/Illuminate/Container/Container.php(803): Illuminate\Container\BoundMethod::call()
#17 /home/runner/work/gestaodecustos/gestaodecustos/vendor/livewire/volt/src/VoltManager.php(37): Illuminate\Container\Container->call()
#18 /home/runner/work/gestaodecustos/gestaodecustos/vendor/laravel/framework/src/Illuminate/Routing/CallableDispatcher.php(39): Livewire\Volt\VoltManager->Livewire\Volt\{closure}()
#19 /home/runner/work/gestaodecustos/gestaodecustos/vendor/laravel/framework/src/Illuminate/Routing/Route.php(254): Illuminate\Routing\CallableDispatcher->dispatch()
#20 /home/runner/work/gestaodecustos/gestaodecustos/vendor/laravel/framework/src/Illuminate/Routing/Route.php(219): Illuminate\Routing\Route->runCallable()
#21 /home/runner/work/gestaodecustos/gestaodecustos/vendor/laravel/framework/src/Illuminate/Routing/Router.php(822): Illuminate\Routing\Route->run()
#22 /home/runner/work/gestaodecustos/gestaodecustos/vendor/laravel/framework/src/Illuminate/Pipeline/Pipeline.php(180): Illuminate\Routing\Router->Illuminate\Routing\{closure}()
#23 /home/runner/work/gestaodecustos/gestaodecustos/vendor/laravel/framework/src/Illuminate/Auth/Middleware/RedirectIfAuthenticated.php(47): Illuminate\Pipeline\Pipeline->Illuminate\Pipeline\{closure}()
#24 /home/runner/work/gestaodecustos/gestaodecustos/vendor/laravel/framework/src/Illuminate/Pipeline/Pipeline.php(219): Illuminate\Auth\Middleware\RedirectIfAuthenticated->handle()
#25 /home/runner/work/gestaodecustos/gestaodecustos/app/Http/Middleware/ThrottleVerificationCode.php(27): Illuminate\Pipeline\Pipeline->Illuminate\Pipeline\{closure}()
#26 /home/runner/work/gestaodecustos/gestaodecustos/vendor/laravel/framework/src/Illuminate/Pipeline/Pipeline.php(219): App\Http\Middleware\ThrottleVerificationCode->handle()
#27 /home/runner/work/gestaodecustos/gestaodecustos/app/Http/Middleware/EnsureBusinessWorkspaceAccess.php(71): Illuminate\Pipeline\Pipeline->Illuminate\Pipeline\{closure}()
#28 /home/runner/work/gestaodecustos/gestaodecustos/vendor/laravel/framework/src/Illuminate/Pipeline/Pipeline.php(219): App\Http\Middleware\EnsureBusinessWorkspaceAccess->handle()
#29 /home/runner/work/gestaodecustos/gestaodecustos/app/Http/Middleware/EnsureImpersonationIsValid.php(20): Illuminate\Pipeline\Pipeline->Illuminate\Pipeline\{closure}()
#30 /home/runner/work/gestaodecustos/gestaodecustos/vendor/laravel/framework/src/Illuminate/Pipeline/Pipeline.php(219): App\Http\Middleware\EnsureImpersonationIsValid->handle()
#31 /home/runner/work/gestaodecustos/gestaodecustos/app/Http/Middleware/UpdateUserActivity.php(27): Illuminate\Pipeline\Pipeline->Illuminate\Pipeline\{closure}()
#32 /home/runner/work/gestaodecustos/gestaodecustos/vendor/laravel/framework/src/Illuminate/Pipeline/Pipeline.php(219): App\Http\Middleware\UpdateUserActivity->handle()
#33 /home/runner/work/gestaodecustos/gestaodecustos/app/Http/Middleware/CheckRegistrationStatus.php(25): Illuminate\Pipeline\Pipeline->Illuminate\Pipeline\{closure}()
#34 /home/runner/work/gestaodecustos/gestaodecustos/vendor/laravel/framework/src/Illuminate/Pipeline/Pipeline.php(219): App\Http\Middleware\CheckRegistrationStatus->handle()
#35 /home/runner/work/gestaodecustos/gestaodecustos/app/Http/Middleware/CheckMaintenanceMode.php(41): Illuminate\Pipeline\Pipeline->Illuminate\Pipeline\{closure}()
#36 /home/runner/work/gestaodecustos/gestaodecustos/vendor/laravel/framework/src/Illuminate/Pipeline/Pipeline.php(219): App\Http\Middleware\CheckMaintenanceMode->handle()
#37 /home/runner/work/gestaodecustos/gestaodecustos/app/Http/Middleware/SetLocale.php(30): Illuminate\Pipeline\Pipeline->Illuminate\Pipeline\{closure}()
#38 /home/runner/work/gestaodecustos/gestaodecustos/vendor/laravel/framework/src/Illuminate/Pipeline/Pipeline.php(219): App\Http\Middleware\SetLocale->handle()
#39 /home/runner/work/gestaodecustos/gestaodecustos/vendor/laravel/framework/src/Illuminate/Routing/Middleware/SubstituteBindings.php(52): Illuminate\Pipeline\Pipeline->Illuminate\Pipeline\{closure}()
#40 /home/runner/work/gestaodecustos/gestaodecustos/vendor/laravel/framework/src/Illuminate/Pipeline/Pipeline.php(219): Illuminate\Routing\Middleware\SubstituteBindings->handle()
#41 /home/runner/work/gestaodecustos/gestaodecustos/vendor/laravel/framework/src/Illuminate/Foundation/Http/Middleware/PreventRequestForgery.php(104): Illuminate\Pipeline\Pipeline->Illuminate\Pipeline\{closure}()
#42 /home/runner/work/gestaodecustos/gestaodecustos/vendor/laravel/framework/src/Illuminate/Pipeline/Pipeline.php(219): Illuminate\Foundation\Http\Middleware\PreventRequestForgery->handle()
#43 /home/runner/work/gestaodecustos/gestaodecustos/vendor/laravel/framework/src/Illuminate/View/Middleware/ShareErrorsFromSession.php(48): Illuminate\Pipeline\Pipeline->Illuminate\Pipeline\{closure}()
#44 /home/runner/work/gestaodecustos/gestaodecustos/vendor/laravel/framework/src/Illuminate/Pipeline/Pipeline.php(219): Illuminate\View\Middleware\ShareErrorsFromSession->handle()
#45 /home/runner/work/gestaodecustos/gestaodecustos/vendor/laravel/framework/src/Illuminate/Session/Middleware/StartSession.php(120): Illuminate\Pipeline\Pipeline->Illuminate\Pipeline\{closure}()
#46 /home/runner/work/gestaodecustos/gestaodecustos/vendor/laravel/framework/src/Illuminate/Session/Middleware/StartSession.php(63): Illuminate\Session\Middleware\StartSession->handleStatefulRequest()
#47 /home/runner/work/gestaodecustos/gestaodecustos/vendor/laravel/framework/src/Illuminate/Pipeline/Pipeline.php(219): Illuminate\Session\Middleware\StartSession->handle()
#48 /home/runner/work/gestaodecustos/gestaodecustos/vendor/laravel/framework/src/Illuminate/Cookie/Middleware/AddQueuedCookiesToResponse.php(36): Illuminate\Pipeline\Pipeline->Illuminate\Pipeline\{closure}()
#49 /home/runner/work/gestaodecustos/gestaodecustos/vendor/laravel/framework/src/Illuminate/Pipeline/Pipeline.php(219): Illuminate\Cookie\Middleware\AddQueuedCookiesToResponse->handle()
#50 /home/runner/work/gestaodecustos/gestaodecustos/vendor/laravel/framework/src/Illuminate/Cookie/Middleware/EncryptCookies.php(74): Illuminate\Pipeline\Pipeline->Illuminate\Pipeline\{closure}()
#51 /home/runner/work/gestaodecustos/gestaodecustos/vendor/laravel/framework/src/Illuminate/Pipeline/Pipeline.php(219): Illuminate\Cookie\Middleware\EncryptCookies->handle()
#52 /home/runner/work/gestaodecustos/gestaodecustos/vendor/laravel/framework/src/Illuminate/Pipeline/Pipeline.php(137): Illuminate\Pipeline\Pipeline->Illuminate\Pipeline\{closure}()
#53 /home/runner/work/gestaodecustos/gestaodecustos/vendor/laravel/framework/src/Illuminate/Routing/Router.php(821): Illuminate\Pipeline\Pipeline->then()
#54 /home/runner/work/gestaodecustos/gestaodecustos/vendor/laravel/framework/src/Illuminate/Routing/Router.php(800): Illuminate\Routing\Router->runRouteWithinStack()
#55 /home/runner/work/gestaodecustos/gestaodecustos/vendor/laravel/framework/src/Illuminate/Routing/Router.php(764): Illuminate\Routing\Router->runRoute()
#56 /home/runner/work/gestaodecustos/gestaodecustos/vendor/laravel/framework/src/Illuminate/Routing/Router.php(753): Illuminate\Routing\Router->dispatchToRoute()
#57 /home/runner/work/gestaodecustos/gestaodecustos/vendor/laravel/framework/src/Illuminate/Foundation/Http/Kernel.php(200): Illuminate\Routing\Router->dispatch()
#58 /home/runner/work/gestaodecustos/gestaodecustos/vendor/laravel/framework/src/Illuminate/Pipeline/Pipeline.php(180): Illuminate\Foundation\Http\Kernel->Illuminate\Foundation\Http\{closure}()
#59 /home/runner/work/gestaodecustos/gestaodecustos/vendor/livewire/livewire/src/Features/SupportDisablingBackButtonCache/DisableBackButtonCacheMiddleware.php(19): Illuminate\Pipeline\Pipeline->Illuminate\Pipeline\{closure}()
#60 /home/runner/work/gestaodecustos/gestaodecustos/vendor/laravel/framework/src/Illuminate/Pipeline/Pipeline.php(219): Livewire\Features\SupportDisablingBackButtonCache\DisableBackButtonCacheMiddleware->handle()
#61 /home/runner/work/gestaodecustos/gestaodecustos/vendor/laravel/framework/src/Illuminate/Foundation/Http/Middleware/TransformsRequest.php(21): Illuminate\Pipeline\Pipeline->Illuminate\Pipeline\{closure}()
#62 /home/runner/work/gestaodecustos/gestaodecustos/vendor/laravel/framework/src/Illuminate/Foundation/Http/Middleware/ConvertEmptyStringsToNull.php(31): Illuminate\Foundation\Http\Middleware\TransformsRequest->handle()
#63 /home/runner/work/gestaodecustos/gestaodecustos/vendor/laravel/framework/src/Illuminate/Pipeline/Pipeline.php(219): Illuminate\Foundation\Http\Middleware\ConvertEmptyStringsToNull->handle()
#64 /home/runner/work/gestaodecustos/gestaodecustos/vendor/laravel/framework/src/Illuminate/Foundation/Http/Middleware/TransformsRequest.php(21): Illuminate\Pipeline\Pipeline->Illuminate\Pipeline\{closure}()
#65 /home/runner/work/gestaodecustos/gestaodecustos/vendor/laravel/framework/src/Illuminate/Foundation/Http/Middleware/TrimStrings.php(51): Illuminate\Foundation\Http\Middleware\TransformsRequest->handle()
#66 /home/runner/work/gestaodecustos/gestaodecustos/vendor/laravel/framework/src/Illuminate/Pipeline/Pipeline.php(219): Illuminate\Foundation\Http\Middleware\TrimStrings->handle()
#67 /home/runner/work/gestaodecustos/gestaodecustos/vendor/laravel/framework/src/Illuminate/Http/Middleware/ValidatePostSize.php(27): Illuminate\Pipeline\Pipeline->Illuminate\Pipeline\{closure}()
#68 /home/runner/work/gestaodecustos/gestaodecustos/vendor/laravel/framework/src/Illuminate/Pipeline/Pipeline.php(219): Illuminate\Http\Middleware\ValidatePostSize->handle()
#69 /home/runner/work/gestaodecustos/gestaodecustos/vendor/laravel/framework/src/Illuminate/Foundation/Http/Middleware/PreventRequestsDuringMaintenance.php(110): Illuminate\Pipeline\Pipeline->Illuminate\Pipeline\{closure}()
#70 /home/runner/work/gestaodecustos/gestaodecustos/vendor/laravel/framework/src/Illuminate/Pipeline/Pipeline.php(219): Illuminate\Foundation\Http\Middleware\PreventRequestsDuringMaintenance->handle()
#71 /home/runner/work/gestaodecustos/gestaodecustos/vendor/laravel/framework/src/Illuminate/Http/Middleware/HandleCors.php(61): Illuminate\Pipeline\Pipeline->Illuminate\Pipeline\{closure}()
#72 /home/runner/work/gestaodecustos/gestaodecustos/vendor/laravel/framework/src/Illuminate/Pipeline/Pipeline.php(219): Illuminate\Http\Middleware\HandleCors->handle()
#73 /home/runner/work/gestaodecustos/gestaodecustos/vendor/laravel/framework/src/Illuminate/Http/Middleware/TrustProxies.php(58): Illuminate\Pipeline\Pipeline->Illuminate\Pipeline\{closure}()
#74 /home/runner/work/gestaodecustos/gestaodecustos/vendor/laravel/framework/src/Illuminate/Pipeline/Pipeline.php(219): Illuminate\Http\Middleware\TrustProxies->handle()
#75 /home/runner/work/gestaodecustos/gestaodecustos/vendor/laravel/framework/src/Illuminate/Foundation/Http/Middleware/InvokeDeferredCallbacks.php(22): Illuminate\Pipeline\Pipeline->Illuminate\Pipeline\{closure}()
#76 /home/runner/work/gestaodecustos/gestaodecustos/vendor/laravel/framework/src/Illuminate/Pipeline/Pipeline.php(219): Illuminate\Foundation\Http\Middleware\InvokeDeferredCallbacks->handle()
#77 /home/runner/work/gestaodecustos/gestaodecustos/vendor/laravel/framework/src/Illuminate/Http/Middleware/ValidatePathEncoding.php(28): Illuminate\Pipeline\Pipeline->Illuminate\Pipeline\{closure}()
#78 /home/runner/work/gestaodecustos/gestaodecustos/vendor/laravel/framework/src/Illuminate/Pipeline/Pipeline.php(219): Illuminate\Http\Middleware\ValidatePathEncoding->handle()
#79 /home/runner/work/gestaodecustos/gestaodecustos/vendor/laravel/framework/src/Illuminate/Pipeline/Pipeline.php(137): Illuminate\Pipeline\Pipeline->Illuminate\Pipeline\{closure}()
#80 /home/runner/work/gestaodecustos/gestaodecustos/vendor/laravel/framework/src/Illuminate/Foundation/Http/Kernel.php(175): Illuminate\Pipeline\Pipeline->then()
#81 /home/runner/work/gestaodecustos/gestaodecustos/vendor/laravel/framework/src/Illuminate/Foundation/Http/Kernel.php(144): Illuminate\Foundation\Http\Kernel->sendRequestThroughRouter()
#82 /home/runner/work/gestaodecustos/gestaodecustos/vendor/laravel/framework/src/Illuminate/Foundation/Testing/Concerns/MakesHttpRequests.php(638): Illuminate\Foundation\Http\Kernel->handle()
#83 /home/runner/work/gestaodecustos/gestaodecustos/vendor/laravel/framework/src/Illuminate/Foundation/Testing/Concerns/MakesHttpRequests.php(368): Illuminate\Foundation\Testing\TestCase->call()
#84 /home/runner/work/gestaodecustos/gestaodecustos/tests/Feature/Auth/AuthenticationTest.php(7): Illuminate\Foundation\Testing\TestCase->get()
#85 /home/runner/work/gestaodecustos/gestaodecustos/vendor/pestphp/pest/src/Factories/TestCaseMethodFactory.php(177): P\Tests\Feature\Auth\AuthenticationTest->{closure}()
#86 [internal function]: P\Tests\Feature\Auth\AuthenticationTest->Pest\Factories\{closure}()
#87 /home/runner/work/gestaodecustos/gestaodecustos/vendor/pestphp/pest/src/Concerns/Testable.php(514): call_user_func_array()
#88 /home/runner/work/gestaodecustos/gestaodecustos/vendor/pestphp/pest/src/Support/ExceptionTrace.php(26): P\Tests\Feature\Auth\AuthenticationTest->Pest\Concerns\{closure}()
#89 /home/runner/work/gestaodecustos/gestaodecustos/vendor/pestphp/pest/src/Concerns/Testable.php(514): Pest\Support\ExceptionTrace::ensure()
#90 /home/runner/work/gestaodecustos/gestaodecustos/vendor/pestphp/pest/src/Concerns/Testable.php(336): P\Tests\Feature\Auth\AuthenticationTest->__callClosure()
#91 /home/runner/work/gestaodecustos/gestaodecustos/vendor/pestphp/pest/src/Factories/TestCaseFactory.php(179) : eval()'d code(22): P\Tests\Feature\Auth\AuthenticationTest->__runTest()
#92 /home/runner/work/gestaodecustos/gestaodecustos/vendor/phpunit/phpunit/src/Framework/TestCase.php(1318): P\Tests\Feature\Auth\AuthenticationTest->__pest_evaluable_login_screen_can_be_rendered()
#93 /home/runner/work/gestaodecustos/gestaodecustos/vendor/phpunit/phpunit/src/Framework/TestCase.php(1355): PHPUnit\Framework\TestCase->invokeTestMethod()
#94 /home/runner/work/gestaodecustos/gestaodecustos/vendor/phpunit/phpunit/src/Framework/TestCase.php(521): PHPUnit\Framework\TestCase->runTest()
#95 /home/runner/work/gestaodecustos/gestaodecustos/vendor/phpunit/phpunit/src/Framework/TestRunner/TestRunner.php(99): PHPUnit\Framework\TestCase->runBare()
#96 /home/runner/work/gestaodecustos/gestaodecustos/vendor/phpunit/phpunit/src/Framework/TestCase.php(361): PHPUnit\Framework\TestRunner->run()
#97 /home/runner/work/gestaodecustos/gestaodecustos/vendor/phpunit/phpunit/src/Framework/TestSuite.php(374): PHPUnit\Framework\TestCase->run()
#98 /home/runner/work/gestaodecustos/gestaodecustos/vendor/phpunit/phpunit/src/Framework/TestSuite.php(374): PHPUnit\Framework\TestSuite->run()
#99 /home/runner/work/gestaodecustos/gestaodecustos/vendor/phpunit/phpunit/src/Framework/TestSuite.php(374): PHPUnit\Framework\TestSuite->run()
#100 /home/runner/work/gestaodecustos/gestaodecustos/vendor/phpunit/phpunit/src/TextUI/TestRunner.php(64): PHPUnit\Framework\TestSuite->run()
#101 /home/runner/work/gestaodecustos/gestaodecustos/vendor/phpunit/phpunit/src/TextUI/Application.php(229): PHPUnit\TextUI\TestRunner->run()
#102 /home/runner/work/gestaodecustos/gestaodecustos/vendor/pestphp/pest/src/Kernel.php(103): PHPUnit\TextUI\Application->run()
#103 /home/runner/work/gestaodecustos/gestaodecustos/vendor/pestphp/pest/bin/pest(196): Pest\Kernel->handle()
#104 /home/runner/work/gestaodecustos/gestaodecustos/vendor/pestphp/pest/bin/pest(204): {closure}()
#105 /home/runner/work/gestaodecustos/gestaodecustos/vendor/bin/pest(119): include('...')
#106 {main}

----------------------------------------------------------------------------------

Unable to locate file in Vite manifest: resources/js/modal-controls.js. (View: /home/runner/work/gestaodecustos/gestaodecustos/resources/views/partials/head.blade.php) (View: /home/runner/work/gestaodecustos/gestaodecustos/resources/views/partials/head.blade.php) (View: /home/runner/work/gestaodecustos/gestaodecustos/resources/views/partials/head.blade.php)[39;22m

  at [32mtests/Feature/Auth/AuthenticationTest.php[39m:[32m10[39m
      6▕ test('login screen can be rendered', function () {
      7▕     $response = $this->get('/login');
      8▕ 
      9▕     $response
  ➜  10▕         ->assertOk()
     11▕         ->assertSeeVolt('pages.auth.login');
     12▕ });
     13▕ 
     14▕ test('users can authenticate using the login screen', function () {

  [31m────────────────────────────────────────────────────────────────────────────[39m  
  [41;1m FAILED [49;22m [1mTests\Feature\Auth\AuthenticationTest[22m [90m>[39m navigation menu can be re…   
[39;1m  Expected response status code [200] but received 500.
Failed asserting that 500 is identical to 200.

The following exception occurred during the last request:

Illuminate\Foundation\ViteException: Unable to locate file in Vite manifest: resources/js/modal-controls.js. in /home/runner/work/gestaodecustos/gestaodecustos/vendor/laravel/framework/src/Illuminate/Foundation/Vite.php:1042
Stack trace:
#0 /home/runner/work/gestaodecustos/gestaodecustos/vendor/laravel/framework/src/Illuminate/Foundation/Vite.php(404): Illuminate\Foundation\Vite->chunk()
#1 /home/runner/work/gestaodecustos/gestaodecustos/storage/framework/views/6ab657d568ef86e98d779cdaf4c30db4.php(14): Illuminate\Foundation\Vite->__invoke()
#2 /home/runner/work/gestaodecustos/gestaodecustos/vendor/laravel/framework/src/Illuminate/Filesystem/Filesystem.php(123): require('...')
#3 /home/runner/work/gestaodecustos/gestaodecustos/vendor/laravel/framework/src/Illuminate/Filesystem/Filesystem.php(124): Illuminate\Filesystem\Filesystem::Illuminate\Filesystem\{closure}()
#4 /home/runner/work/gestaodecustos/gestaodecustos/vendor/laravel/framework/src/Illuminate/View/Engines/PhpEngine.php(57): Illuminate\Filesystem\Filesystem->getRequire()
#5 /home/runner/work/gestaodecustos/gestaodecustos/vendor/livewire/livewire/src/Mechanisms/ExtendBlade/ExtendedCompilerEngine.php(22): Illuminate\View\Engines\PhpEngine->evaluatePath()
#6 /home/runner/work/gestaodecustos/gestaodecustos/vendor/laravel/framework/src/Illuminate/View/Engines/CompilerEngine.php(76): Livewire\Mechanisms\ExtendBlade\ExtendedCompilerEngine->evaluatePath()
#7 /home/runner/work/gestaodecustos/gestaodecustos/vendor/livewire/livewire/src/Mechanisms/ExtendBlade/ExtendedCompilerEngine.php(10): Illuminate\View\Engines\CompilerEngine->get()
#8 /home/runner/work/gestaodecustos/gestaodecustos/vendor/laravel/framework/src/Illuminate/View/View.php(208): Livewire\Mechanisms\ExtendBlade\ExtendedCompilerEngine->get()
#9 /home/runner/work/gestaodecustos/gestaodecustos/vendor/laravel/framework/src/Illuminate/View/View.php(191): Illuminate\View\View->getContents()
#10 /home/runner/work/gestaodecustos/gestaodecustos/vendor/laravel/framework/src/Illuminate/View/View.php(160): Illuminate\View\View->renderContents()
#11 /home/runner/work/gestaodecustos/gestaodecustos/storage/framework/views/836a8a15524c86ff37c2b633e40219d3.php(51): Illuminate\View\View->render()
#12 /home/runner/work/gestaodecustos/gestaodecustos/vendor/laravel/framework/src/Illuminate/Filesystem/Filesystem.php(123): require('...')
#13 /home/runner/work/gestaodecustos/gestaodecustos/vendor/laravel/framework/src/Illuminate/Filesystem/Filesystem.php(124): Illuminate\Filesystem\Filesystem::Illuminate\Filesystem\{closure}()
#14 /home/runner/work/gestaodecustos/gestaodecustos/vendor/laravel/framework/src/Illuminate/View/Engines/PhpEngine.php(57): Illuminate\Filesystem\Filesystem->getRequire()
#15 /home/runner/work/gestaodecustos/gestaodecustos/vendor/livewire/livewire/src/Mechanisms/ExtendBlade/ExtendedCompilerEngine.php(22): Illuminate\View\Engines\PhpEngine->evaluatePath()
#16 /home/runner/work/gestaodecustos/gestaodecustos/vendor/laravel/framework/src/Illuminate/View/Engines/CompilerEngine.php(76): Livewire\Mechanisms\ExtendBlade\ExtendedCompilerEngine->evaluatePath()
#17 /home/runner/work/gestaodecustos/gestaodecustos/vendor/livewire/livewire/src/Mechanisms/ExtendBlade/ExtendedCompilerEngine.php(10): Illuminate\View\Engines\CompilerEngine->get()
#18 /home/runner/work/gestaodecustos/gestaodecustos/vendor/laravel/framework/src/Illuminate/View/View.php(208): Livewire\Mechanisms\ExtendBlade\ExtendedCompilerEngine->get()
#19 /home/runner/work/gestaodecustos/gestaodecustos/vendor/laravel/framework/src/Illuminate/View/View.php(191): Illuminate\View\View->getContents()
#20 /home/runner/work/gestaodecustos/gestaodecustos/vendor/laravel/framework/src/Illuminate/View/View.php(160): Illuminate\View\View->renderContents()
#21 /home/runner/work/gestaodecustos/gestaodecustos/vendor/laravel/framework/src/Illuminate/View/Concerns/ManagesComponents.php(103): Illuminate\View\View->render()
#22 /home/runner/work/gestaodecustos/gestaodecustos/storage/framework/views/801a63c08bf77827db6b9098dadda79d.php(17): Illuminate\View\Factory->renderComponent()
#23 /home/runner/work/gestaodecustos/gestaodecustos/vendor/laravel/framework/src/Illuminate/Filesystem/Filesystem.php(123): require('...')
#24 /home/runner/work/gestaodecustos/gestaodecustos/vendor/laravel/framework/src/Illuminate/Filesystem/Filesystem.php(124): Illuminate\Filesystem\Filesystem::Illuminate\Filesystem\{closure}()
#25 /home/runner/work/gestaodecustos/gestaodecustos/vendor/laravel/framework/src/Illuminate/View/Engines/PhpEngine.php(57): Illuminate\Filesystem\Filesystem->getRequire()
#26 /home/runner/work/gestaodecustos/gestaodecustos/vendor/livewire/livewire/src/Mechanisms/ExtendBlade/ExtendedCompilerEngine.php(22): Illuminate\View\Engines\PhpEngine->evaluatePath()
#27 /home/runner/work/gestaodecustos/gestaodecustos/vendor/laravel/framework/src/Illuminate/View/Engines/CompilerEngine.php(76): Livewire\Mechanisms\ExtendBlade\ExtendedCompilerEngine->evaluatePath()
#28 /home/runner/work/gestaodecustos/gestaodecustos/vendor/livewire/livewire/src/Mechanisms/ExtendBlade/ExtendedCompilerEngine.php(10): Illuminate\View\Engines\CompilerEngine->get()
#29 /home/runner/work/gestaodecustos/gestaodecustos/vendor/laravel/framework/src/Illuminate/View/View.php(208): Livewire\Mechanisms\ExtendBlade\ExtendedCompilerEngine->get()
#30 /home/runner/work/gestaodecustos/gestaodecustos/vendor/laravel/framework/src/Illuminate/View/View.php(191): Illuminate\View\View->getContents()
#31 /home/runner/work/gestaodecustos/gestaodecustos/vendor/laravel/framework/src/Illuminate/View/View.php(160): Illuminate\View\View->renderContents()
#32 /home/runner/work/gestaodecustos/gestaodecustos/vendor/laravel/framework/src/Illuminate/View/Compilers/BladeCompiler.php(361): Illuminate\View\View->render()
#33 /home/runner/work/gestaodecustos/gestaodecustos/vendor/laravel/framework/src/Illuminate/Support/Facades/Facade.php(364): Illuminate\View\Compilers\BladeCompiler::render()
#34 /home/runner/work/gestaodecustos/gestaodecustos/vendor/livewire/livewire/src/Features/SupportPageComponents/SupportPageComponents.php(162): Illuminate\Support\Facades\Facade::__callStatic()
#35 /home/runner/work/gestaodecustos/gestaodecustos/vendor/livewire/livewire/src/Features/SupportPageComponents/HandlesPageComponents.php(26): Livewire\Features\SupportPageComponents\SupportPageComponents::renderContentsIntoLayout()
#36 /home/runner/work/gestaodecustos/gestaodecustos/vendor/laravel/framework/src/Illuminate/Routing/ControllerDispatcher.php(46): Livewire\Component->__invoke()
#37 /home/runner/work/gestaodecustos/gestaodecustos/vendor/laravel/framework/src/Illuminate/Routing/Route.php(276): Illuminate\Routing\ControllerDispatcher->dispatch()
#38 /home/runner/work/gestaodecustos/gestaodecustos/vendor/laravel/framework/src/Illuminate/Routing/Route.php(216): Illuminate\Routing\Route->runController()
#39 /home/runner/work/gestaodecustos/gestaodecustos/vendor/laravel/framework/src/Illuminate/Routing/Router.php(822): Illuminate\Routing\Route->run()
#40 /home/runner/work/gestaodecustos/gestaodecustos/vendor/laravel/framework/src/Illuminate/Pipeline/Pipeline.php(180): Illuminate\Routing\Router->Illuminate\Routing\{closure}()
#41 /home/runner/work/gestaodecustos/gestaodecustos/vendor/laravel/framework/src/Illuminate/Auth/Middleware/EnsureEmailIsVerified.php(41): Illuminate\Pipeline\Pipeline->Illuminate\Pipeline\{closure}()
#42 /home/runner/work/gestaodecustos/gestaodecustos/vendor/laravel/framework/src/Illuminate/Pipeline/Pipeline.php(219): Illuminate\Auth\Middleware\EnsureEmailIsVerified->handle()
#43 /home/runner/work/gestaodecustos/gestaodecustos/app/Http/Middleware/ThrottleVerificationCode.php(27): Illuminate\Pipeline\Pipeline->Illuminate\Pipeline\{closure}()
#44 /home/runner/work/gestaodecustos/gestaodecustos/vendor/laravel/framework/src/Illuminate/Pipeline/Pipeline.php(219): App\Http\Middleware\ThrottleVerificationCode->handle()
#45 /home/runner/work/gestaodecustos/gestaodecustos/app/Http/Middleware/EnsureBusinessWorkspaceAccess.php(71): Illuminate\Pipeline\Pipeline->Illuminate\Pipeline\{closure}()
#46 /home/runner/work/gestaodecustos/gestaodecustos/vendor/laravel/framework/src/Illuminate/Pipeline/Pipeline.php(219): App\Http\Middleware\EnsureBusinessWorkspaceAccess->handle()
#47 /home/runner/work/gestaodecustos/gestaodecustos/app/Http/Middleware/EnsureImpersonationIsValid.php(20): Illuminate\Pipeline\Pipeline->Illuminate\Pipeline\{closure}()
#48 /home/runner/work/gestaodecustos/gestaodecustos/vendor/laravel/framework/src/Illuminate/Pipeline/Pipeline.php(219): App\Http\Middleware\EnsureImpersonationIsValid->handle()
#49 /home/runner/work/gestaodecustos/gestaodecustos/app/Http/Middleware/UpdateUserActivity.php(27): Illuminate\Pipeline\Pipeline->Illuminate\Pipeline\{closure}()
#50 /home/runner/work/gestaodecustos/gestaodecustos/vendor/laravel/framework/src/Illuminate/Pipeline/Pipeline.php(219): App\Http\Middleware\UpdateUserActivity->handle()
#51 /home/runner/work/gestaodecustos/gestaodecustos/app/Http/Middleware/CheckRegistrationStatus.php(25): Illuminate\Pipeline\Pipeline->Illuminate\Pipeline\{closure}()
#52 /home/runner/work/gestaodecustos/gestaodecustos/vendor/laravel/framework/src/Illuminate/Pipeline/Pipeline.php(219): App\Http\Middleware\CheckRegistrationStatus->handle()
#53 /home/runner/work/gestaodecustos/gestaodecustos/app/Http/Middleware/CheckMaintenanceMode.php(41): Illuminate\Pipeline\Pipeline->Illuminate\Pipeline\{closure}()
#54 /home/runner/work/gestaodecustos/gestaodecustos/vendor/laravel/framework/src/Illuminate/Pipeline/Pipeline.php(219): App\Http\Middleware\CheckMaintenanceMode->handle()
#55 /home/runner/work/gestaodecustos/gestaodecustos/app/Http/Middleware/SetLocale.php(30): Illuminate\Pipeline\Pipeline->Illuminate\Pipeline\{closure}()
#56 /home/runner/work/gestaodecustos/gestaodecustos/vendor/laravel/framework/src/Illuminate/Pipeline/Pipeline.php(219): App\Http\Middleware\SetLocale->handle()
#57 /home/runner/work/gestaodecustos/gestaodecustos/vendor/laravel/framework/src/Illuminate/Routing/Middleware/SubstituteBindings.php(52): Illuminate\Pipeline\Pipeline->Illuminate\Pipeline\{closure}()
#58 /home/runner/work/gestaodecustos/gestaodecustos/vendor/laravel/framework/src/Illuminate/Pipeline/Pipeline.php(219): Illuminate\Routing\Middleware\SubstituteBindings->handle()
#59 /home/runner/work/gestaodecustos/gestaodecustos/vendor/laravel/framework/src/Illuminate/Auth/Middleware/Authenticate.php(63): Illuminate\Pipeline\Pipeline->Illuminate\Pipeline\{closure}()
#60 /home/runner/work/gestaodecustos/gestaodecustos/vendor/laravel/framework/src/Illuminate/Pipeline/Pipeline.php(219): Illuminate\Auth\Middleware\Authenticate->handle()
#61 /home/runner/work/gestaodecustos/gestaodecustos/vendor/laravel/framework/src/Illuminate/Foundation/Http/Middleware/PreventRequestForgery.php(104): Illuminate\Pipeline\Pipeline->Illuminate\Pipeline\{closure}()
#62 /home/runner/work/gestaodecustos/gestaodecustos/vendor/laravel/framework/src/Illuminate/Pipeline/Pipeline.php(219): Illuminate\Foundation\Http\Middleware\PreventRequestForgery->handle()
#63 /home/runner/work/gestaodecustos/gestaodecustos/vendor/laravel/framework/src/Illuminate/View/Middleware/ShareErrorsFromSession.php(48): Illuminate\Pipeline\Pipeline->Illuminate\Pipeline\{closure}()
#64 /home/runner/work/gestaodecustos/gestaodecustos/vendor/laravel/framework/src/Illuminate/Pipeline/Pipeline.php(219): Illuminate\View\Middleware\ShareErrorsFromSession->handle()
#65 /home/runner/work/gestaodecustos/gestaodecustos/vendor/laravel/framework/src/Illuminate/Session/Middleware/StartSession.php(120): Illuminate\Pipeline\Pipeline->Illuminate\Pipeline\{closure}()
#66 /home/runner/work/gestaodecustos/gestaodecustos/vendor/laravel/framework/src/Illuminate/Session/Middleware/StartSession.php(63): Illuminate\Session\Middleware\StartSession->handleStatefulRequest()
#67 /home/runner/work/gestaodecustos/gestaodecustos/vendor/laravel/framework/src/Illuminate/Pipeline/Pipeline.php(219): Illuminate\Session\Middleware\StartSession->handle()
#68 /home/runner/work/gestaodecustos/gestaodecustos/vendor/laravel/framework/src/Illuminate/Cookie/Middleware/AddQueuedCookiesToResponse.php(36): Illuminate\Pipeline\Pipeline->Illuminate\Pipeline\{closure}()
#69 /home/runner/work/gestaodecustos/gestaodecustos/vendor/laravel/framework/src/Illuminate/Pipeline/Pipeline.php(219): Illuminate\Cookie\Middleware\AddQueuedCookiesToResponse->handle()
#70 /home/runner/work/gestaodecustos/gestaodecustos/vendor/laravel/framework/src/Illuminate/Cookie/Middleware/EncryptCookies.php(74): Illuminate\Pipeline\Pipeline->Illuminate\Pipeline\{closure}()
#71 /home/runner/work/gestaodecustos/gestaodecustos/vendor/laravel/framework/src/Illuminate/Pipeline/Pipeline.php(219): Illuminate\Cookie\Middleware\EncryptCookies->handle()
#72 /home/runner/work/gestaodecustos/gestaodecustos/vendor/laravel/framework/src/Illuminate/Pipeline/Pipeline.php(137): Illuminate\Pipeline\Pipeline->Illuminate\Pipeline\{closure}()
#73 /home/runner/work/gestaodecustos/gestaodecustos/vendor/laravel/framework/src/Illuminate/Routing/Router.php(821): Illuminate\Pipeline\Pipeline->then()
#74 /home/runner/work/gestaodecustos/gestaodecustos/vendor/laravel/framework/src/Illuminate/Routing/Router.php(800): Illuminate\Routing\Router->runRouteWithinStack()
#75 /home/runner/work/gestaodecustos/gestaodecustos/vendor/laravel/framework/src/Illuminate/Routing/Router.php(764): Illuminate\Routing\Router->runRoute()
#76 /home/runner/work/gestaodecustos/gestaodecustos/vendor/laravel/framework/src/Illuminate/Routing/Router.php(753): Illuminate\Routing\Router->dispatchToRoute()
#77 /home/runner/work/gestaodecustos/gestaodecustos/vendor/laravel/framework/src/Illuminate/Foundation/Http/Kernel.php(200): Illuminate\Routing\Router->dispatch()
#78 /home/runner/work/gestaodecustos/gestaodecustos/vendor/laravel/framework/src/Illuminate/Pipeline/Pipeline.php(180): Illuminate\Foundation\Http\Kernel->Illuminate\Foundation\Http\{closure}()
#79 /home/runner/work/gestaodecustos/gestaodecustos/vendor/livewire/livewire/src/Features/SupportDisablingBackButtonCache/DisableBackButtonCacheMiddleware.php(19): Illuminate\Pipeline\Pipeline->Illuminate\Pipeline\{closure}()
#80 /home/runner/work/gestaodecustos/gestaodecustos/vendor/laravel/framework/src/Illuminate/Pipeline/Pipeline.php(219): Livewire\Features\SupportDisablingBackButtonCache\DisableBackButtonCacheMiddleware->handle()
#81 /home/runner/work/gestaodecustos/gestaodecustos/vendor/laravel/framework/src/Illuminate/Foundation/Http/Middleware/TransformsRequest.php(21): Illuminate\Pipeline\Pipeline->Illuminate\Pipeline\{closure}()
#82 /home/runner/work/gestaodecustos/gestaodecustos/vendor/laravel/framework/src/Illuminate/Foundation/Http/Middleware/ConvertEmptyStringsToNull.php(31): Illuminate\Foundation\Http\Middleware\TransformsRequest->handle()
#83 /home/runner/work/gestaodecustos/gestaodecustos/vendor/laravel/framework/src/Illuminate/Pipeline/Pipeline.php(219): Illuminate\Foundation\Http\Middleware\ConvertEmptyStringsToNull->handle()
#84 /home/runner/work/gestaodecustos/gestaodecustos/vendor/laravel/framework/src/Illuminate/Foundation/Http/Middleware/TransformsRequest.php(21): Illuminate\Pipeline\Pipeline->Illuminate\Pipeline\{closure}()
#85 /home/runner/work/gestaodecustos/gestaodecustos/vendor/laravel/framework/src/Illuminate/Foundation/Http/Middleware/TrimStrings.php(51): Illuminate\Foundation\Http\Middleware\TransformsRequest->handle()
#86 /home/runner/work/gestaodecustos/gestaodecustos/vendor/laravel/framework/src/Illuminate/Pipeline/Pipeline.php(219): Illuminate\Foundation\Http\Middleware\TrimStrings->handle()
#87 /home/runner/work/gestaodecustos/gestaodecustos/vendor/laravel/framework/src/Illuminate/Http/Middleware/ValidatePostSize.php(27): Illuminate\Pipeline\Pipeline->Illuminate\Pipeline\{closure}()
#88 /home/runner/work/gestaodecustos/gestaodecustos/vendor/laravel/framework/src/Illuminate/Pipeline/Pipeline.php(219): Illuminate\Http\Middleware\ValidatePostSize->handle()
#89 /home/runner/work/gestaodecustos/gestaodecustos/vendor/laravel/framework/src/Illuminate/Foundation/Http/Middleware/PreventRequestsDuringMaintenance.php(110): Illuminate\Pipeline\Pipeline->Illuminate\Pipeline\{closure}()
#90 /home/runner/work/gestaodecustos/gestaodecustos/vendor/laravel/framework/src/Illuminate/Pipeline/Pipeline.php(219): Illuminate\Foundation\Http\Middleware\PreventRequestsDuringMaintenance->handle()
#91 /home/runner/work/gestaodecustos/gestaodecustos/vendor/laravel/framework/src/Illuminate/Http/Middleware/HandleCors.php(61): Illuminate\Pipeline\Pipeline->Illuminate\Pipeline\{closure}()
#92 /home/runner/work/gestaodecustos/gestaodecustos/vendor/laravel/framework/src/Illuminate/Pipeline/Pipeline.php(219): Illuminate\Http\Middleware\HandleCors->handle()
#93 /home/runner/work/gestaodecustos/gestaodecustos/vendor/laravel/framework/src/Illuminate/Http/Middleware/TrustProxies.php(58): Illuminate\Pipeline\Pipeline->Illuminate\Pipeline\{closure}()
#94 /home/runner/work/gestaodecustos/gestaodecustos/vendor/laravel/framework/src/Illuminate/Pipeline/Pipeline.php(219): Illuminate\Http\Middleware\TrustProxies->handle()
#95 /home/runner/work/gestaodecustos/gestaodecustos/vendor/laravel/framework/src/Illuminate/Foundation/Http/Middleware/InvokeDeferredCallbacks.php(22): Illuminate\Pipeline\Pipeline->Illuminate\Pipeline\{closure}()
#96 /home/runner/work/gestaodecustos/gestaodecustos/vendor/laravel/framework/src/Illuminate/Pipeline/Pipeline.php(219): Illuminate\Foundation\Http\Middleware\InvokeDeferredCallbacks->handle()
#97 /home/runner/work/gestaodecustos/gestaodecustos/vendor/laravel/framework/src/Illuminate/Http/Middleware/ValidatePathEncoding.php(28): Illuminate\Pipeline\Pipeline->Illuminate\Pipeline\{closure}()
#98 /home/runner/work/gestaodecustos/gestaodecustos/vendor/laravel/framework/src/Illuminate/Pipeline/Pipeline.php(219): Illuminate\Http\Middleware\ValidatePathEncoding->handle()
#99 /home/runner/work/gestaodecustos/gestaodecustos/vendor/laravel/framework/src/Illuminate/Pipeline/Pipeline.php(137): Illuminate\Pipeline\Pipeline->Illuminate\Pipeline\{closure}()
#100 /home/runner/work/gestaodecustos/gestaodecustos/vendor/laravel/framework/src/Illuminate/Foundation/Http/Kernel.php(175): Illuminate\Pipeline\Pipeline->then()
#101 /home/runner/work/gestaodecustos/gestaodecustos/vendor/laravel/framework/src/Illuminate/Foundation/Http/Kernel.php(144): Illuminate\Foundation\Http\Kernel->sendRequestThroughRouter()
#102 /home/runner/work/gestaodecustos/gestaodecustos/vendor/laravel/framework/src/Illuminate/Foundation/Testing/Concerns/MakesHttpRequests.php(638): Illuminate\Foundation\Http\Kernel->handle()
#103 /home/runner/work/gestaodecustos/gestaodecustos/vendor/laravel/framework/src/Illuminate/Foundation/Testing/Concerns/MakesHttpRequests.php(368): Illuminate\Foundation\Testing\TestCase->call()
#104 /home/runner/work/gestaodecustos/gestaodecustos/tests/Feature/Auth/AuthenticationTest.php(51): Illuminate\Foundation\Testing\TestCase->get()
#105 /home/runner/work/gestaodecustos/gestaodecustos/vendor/pestphp/pest/src/Factories/TestCaseMethodFactory.php(177): P\Tests\Feature\Auth\AuthenticationTest->{closure}()
#106 [internal function]: P\Tests\Feature\Auth\AuthenticationTest->Pest\Factories\{closure}()
#107 /home/runner/work/gestaodecustos/gestaodecustos/vendor/pestphp/pest/src/Concerns/Testable.php(514): call_user_func_array()
#108 /home/runner/work/gestaodecustos/gestaodecustos/vendor/pestphp/pest/src/Support/ExceptionTrace.php(26): P\Tests\Feature\Auth\AuthenticationTest->Pest\Concerns\{closure}()
#109 /home/runner/work/gestaodecustos/gestaodecustos/vendor/pestphp/pest/src/Concerns/Testable.php(514): Pest\Support\ExceptionTrace::ensure()
#110 /home/runner/work/gestaodecustos/gestaodecustos/vendor/pestphp/pest/src/Concerns/Testable.php(336): P\Tests\Feature\Auth\AuthenticationTest->__callClosure()
#111 /home/runner/work/gestaodecustos/gestaodecustos/vendor/pestphp/pest/src/Factories/TestCaseFactory.php(179) : eval()'d code(61): P\Tests\Feature\Auth\AuthenticationTest->__runTest()
#112 /home/runner/work/gestaodecustos/gestaodecustos/vendor/phpunit/phpunit/src/Framework/TestCase.php(1318): P\Tests\Feature\Auth\AuthenticationTest->__pest_evaluable_navigation_menu_can_be_rendered()
#113 /home/runner/work/gestaodecustos/gestaodecustos/vendor/phpunit/phpunit/src/Framework/TestCase.php(1355): PHPUnit\Framework\TestCase->invokeTestMethod()
#114 /home/runner/work/gestaodecustos/gestaodecustos/vendor/phpunit/phpunit/src/Framework/TestCase.php(521): PHPUnit\Framework\TestCase->runTest()
#115 /home/runner/work/gestaodecustos/gestaodecustos/vendor/phpunit/phpunit/src/Framework/TestRunner/TestRunner.php(99): PHPUnit\Framework\TestCase->runBare()
#116 /home/runner/work/gestaodecustos/gestaodecustos/vendor/phpunit/phpunit/src/Framework/TestCase.php(361): PHPUnit\Framework\TestRunner->run()
#117 /home/runner/work/gestaodecustos/gestaodecustos/vendor/phpunit/phpunit/src/Framework/TestSuite.php(374): PHPUnit\Framework\TestCase->run()
#118 /home/runner/work/gestaodecustos/gestaodecustos/vendor/phpunit/phpunit/src/Framework/TestSuite.php(374): PHPUnit\Framework\TestSuite->run()
#119 /home/runner/work/gestaodecustos/gestaodecustos/vendor/phpunit/phpunit/src/Framework/TestSuite.php(374): PHPUnit\Framework\TestSuite->run()
#120 /home/runner/work/gestaodecustos/gestaodecustos/vendor/phpunit/phpunit/src/TextUI/TestRunner.php(64): PHPUnit\Framework\TestSuite->run()
#121 /home/runner/work/gestaodecustos/gestaodecustos/vendor/phpunit/phpunit/src/TextUI/Application.php(229): PHPUnit\TextUI\TestRunner->run()
#122 /home/runner/work/gestaodecustos/gestaodecustos/vendor/pestphp/pest/src/Kernel.php(103): PHPUnit\TextUI\Application->run()
#123 /home/runner/work/gestaodecustos/gestaodecustos/vendor/pestphp/pest/bin/pest(196): Pest\Kernel->handle()
#124 /home/runner/work/gestaodecustos/gestaodecustos/vendor/pestphp/pest/bin/pest(204): {closure}()
#125 /home/runner/work/gestaodecustos/gestaodecustos/vendor/bin/pest(119): include('...')
#126 {main}

Next Illuminate\View\ViewException: Unable to locate file in Vite manifest: resources/js/modal-controls.js. (View: /home/runner/work/gestaodecustos/gestaodecustos/resources/views/partials/head.blade.php) in /home/runner/work/gestaodecustos/gestaodecustos/vendor/laravel/framework/src/Illuminate/Foundation/Vite.php:1042
Stack trace:
#0 /home/runner/work/gestaodecustos/gestaodecustos/vendor/livewire/livewire/src/Mechanisms/ExtendBlade/ExtendedCompilerEngine.php(58): Illuminate\View\Engines\CompilerEngine->handleViewException()
#1 /home/runner/work/gestaodecustos/gestaodecustos/vendor/laravel/framework/src/Illuminate/View/Engines/PhpEngine.php(59): Livewire\Mechanisms\ExtendBlade\ExtendedCompilerEngine->handleViewException()
#2 /home/runner/work/gestaodecustos/gestaodecustos/vendor/livewire/livewire/src/Mechanisms/ExtendBlade/ExtendedCompilerEngine.php(22): Illuminate\View\Engines\PhpEngine->evaluatePath()
#3 /home/runner/work/gestaodecustos/gestaodecustos/vendor/laravel/framework/src/Illuminate/View/Engines/CompilerEngine.php(76): Livewire\Mechanisms\ExtendBlade\ExtendedCompilerEngine->evaluatePath()
#4 /home/runner/work/gestaodecustos/gestaodecustos/vendor/livewire/livewire/src/Mechanisms/ExtendBlade/ExtendedCompilerEngine.php(10): Illuminate\View\Engines\CompilerEngine->get()
#5 /home/runner/work/gestaodecustos/gestaodecustos/vendor/laravel/framework/src/Illuminate/View/View.php(208): Livewire\Mechanisms\ExtendBlade\ExtendedCompilerEngine->get()
#6 /home/runner/work/gestaodecustos/gestaodecustos/vendor/laravel/framework/src/Illuminate/View/View.php(191): Illuminate\View\View->getContents()
#7 /home/runner/work/gestaodecustos/gestaodecustos/vendor/laravel/framework/src/Illuminate/View/View.php(160): Illuminate\View\View->renderContents()
#8 /home/runner/work/gestaodecustos/gestaodecustos/storage/framework/views/836a8a15524c86ff37c2b633e40219d3.php(51): Illuminate\View\View->render()
#9 /home/runner/work/gestaodecustos/gestaodecustos/vendor/laravel/framework/src/Illuminate/Filesystem/Filesystem.php(123): require('...')
#10 /home/runner/work/gestaodecustos/gestaodecustos/vendor/laravel/framework/src/Illuminate/Filesystem/Filesystem.php(124): Illuminate\Filesystem\Filesystem::Illuminate\Filesystem\{closure}()
#11 /home/runner/work/gestaodecustos/gestaodecustos/vendor/laravel/framework/src/Illuminate/View/Engines/PhpEngine.php(57): Illuminate\Filesystem\Filesystem->getRequire()
#12 /home/runner/work/gestaodecustos/gestaodecustos/vendor/livewire/livewire/src/Mechanisms/ExtendBlade/ExtendedCompilerEngine.php(22): Illuminate\View\Engines\PhpEngine->evaluatePath()
#13 /home/runner/work/gestaodecustos/gestaodecustos/vendor/laravel/framework/src/Illuminate/View/Engines/CompilerEngine.php(76): Livewire\Mechanisms\ExtendBlade\ExtendedCompilerEngine->evaluatePath()
#14 /home/runner/work/gestaodecustos/gestaodecustos/vendor/livewire/livewire/src/Mechanisms/ExtendBlade/ExtendedCompilerEngine.php(10): Illuminate\View\Engines\CompilerEngine->get()
#15 /home/runner/work/gestaodecustos/gestaodecustos/vendor/laravel/framework/src/Illuminate/View/View.php(208): Livewire\Mechanisms\ExtendBlade\ExtendedCompilerEngine->get()
#16 /home/runner/work/gestaodecustos/gestaodecustos/vendor/laravel/framework/src/Illuminate/View/View.php(191): Illuminate\View\View->getContents()
#17 /home/runner/work/gestaodecustos/gestaodecustos/vendor/laravel/framework/src/Illuminate/View/View.php(160): Illuminate\View\View->renderContents()
#18 /home/runner/work/gestaodecustos/gestaodecustos/vendor/laravel/framework/src/Illuminate/View/Concerns/ManagesComponents.php(103): Illuminate\View\View->render()
#19 /home/runner/work/gestaodecustos/gestaodecustos/storage/framework/views/801a63c08bf77827db6b9098dadda79d.php(17): Illuminate\View\Factory->renderComponent()
#20 /home/runner/work/gestaodecustos/gestaodecustos/vendor/laravel/framework/src/Illuminate/Filesystem/Filesystem.php(123): require('...')
#21 /home/runner/work/gestaodecustos/gestaodecustos/vendor/laravel/framework/src/Illuminate/Filesystem/Filesystem.php(124): Illuminate\Filesystem\Filesystem::Illuminate\Filesystem\{closure}()
#22 /home/runner/work/gestaodecustos/gestaodecustos/vendor/laravel/framework/src/Illuminate/View/Engines/PhpEngine.php(57): Illuminate\Filesystem\Filesystem->getRequire()
#23 /home/runner/work/gestaodecustos/gestaodecustos/vendor/livewire/livewire/src/Mechanisms/ExtendBlade/ExtendedCompilerEngine.php(22): Illuminate\View\Engines\PhpEngine->evaluatePath()
#24 /home/runner/work/gestaodecustos/gestaodecustos/vendor/laravel/framework/src/Illuminate/View/Engines/CompilerEngine.php(76): Livewire\Mechanisms\ExtendBlade\ExtendedCompilerEngine->evaluatePath()
#25 /home/runner/work/gestaodecustos/gestaodecustos/vendor/livewire/livewire/src/Mechanisms/ExtendBlade/ExtendedCompilerEngine.php(10): Illuminate\View\Engines\CompilerEngine->get()
#26 /home/runner/work/gestaodecustos/gestaodecustos/vendor/laravel/framework/src/Illuminate/View/View.php(208): Livewire\Mechanisms\ExtendBlade\ExtendedCompilerEngine->get()
#27 /home/runner/work/gestaodecustos/gestaodecustos/vendor/laravel/framework/src/Illuminate/View/View.php(191): Illuminate\View\View->getContents()
#28 /home/runner/work/gestaodecustos/gestaodecustos/vendor/laravel/framework/src/Illuminate/View/View.php(160): Illuminate\View\View->renderContents()
#29 /home/runner/work/gestaodecustos/gestaodecustos/vendor/laravel/framework/src/Illuminate/View/Compilers/BladeCompiler.php(361): Illuminate\View\View->render()
#30 /home/runner/work/gestaodecustos/gestaodecustos/vendor/laravel/framework/src/Illuminate/Support/Facades/Facade.php(364): Illuminate\View\Compilers\BladeCompiler::render()
#31 /home/runner/work/gestaodecustos/gestaodecustos/vendor/livewire/livewire/src/Features/SupportPageComponents/SupportPageComponents.php(162): Illuminate\Support\Facades\Facade::__callStatic()
#32 /home/runner/work/gestaodecustos/gestaodecustos/vendor/livewire/livewire/src/Features/SupportPageComponents/HandlesPageComponents.php(26): Livewire\Features\SupportPageComponents\SupportPageComponents::renderContentsIntoLayout()
#33 /home/runner/work/gestaodecustos/gestaodecustos/vendor/laravel/framework/src/Illuminate/Routing/ControllerDispatcher.php(46): Livewire\Component->__invoke()
#34 /home/runner/work/gestaodecustos/gestaodecustos/vendor/laravel/framework/src/Illuminate/Routing/Route.php(276): Illuminate\Routing\ControllerDispatcher->dispatch()
#35 /home/runner/work/gestaodecustos/gestaodecustos/vendor/laravel/framework/src/Illuminate/Routing/Route.php(216): Illuminate\Routing\Route->runController()
#36 /home/runner/work/gestaodecustos/gestaodecustos/vendor/laravel/framework/src/Illuminate/Routing/Router.php(822): Illuminate\Routing\Route->run()
#37 /home/runner/work/gestaodecustos/gestaodecustos/vendor/laravel/framework/src/Illuminate/Pipeline/Pipeline.php(180): Illuminate\Routing\Router->Illuminate\Routing\{closure}()
#38 /home/runner/work/gestaodecustos/gestaodecustos/vendor/laravel/framework/src/Illuminate/Auth/Middleware/EnsureEmailIsVerified.php(41): Illuminate\Pipeline\Pipeline->Illuminate\Pipeline\{closure}()
#39 /home/runner/work/gestaodecustos/gestaodecustos/vendor/laravel/framework/src/Illuminate/Pipeline/Pipeline.php(219): Illuminate\Auth\Middleware\EnsureEmailIsVerified->handle()
#40 /home/runner/work/gestaodecustos/gestaodecustos/app/Http/Middleware/ThrottleVerificationCode.php(27): Illuminate\Pipeline\Pipeline->Illuminate\Pipeline\{closure}()
#41 /home/runner/work/gestaodecustos/gestaodecustos/vendor/laravel/framework/src/Illuminate/Pipeline/Pipeline.php(219): App\Http\Middleware\ThrottleVerificationCode->handle()
#42 /home/runner/work/gestaodecustos/gestaodecustos/app/Http/Middleware/EnsureBusinessWorkspaceAccess.php(71): Illuminate\Pipeline\Pipeline->Illuminate\Pipeline\{closure}()
#43 /home/runner/work/gestaodecustos/gestaodecustos/vendor/laravel/framework/src/Illuminate/Pipeline/Pipeline.php(219): App\Http\Middleware\EnsureBusinessWorkspaceAccess->handle()
#44 /home/runner/work/gestaodecustos/gestaodecustos/app/Http/Middleware/EnsureImpersonationIsValid.php(20): Illuminate\Pipeline\Pipeline->Illuminate\Pipeline\{closure}()
#45 /home/runner/work/gestaodecustos/gestaodecustos/vendor/laravel/framework/src/Illuminate/Pipeline/Pipeline.php(219): App\Http\Middleware\EnsureImpersonationIsValid->handle()
#46 /home/runner/work/gestaodecustos/gestaodecustos/app/Http/Middleware/UpdateUserActivity.php(27): Illuminate\Pipeline\Pipeline->Illuminate\Pipeline\{closure}()
#47 /home/runner/work/gestaodecustos/gestaodecustos/vendor/laravel/framework/src/Illuminate/Pipeline/Pipeline.php(219): App\Http\Middleware\UpdateUserActivity->handle()
#48 /home/runner/work/gestaodecustos/gestaodecustos/app/Http/Middleware/CheckRegistrationStatus.php(25): Illuminate\Pipeline\Pipeline->Illuminate\Pipeline\{closure}()
#49 /home/runner/work/gestaodecustos/gestaodecustos/vendor/laravel/framework/src/Illuminate/Pipeline/Pipeline.php(219): App\Http\Middleware\CheckRegistrationStatus->handle()
#50 /home/runner/work/gestaodecustos/gestaodecustos/app/Http/Middleware/CheckMaintenanceMode.php(41): Illuminate\Pipeline\Pipeline->Illuminate\Pipeline\{closure}()
#51 /home/runner/work/gestaodecustos/gestaodecustos/vendor/laravel/framework/src/Illuminate/Pipeline/Pipeline.php(219): App\Http\Middleware\CheckMaintenanceMode->handle()
#52 /home/runner/work/gestaodecustos/gestaodecustos/app/Http/Middleware/SetLocale.php(30): Illuminate\Pipeline\Pipeline->Illuminate\Pipeline\{closure}()
#53 /home/runner/work/gestaodecustos/gestaodecustos/vendor/laravel/framework/src/Illuminate/Pipeline/Pipeline.php(219): App\Http\Middleware\SetLocale->handle()
#54 /home/runner/work/gestaodecustos/gestaodecustos/vendor/laravel/framework/src/Illuminate/Routing/Middleware/SubstituteBindings.php(52): Illuminate\Pipeline\Pipeline->Illuminate\Pipeline\{closure}()
#55 /home/runner/work/gestaodecustos/gestaodecustos/vendor/laravel/framework/src/Illuminate/Pipeline/Pipeline.php(219): Illuminate\Routing\Middleware\SubstituteBindings->handle()
#56 /home/runner/work/gestaodecustos/gestaodecustos/vendor/laravel/framework/src/Illuminate/Auth/Middleware/Authenticate.php(63): Illuminate\Pipeline\Pipeline->Illuminate\Pipeline\{closure}()
#57 /home/runner/work/gestaodecustos/gestaodecustos/vendor/laravel/framework/src/Illuminate/Pipeline/Pipeline.php(219): Illuminate\Auth\Middleware\Authenticate->handle()
#58 /home/runner/work/gestaodecustos/gestaodecustos/vendor/laravel/framework/src/Illuminate/Foundation/Http/Middleware/PreventRequestForgery.php(104): Illuminate\Pipeline\Pipeline->Illuminate\Pipeline\{closure}()
#59 /home/runner/work/gestaodecustos/gestaodecustos/vendor/laravel/framework/src/Illuminate/Pipeline/Pipeline.php(219): Illuminate\Foundation\Http\Middleware\PreventRequestForgery->handle()
#60 /home/runner/work/gestaodecustos/gestaodecustos/vendor/laravel/framework/src/Illuminate/View/Middleware/ShareErrorsFromSession.php(48): Illuminate\Pipeline\Pipeline->Illuminate\Pipeline\{closure}()
#61 /home/runner/work/gestaodecustos/gestaodecustos/vendor/laravel/framework/src/Illuminate/Pipeline/Pipeline.php(219): Illuminate\View\Middleware\ShareErrorsFromSession->handle()
#62 /home/runner/work/gestaodecustos/gestaodecustos/vendor/laravel/framework/src/Illuminate/Session/Middleware/StartSession.php(120): Illuminate\Pipeline\Pipeline->Illuminate\Pipeline\{closure}()
#63 /home/runner/work/gestaodecustos/gestaodecustos/vendor/laravel/framework/src/Illuminate/Session/Middleware/StartSession.php(63): Illuminate\Session\Middleware\StartSession->handleStatefulRequest()
#64 /home/runner/work/gestaodecustos/gestaodecustos/vendor/laravel/framework/src/Illuminate/Pipeline/Pipeline.php(219): Illuminate\Session\Middleware\StartSession->handle()
#65 /home/runner/work/gestaodecustos/gestaodecustos/vendor/laravel/framework/src/Illuminate/Cookie/Middleware/AddQueuedCookiesToResponse.php(36): Illuminate\Pipeline\Pipeline->Illuminate\Pipeline\{closure}()
#66 /home/runner/work/gestaodecustos/gestaodecustos/vendor/laravel/framework/src/Illuminate/Pipeline/Pipeline.php(219): Illuminate\Cookie\Middleware\AddQueuedCookiesToResponse->handle()
#67 /home/runner/work/gestaodecustos/gestaodecustos/vendor/laravel/framework/src/Illuminate/Cookie/Middleware/EncryptCookies.php(74): Illuminate\Pipeline\Pipeline->Illuminate\Pipeline\{closure}()
#68 /home/runner/work/gestaodecustos/gestaodecustos/vendor/laravel/framework/src/Illuminate/Pipeline/Pipeline.php(219): Illuminate\Cookie\Middleware\EncryptCookies->handle()
#69 /home/runner/work/gestaodecustos/gestaodecustos/vendor/laravel/framework/src/Illuminate/Pipeline/Pipeline.php(137): Illuminate\Pipeline\Pipeline->Illuminate\Pipeline\{closure}()
#70 /home/runner/work/gestaodecustos/gestaodecustos/vendor/laravel/framework/src/Illuminate/Routing/Router.php(821): Illuminate\Pipeline\Pipeline->then()
#71 /home/runner/work/gestaodecustos/gestaodecustos/vendor/laravel/framework/src/Illuminate/Routing/Router.php(800): Illuminate\Routing\Router->runRouteWithinStack()
#72 /home/runner/work/gestaodecustos/gestaodecustos/vendor/laravel/framework/src/Illuminate/Routing/Router.php(764): Illuminate\Routing\Router->runRoute()
#73 /home/runner/work/gestaodecustos/gestaodecustos/vendor/laravel/framework/src/Illuminate/Routing/Router.php(753): Illuminate\Routing\Router->dispatchToRoute()
#74 /home/runner/work/gestaodecustos/gestaodecustos/vendor/laravel/framework/src/Illuminate/Foundation/Http/Kernel.php(200): Illuminate\Routing\Router->dispatch()
#75 /home/runner/work/gestaodecustos/gestaodecustos/vendor/laravel/framework/src/Illuminate/Pipeline/Pipeline.php(180): Illuminate\Foundation\Http\Kernel->Illuminate\Foundation\Http\{closure}()
#76 /home/runner/work/gestaodecustos/gestaodecustos/vendor/livewire/livewire/src/Features/SupportDisablingBackButtonCache/DisableBackButtonCacheMiddleware.php(19): Illuminate\Pipeline\Pipeline->Illuminate\Pipeline\{closure}()
#77 /home/runner/work/gestaodecustos/gestaodecustos/vendor/laravel/framework/src/Illuminate/Pipeline/Pipeline.php(219): Livewire\Features\SupportDisablingBackButtonCache\DisableBackButtonCacheMiddleware->handle()
#78 /home/runner/work/gestaodecustos/gestaodecustos/vendor/laravel/framework/src/Illuminate/Foundation/Http/Middleware/TransformsRequest.php(21): Illuminate\Pipeline\Pipeline->Illuminate\Pipeline\{closure}()
#79 /home/runner/work/gestaodecustos/gestaodecustos/vendor/laravel/framework/src/Illuminate/Foundation/Http/Middleware/ConvertEmptyStringsToNull.php(31): Illuminate\Foundation\Http\Middleware\TransformsRequest->handle()
#80 /home/runner/work/gestaodecustos/gestaodecustos/vendor/laravel/framework/src/Illuminate/Pipeline/Pipeline.php(219): Illuminate\Foundation\Http\Middleware\ConvertEmptyStringsToNull->handle()
#81 /home/runner/work/gestaodecustos/gestaodecustos/vendor/laravel/framework/src/Illuminate/Foundation/Http/Middleware/TransformsRequest.php(21): Illuminate\Pipeline\Pipeline->Illuminate\Pipeline\{closure}()
#82 /home/runner/work/gestaodecustos/gestaodecustos/vendor/laravel/framework/src/Illuminate/Foundation/Http/Middleware/TrimStrings.php(51): Illuminate\Foundation\Http\Middleware\TransformsRequest->handle()
#83 /home/runner/work/gestaodecustos/gestaodecustos/vendor/laravel/framework/src/Illuminate/Pipeline/Pipeline.php(219): Illuminate\Foundation\Http\Middleware\TrimStrings->handle()
#84 /home/runner/work/gestaodecustos/gestaodecustos/vendor/laravel/framework/src/Illuminate/Http/Middleware/ValidatePostSize.php(27): Illuminate\Pipeline\Pipeline->Illuminate\Pipeline\{closure}()
#85 /home/runner/work/gestaodecustos/gestaodecustos/vendor/laravel/framework/src/Illuminate/Pipeline/Pipeline.php(219): Illuminate\Http\Middleware\ValidatePostSize->handle()
#86 /home/runner/work/gestaodecustos/gestaodecustos/vendor/laravel/framework/src/Illuminate/Foundation/Http/Middleware/PreventRequestsDuringMaintenance.php(110): Illuminate\Pipeline\Pipeline->Illuminate\Pipeline\{closure}()
#87 /home/runner/work/gestaodecustos/gestaodecustos/vendor/laravel/framework/src/Illuminate/Pipeline/Pipeline.php(219): Illuminate\Foundation\Http\Middleware\PreventRequestsDuringMaintenance->handle()
#88 /home/runner/work/gestaodecustos/gestaodecustos/vendor/laravel/framework/src/Illuminate/Http/Middleware/HandleCors.php(61): Illuminate\Pipeline\Pipeline->Illuminate\Pipeline\{closure}()
#89 /home/runner/work/gestaodecustos/gestaodecustos/vendor/laravel/framework/src/Illuminate/Pipeline/Pipeline.php(219): Illuminate\Http\Middleware\HandleCors->handle()
#90 /home/runner/work/gestaodecustos/gestaodecustos/vendor/laravel/framework/src/Illuminate/Http/Middleware/TrustProxies.php(58): Illuminate\Pipeline\Pipeline->Illuminate\Pipeline\{closure}()
#91 /home/runner/work/gestaodecustos/gestaodecustos/vendor/laravel/framework/src/Illuminate/Pipeline/Pipeline.php(219): Illuminate\Http\Middleware\TrustProxies->handle()
#92 /home/runner/work/gestaodecustos/gestaodecustos/vendor/laravel/framework/src/Illuminate/Foundation/Http/Middleware/InvokeDeferredCallbacks.php(22): Illuminate\Pipeline\Pipeline->Illuminate\Pipeline\{closure}()
#93 /home/runner/work/gestaodecustos/gestaodecustos/vendor/laravel/framework/src/Illuminate/Pipeline/Pipeline.php(219): Illuminate\Foundation\Http\Middleware\InvokeDeferredCallbacks->handle()
#94 /home/runner/work/gestaodecustos/gestaodecustos/vendor/laravel/framework/src/Illuminate/Http/Middleware/ValidatePathEncoding.php(28): Illuminate\Pipeline\Pipeline->Illuminate\Pipeline\{closure}()
#95 /home/runner/work/gestaodecustos/gestaodecustos/vendor/laravel/framework/src/Illuminate/Pipeline/Pipeline.php(219): Illuminate\Http\Middleware\ValidatePathEncoding->handle()
#96 /home/runner/work/gestaodecustos/gestaodecustos/vendor/laravel/framework/src/Illuminate/Pipeline/Pipeline.php(137): Illuminate\Pipeline\Pipeline->Illuminate\Pipeline\{closure}()
#97 /home/runner/work/gestaodecustos/gestaodecustos/vendor/laravel/framework/src/Illuminate/Foundation/Http/Kernel.php(175): Illuminate\Pipeline\Pipeline->then()
#98 /home/runner/work/gestaodecustos/gestaodecustos/vendor/laravel/framework/src/Illuminate/Foundation/Http/Kernel.php(144): Illuminate\Foundation\Http\Kernel->sendRequestThroughRouter()
#99 /home/runner/work/gestaodecustos/gestaodecustos/vendor/laravel/framework/src/Illuminate/Foundation/Testing/Concerns/MakesHttpRequests.php(638): Illuminate\Foundation\Http\Kernel->handle()
#100 /home/runner/work/gestaodecustos/gestaodecustos/vendor/laravel/framework/src/Illuminate/Foundation/Testing/Concerns/MakesHttpRequests.php(368): Illuminate\Foundation\Testing\TestCase->call()
#101 /home/runner/work/gestaodecustos/gestaodecustos/tests/Feature/Auth/AuthenticationTest.php(51): Illuminate\Foundation\Testing\TestCase->get()
#102 /home/runner/work/gestaodecustos/gestaodecustos/vendor/pestphp/pest/src/Factories/TestCaseMethodFactory.php(177): P\Tests\Feature\Auth\AuthenticationTest->{closure}()
#103 [internal function]: P\Tests\Feature\Auth\AuthenticationTest->Pest\Factories\{closure}()
#104 /home/runner/work/gestaodecustos/gestaodecustos/vendor/pestphp/pest/src/Concerns/Testable.php(514): call_user_func_array()
#105 /home/runner/work/gestaodecustos/gestaodecustos/vendor/pestphp/pest/src/Support/ExceptionTrace.php(26): P\Tests\Feature\Auth\AuthenticationTest->Pest\Concerns\{closure}()
#106 /home/runner/work/gestaodecustos/gestaodecustos/vendor/pestphp/pest/src/Concerns/Testable.php(514): Pest\Support\ExceptionTrace::ensure()
#107 /home/runner/work/gestaodecustos/gestaodecustos/vendor/pestphp/pest/src/Concerns/Testable.php(336): P\Tests\Feature\Auth\AuthenticationTest->__callClosure()
#108 /home/runner/work/gestaodecustos/gestaodecustos/vendor/pestphp/pest/src/Factories/TestCaseFactory.php(179) : eval()'d code(61): P\Tests\Feature\Auth\AuthenticationTest->__runTest()
#109 /home/runner/work/gestaodecustos/gestaodecustos/vendor/phpunit/phpunit/src/Framework/TestCase.php(1318): P\Tests\Feature\Auth\AuthenticationTest->__pest_evaluable_navigation_menu_can_be_rendered()
#110 /home/runner/work/gestaodecustos/gestaodecustos/vendor/phpunit/phpunit/src/Framework/TestCase.php(1355): PHPUnit\Framework\TestCase->invokeTestMethod()
#111 /home/runner/work/gestaodecustos/gestaodecustos/vendor/phpunit/phpunit/src/Framework/TestCase.php(521): PHPUnit\Framework\TestCase->runTest()
#112 /home/runner/work/gestaodecustos/gestaodecustos/vendor/phpunit/phpunit/src/Framework/TestRunner/TestRunner.php(99): PHPUnit\Framework\TestCase->runBare()
#113 /home/runner/work/gestaodecustos/gestaodecustos/vendor/phpunit/phpunit/src/Framework/TestCase.php(361): PHPUnit\Framework\TestRunner->run()
#114 /home/runner/work/gestaodecustos/gestaodecustos/vendor/phpunit/phpunit/src/Framework/TestSuite.php(374): PHPUnit\Framework\TestCase->run()
#115 /home/runner/work/gestaodecustos/gestaodecustos/vendor/phpunit/phpunit/src/Framework/TestSuite.php(374): PHPUnit\Framework\TestSuite->run()
#116 /home/runner/work/gestaodecustos/gestaodecustos/vendor/phpunit/phpunit/src/Framework/TestSuite.php(374): PHPUnit\Framework\TestSuite->run()
#117 /home/runner/work/gestaodecustos/gestaodecustos/vendor/phpunit/phpunit/src/TextUI/TestRunner.php(64): PHPUnit\Framework\TestSuite->run()
#118 /home/runner/work/gestaodecustos/gestaodecustos/vendor/phpunit/phpunit/src/TextUI/Application.php(229): PHPUnit\TextUI\TestRunner->run()
#119 /home/runner/work/gestaodecustos/gestaodecustos/vendor/pestphp/pest/src/Kernel.php(103): PHPUnit\TextUI\Application->run()
#120 /home/runner/work/gestaodecustos/gestaodecustos/vendor/pestphp/pest/bin/pest(196): Pest\Kernel->handle()
#121 /home/runner/work/gestaodecustos/gestaodecustos/vendor/pestphp/pest/bin/pest(204): {closure}()
#122 /home/runner/work/gestaodecustos/gestaodecustos/vendor/bin/pest(119): include('...')
#123 {main}

Next Illuminate\View\ViewException: Unable to locate file in Vite manifest: resources/js/modal-controls.js. (View: /home/runner/work/gestaodecustos/gestaodecustos/resources/views/partials/head.blade.php) (View: /home/runner/work/gestaodecustos/gestaodecustos/resources/views/partials/head.blade.php) in /home/runner/work/gestaodecustos/gestaodecustos/vendor/laravel/framework/src/Illuminate/Foundation/Vite.php:1042
Stack trace:
#0 /home/runner/work/gestaodecustos/gestaodecustos/vendor/livewire/livewire/src/Mechanisms/ExtendBlade/ExtendedCompilerEngine.php(58): Illuminate\View\Engines\CompilerEngine->handleViewException()
#1 /home/runner/work/gestaodecustos/gestaodecustos/vendor/laravel/framework/src/Illuminate/View/Engines/PhpEngine.php(59): Livewire\Mechanisms\ExtendBlade\ExtendedCompilerEngine->handleViewException()
#2 /home/runner/work/gestaodecustos/gestaodecustos/vendor/livewire/livewire/src/Mechanisms/ExtendBlade/ExtendedCompilerEngine.php(22): Illuminate\View\Engines\PhpEngine->evaluatePath()
#3 /home/runner/work/gestaodecustos/gestaodecustos/vendor/laravel/framework/src/Illuminate/View/Engines/CompilerEngine.php(76): Livewire\Mechanisms\ExtendBlade\ExtendedCompilerEngine->evaluatePath()
#4 /home/runner/work/gestaodecustos/gestaodecustos/vendor/livewire/livewire/src/Mechanisms/ExtendBlade/ExtendedCompilerEngine.php(10): Illuminate\View\Engines\CompilerEngine->get()
#5 /home/runner/work/gestaodecustos/gestaodecustos/vendor/laravel/framework/src/Illuminate/View/View.php(208): Livewire\Mechanisms\ExtendBlade\ExtendedCompilerEngine->get()
#6 /home/runner/work/gestaodecustos/gestaodecustos/vendor/laravel/framework/src/Illuminate/View/View.php(191): Illuminate\View\View->getContents()
#7 /home/runner/work/gestaodecustos/gestaodecustos/vendor/laravel/framework/src/Illuminate/View/View.php(160): Illuminate\View\View->renderContents()
#8 /home/runner/work/gestaodecustos/gestaodecustos/vendor/laravel/framework/src/Illuminate/View/Concerns/ManagesComponents.php(103): Illuminate\View\View->render()
#9 /home/runner/work/gestaodecustos/gestaodecustos/storage/framework/views/801a63c08bf77827db6b9098dadda79d.php(17): Illuminate\View\Factory->renderComponent()
#10 /home/runner/work/gestaodecustos/gestaodecustos/vendor/laravel/framework/src/Illuminate/Filesystem/Filesystem.php(123): require('...')
#11 /home/runner/work/gestaodecustos/gestaodecustos/vendor/laravel/framework/src/Illuminate/Filesystem/Filesystem.php(124): Illuminate\Filesystem\Filesystem::Illuminate\Filesystem\{closure}()
#12 /home/runner/work/gestaodecustos/gestaodecustos/vendor/laravel/framework/src/Illuminate/View/Engines/PhpEngine.php(57): Illuminate\Filesystem\Filesystem->getRequire()
#13 /home/runner/work/gestaodecustos/gestaodecustos/vendor/livewire/livewire/src/Mechanisms/ExtendBlade/ExtendedCompilerEngine.php(22): Illuminate\View\Engines\PhpEngine->evaluatePath()
#14 /home/runner/work/gestaodecustos/gestaodecustos/vendor/laravel/framework/src/Illuminate/View/Engines/CompilerEngine.php(76): Livewire\Mechanisms\ExtendBlade\ExtendedCompilerEngine->evaluatePath()
#15 /home/runner/work/gestaodecustos/gestaodecustos/vendor/livewire/livewire/src/Mechanisms/ExtendBlade/ExtendedCompilerEngine.php(10): Illuminate\View\Engines\CompilerEngine->get()
#16 /home/runner/work/gestaodecustos/gestaodecustos/vendor/laravel/framework/src/Illuminate/View/View.php(208): Livewire\Mechanisms\ExtendBlade\ExtendedCompilerEngine->get()
#17 /home/runner/work/gestaodecustos/gestaodecustos/vendor/laravel/framework/src/Illuminate/View/View.php(191): Illuminate\View\View->getContents()
#18 /home/runner/work/gestaodecustos/gestaodecustos/vendor/laravel/framework/src/Illuminate/View/View.php(160): Illuminate\View\View->renderContents()
#19 /home/runner/work/gestaodecustos/gestaodecustos/vendor/laravel/framework/src/Illuminate/View/Compilers/BladeCompiler.php(361): Illuminate\View\View->render()
#20 /home/runner/work/gestaodecustos/gestaodecustos/vendor/laravel/framework/src/Illuminate/Support/Facades/Facade.php(364): Illuminate\View\Compilers\BladeCompiler::render()
#21 /home/runner/work/gestaodecustos/gestaodecustos/vendor/livewire/livewire/src/Features/SupportPageComponents/SupportPageComponents.php(162): Illuminate\Support\Facades\Facade::__callStatic()
#22 /home/runner/work/gestaodecustos/gestaodecustos/vendor/livewire/livewire/src/Features/SupportPageComponents/HandlesPageComponents.php(26): Livewire\Features\SupportPageComponents\SupportPageComponents::renderContentsIntoLayout()
#23 /home/runner/work/gestaodecustos/gestaodecustos/vendor/laravel/framework/src/Illuminate/Routing/ControllerDispatcher.php(46): Livewire\Component->__invoke()
#24 /home/runner/work/gestaodecustos/gestaodecustos/vendor/laravel/framework/src/Illuminate/Routing/Route.php(276): Illuminate\Routing\ControllerDispatcher->dispatch()
#25 /home/runner/work/gestaodecustos/gestaodecustos/vendor/laravel/framework/src/Illuminate/Routing/Route.php(216): Illuminate\Routing\Route->runController()
#26 /home/runner/work/gestaodecustos/gestaodecustos/vendor/laravel/framework/src/Illuminate/Routing/Router.php(822): Illuminate\Routing\Route->run()
#27 /home/runner/work/gestaodecustos/gestaodecustos/vendor/laravel/framework/src/Illuminate/Pipeline/Pipeline.php(180): Illuminate\Routing\Router->Illuminate\Routing\{closure}()
#28 /home/runner/work/gestaodecustos/gestaodecustos/vendor/laravel/framework/src/Illuminate/Auth/Middleware/EnsureEmailIsVerified.php(41): Illuminate\Pipeline\Pipeline->Illuminate\Pipeline\{closure}()
#29 /home/runner/work/gestaodecustos/gestaodecustos/vendor/laravel/framework/src/Illuminate/Pipeline/Pipeline.php(219): Illuminate\Auth\Middleware\EnsureEmailIsVerified->handle()
#30 /home/runner/work/gestaodecustos/gestaodecustos/app/Http/Middleware/ThrottleVerificationCode.php(27): Illuminate\Pipeline\Pipeline->Illuminate\Pipeline\{closure}()
#31 /home/runner/work/gestaodecustos/gestaodecustos/vendor/laravel/framework/src/Illuminate/Pipeline/Pipeline.php(219): App\Http\Middleware\ThrottleVerificationCode->handle()
#32 /home/runner/work/gestaodecustos/gestaodecustos/app/Http/Middleware/EnsureBusinessWorkspaceAccess.php(71): Illuminate\Pipeline\Pipeline->Illuminate\Pipeline\{closure}()
#33 /home/runner/work/gestaodecustos/gestaodecustos/vendor/laravel/framework/src/Illuminate/Pipeline/Pipeline.php(219): App\Http\Middleware\EnsureBusinessWorkspaceAccess->handle()
#34 /home/runner/work/gestaodecustos/gestaodecustos/app/Http/Middleware/EnsureImpersonationIsValid.php(20): Illuminate\Pipeline\Pipeline->Illuminate\Pipeline\{closure}()
#35 /home/runner/work/gestaodecustos/gestaodecustos/vendor/laravel/framework/src/Illuminate/Pipeline/Pipeline.php(219): App\Http\Middleware\EnsureImpersonationIsValid->handle()
#36 /home/runner/work/gestaodecustos/gestaodecustos/app/Http/Middleware/UpdateUserActivity.php(27): Illuminate\Pipeline\Pipeline->Illuminate\Pipeline\{closure}()
#37 /home/runner/work/gestaodecustos/gestaodecustos/vendor/laravel/framework/src/Illuminate/Pipeline/Pipeline.php(219): App\Http\Middleware\UpdateUserActivity->handle()
#38 /home/runner/work/gestaodecustos/gestaodecustos/app/Http/Middleware/CheckRegistrationStatus.php(25): Illuminate\Pipeline\Pipeline->Illuminate\Pipeline\{closure}()
#39 /home/runner/work/gestaodecustos/gestaodecustos/vendor/laravel/framework/src/Illuminate/Pipeline/Pipeline.php(219): App\Http\Middleware\CheckRegistrationStatus->handle()
#40 /home/runner/work/gestaodecustos/gestaodecustos/app/Http/Middleware/CheckMaintenanceMode.php(41): Illuminate\Pipeline\Pipeline->Illuminate\Pipeline\{closure}()
#41 /home/runner/work/gestaodecustos/gestaodecustos/vendor/laravel/framework/src/Illuminate/Pipeline/Pipeline.php(219): App\Http\Middleware\CheckMaintenanceMode->handle()
#42 /home/runner/work/gestaodecustos/gestaodecustos/app/Http/Middleware/SetLocale.php(30): Illuminate\Pipeline\Pipeline->Illuminate\Pipeline\{closure}()
#43 /home/runner/work/gestaodecustos/gestaodecustos/vendor/laravel/framework/src/Illuminate/Pipeline/Pipeline.php(219): App\Http\Middleware\SetLocale->handle()
#44 /home/runner/work/gestaodecustos/gestaodecustos/vendor/laravel/framework/src/Illuminate/Routing/Middleware/SubstituteBindings.php(52): Illuminate\Pipeline\Pipeline->Illuminate\Pipeline\{closure}()
#45 /home/runner/work/gestaodecustos/gestaodecustos/vendor/laravel/framework/src/Illuminate/Pipeline/Pipeline.php(219): Illuminate\Routing\Middleware\SubstituteBindings->handle()
#46 /home/runner/work/gestaodecustos/gestaodecustos/vendor/laravel/framework/src/Illuminate/Auth/Middleware/Authenticate.php(63): Illuminate\Pipeline\Pipeline->Illuminate\Pipeline\{closure}()
#47 /home/runner/work/gestaodecustos/gestaodecustos/vendor/laravel/framework/src/Illuminate/Pipeline/Pipeline.php(219): Illuminate\Auth\Middleware\Authenticate->handle()
#48 /home/runner/work/gestaodecustos/gestaodecustos/vendor/laravel/framework/src/Illuminate/Foundation/Http/Middleware/PreventRequestForgery.php(104): Illuminate\Pipeline\Pipeline->Illuminate\Pipeline\{closure}()
#49 /home/runner/work/gestaodecustos/gestaodecustos/vendor/laravel/framework/src/Illuminate/Pipeline/Pipeline.php(219): Illuminate\Foundation\Http\Middleware\PreventRequestForgery->handle()
#50 /home/runner/work/gestaodecustos/gestaodecustos/vendor/laravel/framework/src/Illuminate/View/Middleware/ShareErrorsFromSession.php(48): Illuminate\Pipeline\Pipeline->Illuminate\Pipeline\{closure}()
#51 /home/runner/work/gestaodecustos/gestaodecustos/vendor/laravel/framework/src/Illuminate/Pipeline/Pipeline.php(219): Illuminate\View\Middleware\ShareErrorsFromSession->handle()
#52 /home/runner/work/gestaodecustos/gestaodecustos/vendor/laravel/framework/src/Illuminate/Session/Middleware/StartSession.php(120): Illuminate\Pipeline\Pipeline->Illuminate\Pipeline\{closure}()
#53 /home/runner/work/gestaodecustos/gestaodecustos/vendor/laravel/framework/src/Illuminate/Session/Middleware/StartSession.php(63): Illuminate\Session\Middleware\StartSession->handleStatefulRequest()
#54 /home/runner/work/gestaodecustos/gestaodecustos/vendor/laravel/framework/src/Illuminate/Pipeline/Pipeline.php(219): Illuminate\Session\Middleware\StartSession->handle()
#55 /home/runner/work/gestaodecustos/gestaodecustos/vendor/laravel/framework/src/Illuminate/Cookie/Middleware/AddQueuedCookiesToResponse.php(36): Illuminate\Pipeline\Pipeline->Illuminate\Pipeline\{closure}()
#56 /home/runner/work/gestaodecustos/gestaodecustos/vendor/laravel/framework/src/Illuminate/Pipeline/Pipeline.php(219): Illuminate\Cookie\Middleware\AddQueuedCookiesToResponse->handle()
#57 /home/runner/work/gestaodecustos/gestaodecustos/vendor/laravel/framework/src/Illuminate/Cookie/Middleware/EncryptCookies.php(74): Illuminate\Pipeline\Pipeline->Illuminate\Pipeline\{closure}()
#58 /home/runner/work/gestaodecustos/gestaodecustos/vendor/laravel/framework/src/Illuminate/Pipeline/Pipeline.php(219): Illuminate\Cookie\Middleware\EncryptCookies->handle()
#59 /home/runner/work/gestaodecustos/gestaodecustos/vendor/laravel/framework/src/Illuminate/Pipeline/Pipeline.php(137): Illuminate\Pipeline\Pipeline->Illuminate\Pipeline\{closure}()
#60 /home/runner/work/gestaodecustos/gestaodecustos/vendor/laravel/framework/src/Illuminate/Routing/Router.php(821): Illuminate\Pipeline\Pipeline->then()
#61 /home/runner/work/gestaodecustos/gestaodecustos/vendor/laravel/framework/src/Illuminate/Routing/Router.php(800): Illuminate\Routing\Router->runRouteWithinStack()
#62 /home/runner/work/gestaodecustos/gestaodecustos/vendor/laravel/framework/src/Illuminate/Routing/Router.php(764): Illuminate\Routing\Router->runRoute()
#63 /home/runner/work/gestaodecustos/gestaodecustos/vendor/laravel/framework/src/Illuminate/Routing/Router.php(753): Illuminate\Routing\Router->dispatchToRoute()
#64 /home/runner/work/gestaodecustos/gestaodecustos/vendor/laravel/framework/src/Illuminate/Foundation/Http/Kernel.php(200): Illuminate\Routing\Router->dispatch()
#65 /home/runner/work/gestaodecustos/gestaodecustos/vendor/laravel/framework/src/Illuminate/Pipeline/Pipeline.php(180): Illuminate\Foundation\Http\Kernel->Illuminate\Foundation\Http\{closure}()
#66 /home/runner/work/gestaodecustos/gestaodecustos/vendor/livewire/livewire/src/Features/SupportDisablingBackButtonCache/DisableBackButtonCacheMiddleware.php(19): Illuminate\Pipeline\Pipeline->Illuminate\Pipeline\{closure}()
#67 /home/runner/work/gestaodecustos/gestaodecustos/vendor/laravel/framework/src/Illuminate/Pipeline/Pipeline.php(219): Livewire\Features\SupportDisablingBackButtonCache\DisableBackButtonCacheMiddleware->handle()
#68 /home/runner/work/gestaodecustos/gestaodecustos/vendor/laravel/framework/src/Illuminate/Foundation/Http/Middleware/TransformsRequest.php(21): Illuminate\Pipeline\Pipeline->Illuminate\Pipeline\{closure}()
#69 /home/runner/work/gestaodecustos/gestaodecustos/vendor/laravel/framework/src/Illuminate/Foundation/Http/Middleware/ConvertEmptyStringsToNull.php(31): Illuminate\Foundation\Http\Middleware\TransformsRequest->handle()
#70 /home/runner/work/gestaodecustos/gestaodecustos/vendor/laravel/framework/src/Illuminate/Pipeline/Pipeline.php(219): Illuminate\Foundation\Http\Middleware\ConvertEmptyStringsToNull->handle()
#71 /home/runner/work/gestaodecustos/gestaodecustos/vendor/laravel/framework/src/Illuminate/Foundation/Http/Middleware/TransformsRequest.php(21): Illuminate\Pipeline\Pipeline->Illuminate\Pipeline\{closure}()
#72 /home/runner/work/gestaodecustos/gestaodecustos/vendor/laravel/framework/src/Illuminate/Foundation/Http/Middleware/TrimStrings.php(51): Illuminate\Foundation\Http\Middleware\TransformsRequest->handle()
#73 /home/runner/work/gestaodecustos/gestaodecustos/vendor/laravel/framework/src/Illuminate/Pipeline/Pipeline.php(219): Illuminate\Foundation\Http\Middleware\TrimStrings->handle()
#74 /home/runner/work/gestaodecustos/gestaodecustos/vendor/laravel/framework/src/Illuminate/Http/Middleware/ValidatePostSize.php(27): Illuminate\Pipeline\Pipeline->Illuminate\Pipeline\{closure}()
#75 /home/runner/work/gestaodecustos/gestaodecustos/vendor/laravel/framework/src/Illuminate/Pipeline/Pipeline.php(219): Illuminate\Http\Middleware\ValidatePostSize->handle()
#76 /home/runner/work/gestaodecustos/gestaodecustos/vendor/laravel/framework/src/Illuminate/Foundation/Http/Middleware/PreventRequestsDuringMaintenance.php(110): Illuminate\Pipeline\Pipeline->Illuminate\Pipeline\{closure}()
#77 /home/runner/work/gestaodecustos/gestaodecustos/vendor/laravel/framework/src/Illuminate/Pipeline/Pipeline.php(219): Illuminate\Foundation\Http\Middleware\PreventRequestsDuringMaintenance->handle()
#78 /home/runner/work/gestaodecustos/gestaodecustos/vendor/laravel/framework/src/Illuminate/Http/Middleware/HandleCors.php(61): Illuminate\Pipeline\Pipeline->Illuminate\Pipeline\{closure}()
#79 /home/runner/work/gestaodecustos/gestaodecustos/vendor/laravel/framework/src/Illuminate/Pipeline/Pipeline.php(219): Illuminate\Http\Middleware\HandleCors->handle()
#80 /home/runner/work/gestaodecustos/gestaodecustos/vendor/laravel/framework/src/Illuminate/Http/Middleware/TrustProxies.php(58): Illuminate\Pipeline\Pipeline->Illuminate\Pipeline\{closure}()
#81 /home/runner/work/gestaodecustos/gestaodecustos/vendor/laravel/framework/src/Illuminate/Pipeline/Pipeline.php(219): Illuminate\Http\Middleware\TrustProxies->handle()
#82 /home/runner/work/gestaodecustos/gestaodecustos/vendor/laravel/framework/src/Illuminate/Foundation/Http/Middleware/InvokeDeferredCallbacks.php(22): Illuminate\Pipeline\Pipeline->Illuminate\Pipeline\{closure}()
#83 /home/runner/work/gestaodecustos/gestaodecustos/vendor/laravel/framework/src/Illuminate/Pipeline/Pipeline.php(219): Illuminate\Foundation\Http\Middleware\InvokeDeferredCallbacks->handle()
#84 /home/runner/work/gestaodecustos/gestaodecustos/vendor/laravel/framework/src/Illuminate/Http/Middleware/ValidatePathEncoding.php(28): Illuminate\Pipeline\Pipeline->Illuminate\Pipeline\{closure}()
#85 /home/runner/work/gestaodecustos/gestaodecustos/vendor/laravel/framework/src/Illuminate/Pipeline/Pipeline.php(219): Illuminate\Http\Middleware\ValidatePathEncoding->handle()
#86 /home/runner/work/gestaodecustos/gestaodecustos/vendor/laravel/framework/src/Illuminate/Pipeline/Pipeline.php(137): Illuminate\Pipeline\Pipeline->Illuminate\Pipeline\{closure}()
#87 /home/runner/work/gestaodecustos/gestaodecustos/vendor/laravel/framework/src/Illuminate/Foundation/Http/Kernel.php(175): Illuminate\Pipeline\Pipeline->then()
#88 /home/runner/work/gestaodecustos/gestaodecustos/vendor/laravel/framework/src/Illuminate/Foundation/Http/Kernel.php(144): Illuminate\Foundation\Http\Kernel->sendRequestThroughRouter()
#89 /home/runner/work/gestaodecustos/gestaodecustos/vendor/laravel/framework/src/Illuminate/Foundation/Testing/Concerns/MakesHttpRequests.php(638): Illuminate\Foundation\Http\Kernel->handle()
#90 /home/runner/work/gestaodecustos/gestaodecustos/vendor/laravel/framework/src/Illuminate/Foundation/Testing/Concerns/MakesHttpRequests.php(368): Illuminate\Foundation\Testing\TestCase->call()
#91 /home/runner/work/gestaodecustos/gestaodecustos/tests/Feature/Auth/AuthenticationTest.php(51): Illuminate\Foundation\Testing\TestCase->get()
#92 /home/runner/work/gestaodecustos/gestaodecustos/vendor/pestphp/pest/src/Factories/TestCaseMethodFactory.php(177): P\Tests\Feature\Auth\AuthenticationTest->{closure}()
#93 [internal function]: P\Tests\Feature\Auth\AuthenticationTest->Pest\Factories\{closure}()
#94 /home/runner/work/gestaodecustos/gestaodecustos/vendor/pestphp/pest/src/Concerns/Testable.php(514): call_user_func_array()
#95 /home/runner/work/gestaodecustos/gestaodecustos/vendor/pestphp/pest/src/Support/ExceptionTrace.php(26): P\Tests\Feature\Auth\AuthenticationTest->Pest\Concerns\{closure}()
#96 /home/runner/work/gestaodecustos/gestaodecustos/vendor/pestphp/pest/src/Concerns/Testable.php(514): Pest\Support\ExceptionTrace::ensure()
#97 /home/runner/work/gestaodecustos/gestaodecustos/vendor/pestphp/pest/src/Concerns/Testable.php(336): P\Tests\Feature\Auth\AuthenticationTest->__callClosure()
#98 /home/runner/work/gestaodecustos/gestaodecustos/vendor/pestphp/pest/src/Factories/TestCaseFactory.php(179) : eval()'d code(61): P\Tests\Feature\Auth\AuthenticationTest->__runTest()
#99 /home/runner/work/gestaodecustos/gestaodecustos/vendor/phpunit/phpunit/src/Framework/TestCase.php(1318): P\Tests\Feature\Auth\AuthenticationTest->__pest_evaluable_navigation_menu_can_be_rendered()
#100 /home/runner/work/gestaodecustos/gestaodecustos/vendor/phpunit/phpunit/src/Framework/TestCase.php(1355): PHPUnit\Framework\TestCase->invokeTestMethod()
#101 /home/runner/work/gestaodecustos/gestaodecustos/vendor/phpunit/phpunit/src/Framework/TestCase.php(521): PHPUnit\Framework\TestCase->runTest()
#102 /home/runner/work/gestaodecustos/gestaodecustos/vendor/phpunit/phpunit/src/Framework/TestRunner/TestRunner.php(99): PHPUnit\Framework\TestCase->runBare()
#103 /home/runner/work/gestaodecustos/gestaodecustos/vendor/phpunit/phpunit/src/Framework/TestCase.php(361): PHPUnit\Framework\TestRunner->run()
#104 /home/runner/work/gestaodecustos/gestaodecustos/vendor/phpunit/phpunit/src/Framework/TestSuite.php(374): PHPUnit\Framework\TestCase->run()
#105 /home/runner/work/gestaodecustos/gestaodecustos/vendor/phpunit/phpunit/src/Framework/TestSuite.php(374): PHPUnit\Framework\TestSuite->run()
#106 /home/runner/work/gestaodecustos/gestaodecustos/vendor/phpunit/phpunit/src/Framework/TestSuite.php(374): PHPUnit\Framework\TestSuite->run()
#107 /home/runner/work/gestaodecustos/gestaodecustos/vendor/phpunit/phpunit/src/TextUI/TestRunner.php(64): PHPUnit\Framework\TestSuite->run()
#108 /home/runner/work/gestaodecustos/gestaodecustos/vendor/phpunit/phpunit/src/TextUI/Application.php(229): PHPUnit\TextUI\TestRunner->run()
#109 /home/runner/work/gestaodecustos/gestaodecustos/vendor/pestphp/pest/src/Kernel.php(103): PHPUnit\TextUI\Application->run()
#110 /home/runner/work/gestaodecustos/gestaodecustos/vendor/pestphp/pest/bin/pest(196): Pest\Kernel->handle()
#111 /home/runner/work/gestaodecustos/gestaodecustos/vendor/pestphp/pest/bin/pest(204): {closure}()
#112 /home/runner/work/gestaodecustos/gestaodecustos/vendor/bin/pest(119): include('...')
#113 {main}

Next Illuminate\View\ViewException: Unable to locate file in Vite manifest: resources/js/modal-controls.js. (View: /home/runner/work/gestaodecustos/gestaodecustos/resources/views/partials/head.blade.php) (View: /home/runner/work/gestaodecustos/gestaodecustos/resources/views/partials/head.blade.php) (View: /home/runner/work/gestaodecustos/gestaodecustos/resources/views/partials/head.blade.php) in /home/runner/work/gestaodecustos/gestaodecustos/vendor/laravel/framework/src/Illuminate/Foundation/Vite.php:1042
Stack trace:
#0 /home/runner/work/gestaodecustos/gestaodecustos/vendor/livewire/livewire/src/Mechanisms/ExtendBlade/ExtendedCompilerEngine.php(58): Illuminate\View\Engines\CompilerEngine->handleViewException()
#1 /home/runner/work/gestaodecustos/gestaodecustos/vendor/laravel/framework/src/Illuminate/View/Engines/PhpEngine.php(59): Livewire\Mechanisms\ExtendBlade\ExtendedCompilerEngine->handleViewException()
#2 /home/runner/work/gestaodecustos/gestaodecustos/vendor/livewire/livewire/src/Mechanisms/ExtendBlade/ExtendedCompilerEngine.php(22): Illuminate\View\Engines\PhpEngine->evaluatePath()
#3 /home/runner/work/gestaodecustos/gestaodecustos/vendor/laravel/framework/src/Illuminate/View/Engines/CompilerEngine.php(76): Livewire\Mechanisms\ExtendBlade\ExtendedCompilerEngine->evaluatePath()
#4 /home/runner/work/gestaodecustos/gestaodecustos/vendor/livewire/livewire/src/Mechanisms/ExtendBlade/ExtendedCompilerEngine.php(10): Illuminate\View\Engines\CompilerEngine->get()
#5 /home/runner/work/gestaodecustos/gestaodecustos/vendor/laravel/framework/src/Illuminate/View/View.php(208): Livewire\Mechanisms\ExtendBlade\ExtendedCompilerEngine->get()
#6 /home/runner/work/gestaodecustos/gestaodecustos/vendor/laravel/framework/src/Illuminate/View/View.php(191): Illuminate\View\View->getContents()
#7 /home/runner/work/gestaodecustos/gestaodecustos/vendor/laravel/framework/src/Illuminate/View/View.php(160): Illuminate\View\View->renderContents()
#8 /home/runner/work/gestaodecustos/gestaodecustos/vendor/laravel/framework/src/Illuminate/View/Compilers/BladeCompiler.php(361): Illuminate\View\View->render()
#9 /home/runner/work/gestaodecustos/gestaodecustos/vendor/laravel/framework/src/Illuminate/Support/Facades/Facade.php(364): Illuminate\View\Compilers\BladeCompiler::render()
#10 /home/runner/work/gestaodecustos/gestaodecustos/vendor/livewire/livewire/src/Features/SupportPageComponents/SupportPageComponents.php(162): Illuminate\Support\Facades\Facade::__callStatic()
#11 /home/runner/work/gestaodecustos/gestaodecustos/vendor/livewire/livewire/src/Features/SupportPageComponents/HandlesPageComponents.php(26): Livewire\Features\SupportPageComponents\SupportPageComponents::renderContentsIntoLayout()
#12 /home/runner/work/gestaodecustos/gestaodecustos/vendor/laravel/framework/src/Illuminate/Routing/ControllerDispatcher.php(46): Livewire\Component->__invoke()
#13 /home/runner/work/gestaodecustos/gestaodecustos/vendor/laravel/framework/src/Illuminate/Routing/Route.php(276): Illuminate\Routing\ControllerDispatcher->dispatch()
#14 /home/runner/work/gestaodecustos/gestaodecustos/vendor/laravel/framework/src/Illuminate/Routing/Route.php(216): Illuminate\Routing\Route->runController()
#15 /home/runner/work/gestaodecustos/gestaodecustos/vendor/laravel/framework/src/Illuminate/Routing/Router.php(822): Illuminate\Routing\Route->run()
#16 /home/runner/work/gestaodecustos/gestaodecustos/vendor/laravel/framework/src/Illuminate/Pipeline/Pipeline.php(180): Illuminate\Routing\Router->Illuminate\Routing\{closure}()
#17 /home/runner/work/gestaodecustos/gestaodecustos/vendor/laravel/framework/src/Illuminate/Auth/Middleware/EnsureEmailIsVerified.php(41): Illuminate\Pipeline\Pipeline->Illuminate\Pipeline\{closure}()
#18 /home/runner/work/gestaodecustos/gestaodecustos/vendor/laravel/framework/src/Illuminate/Pipeline/Pipeline.php(219): Illuminate\Auth\Middleware\EnsureEmailIsVerified->handle()
#19 /home/runner/work/gestaodecustos/gestaodecustos/app/Http/Middleware/ThrottleVerificationCode.php(27): Illuminate\Pipeline\Pipeline->Illuminate\Pipeline\{closure}()
#20 /home/runner/work/gestaodecustos/gestaodecustos/vendor/laravel/framework/src/Illuminate/Pipeline/Pipeline.php(219): App\Http\Middleware\ThrottleVerificationCode->handle()
#21 /home/runner/work/gestaodecustos/gestaodecustos/app/Http/Middleware/EnsureBusinessWorkspaceAccess.php(71): Illuminate\Pipeline\Pipeline->Illuminate\Pipeline\{closure}()
#22 /home/runner/work/gestaodecustos/gestaodecustos/vendor/laravel/framework/src/Illuminate/Pipeline/Pipeline.php(219): App\Http\Middleware\EnsureBusinessWorkspaceAccess->handle()
#23 /home/runner/work/gestaodecustos/gestaodecustos/app/Http/Middleware/EnsureImpersonationIsValid.php(20): Illuminate\Pipeline\Pipeline->Illuminate\Pipeline\{closure}()
#24 /home/runner/work/gestaodecustos/gestaodecustos/vendor/laravel/framework/src/Illuminate/Pipeline/Pipeline.php(219): App\Http\Middleware\EnsureImpersonationIsValid->handle()
#25 /home/runner/work/gestaodecustos/gestaodecustos/app/Http/Middleware/UpdateUserActivity.php(27): Illuminate\Pipeline\Pipeline->Illuminate\Pipeline\{closure}()
#26 /home/runner/work/gestaodecustos/gestaodecustos/vendor/laravel/framework/src/Illuminate/Pipeline/Pipeline.php(219): App\Http\Middleware\UpdateUserActivity->handle()
#27 /home/runner/work/gestaodecustos/gestaodecustos/app/Http/Middleware/CheckRegistrationStatus.php(25): Illuminate\Pipeline\Pipeline->Illuminate\Pipeline\{closure}()
#28 /home/runner/work/gestaodecustos/gestaodecustos/vendor/laravel/framework/src/Illuminate/Pipeline/Pipeline.php(219): App\Http\Middleware\CheckRegistrationStatus->handle()
#29 /home/runner/work/gestaodecustos/gestaodecustos/app/Http/Middleware/CheckMaintenanceMode.php(41): Illuminate\Pipeline\Pipeline->Illuminate\Pipeline\{closure}()
#30 /home/runner/work/gestaodecustos/gestaodecustos/vendor/laravel/framework/src/Illuminate/Pipeline/Pipeline.php(219): App\Http\Middleware\CheckMaintenanceMode->handle()
#31 /home/runner/work/gestaodecustos/gestaodecustos/app/Http/Middleware/SetLocale.php(30): Illuminate\Pipeline\Pipeline->Illuminate\Pipeline\{closure}()
#32 /home/runner/work/gestaodecustos/gestaodecustos/vendor/laravel/framework/src/Illuminate/Pipeline/Pipeline.php(219): App\Http\Middleware\SetLocale->handle()
#33 /home/runner/work/gestaodecustos/gestaodecustos/vendor/laravel/framework/src/Illuminate/Routing/Middleware/SubstituteBindings.php(52): Illuminate\Pipeline\Pipeline->Illuminate\Pipeline\{closure}()
#34 /home/runner/work/gestaodecustos/gestaodecustos/vendor/laravel/framework/src/Illuminate/Pipeline/Pipeline.php(219): Illuminate\Routing\Middleware\SubstituteBindings->handle()
#35 /home/runner/work/gestaodecustos/gestaodecustos/vendor/laravel/framework/src/Illuminate/Auth/Middleware/Authenticate.php(63): Illuminate\Pipeline\Pipeline->Illuminate\Pipeline\{closure}()
#36 /home/runner/work/gestaodecustos/gestaodecustos/vendor/laravel/framework/src/Illuminate/Pipeline/Pipeline.php(219): Illuminate\Auth\Middleware\Authenticate->handle()
#37 /home/runner/work/gestaodecustos/gestaodecustos/vendor/laravel/framework/src/Illuminate/Foundation/Http/Middleware/PreventRequestForgery.php(104): Illuminate\Pipeline\Pipeline->Illuminate\Pipeline\{closure}()
#38 /home/runner/work/gestaodecustos/gestaodecustos/vendor/laravel/framework/src/Illuminate/Pipeline/Pipeline.php(219): Illuminate\Foundation\Http\Middleware\PreventRequestForgery->handle()
#39 /home/runner/work/gestaodecustos/gestaodecustos/vendor/laravel/framework/src/Illuminate/View/Middleware/ShareErrorsFromSession.php(48): Illuminate\Pipeline\Pipeline->Illuminate\Pipeline\{closure}()
#40 /home/runner/work/gestaodecustos/gestaodecustos/vendor/laravel/framework/src/Illuminate/Pipeline/Pipeline.php(219): Illuminate\View\Middleware\ShareErrorsFromSession->handle()
#41 /home/runner/work/gestaodecustos/gestaodecustos/vendor/laravel/framework/src/Illuminate/Session/Middleware/StartSession.php(120): Illuminate\Pipeline\Pipeline->Illuminate\Pipeline\{closure}()
#42 /home/runner/work/gestaodecustos/gestaodecustos/vendor/laravel/framework/src/Illuminate/Session/Middleware/StartSession.php(63): Illuminate\Session\Middleware\StartSession->handleStatefulRequest()
#43 /home/runner/work/gestaodecustos/gestaodecustos/vendor/laravel/framework/src/Illuminate/Pipeline/Pipeline.php(219): Illuminate\Session\Middleware\StartSession->handle()
#44 /home/runner/work/gestaodecustos/gestaodecustos/vendor/laravel/framework/src/Illuminate/Cookie/Middleware/AddQueuedCookiesToResponse.php(36): Illuminate\Pipeline\Pipeline->Illuminate\Pipeline\{closure}()
#45 /home/runner/work/gestaodecustos/gestaodecustos/vendor/laravel/framework/src/Illuminate/Pipeline/Pipeline.php(219): Illuminate\Cookie\Middleware\AddQueuedCookiesToResponse->handle()
#46 /home/runner/work/gestaodecustos/gestaodecustos/vendor/laravel/framework/src/Illuminate/Cookie/Middleware/EncryptCookies.php(74): Illuminate\Pipeline\Pipeline->Illuminate\Pipeline\{closure}()
#47 /home/runner/work/gestaodecustos/gestaodecustos/vendor/laravel/framework/src/Illuminate/Pipeline/Pipeline.php(219): Illuminate\Cookie\Middleware\EncryptCookies->handle()
#48 /home/runner/work/gestaodecustos/gestaodecustos/vendor/laravel/framework/src/Illuminate/Pipeline/Pipeline.php(137): Illuminate\Pipeline\Pipeline->Illuminate\Pipeline\{closure}()
#49 /home/runner/work/gestaodecustos/gestaodecustos/vendor/laravel/framework/src/Illuminate/Routing/Router.php(821): Illuminate\Pipeline\Pipeline->then()
#50 /home/runner/work/gestaodecustos/gestaodecustos/vendor/laravel/framework/src/Illuminate/Routing/Router.php(800): Illuminate\Routing\Router->runRouteWithinStack()
#51 /home/runner/work/gestaodecustos/gestaodecustos/vendor/laravel/framework/src/Illuminate/Routing/Router.php(764): Illuminate\Routing\Router->runRoute()
#52 /home/runner/work/gestaodecustos/gestaodecustos/vendor/laravel/framework/src/Illuminate/Routing/Router.php(753): Illuminate\Routing\Router->dispatchToRoute()
#53 /home/runner/work/gestaodecustos/gestaodecustos/vendor/laravel/framework/src/Illuminate/Foundation/Http/Kernel.php(200): Illuminate\Routing\Router->dispatch()
#54 /home/runner/work/gestaodecustos/gestaodecustos/vendor/laravel/framework/src/Illuminate/Pipeline/Pipeline.php(180): Illuminate\Foundation\Http\Kernel->Illuminate\Foundation\Http\{closure}()
#55 /home/runner/work/gestaodecustos/gestaodecustos/vendor/livewire/livewire/src/Features/SupportDisablingBackButtonCache/DisableBackButtonCacheMiddleware.php(19): Illuminate\Pipeline\Pipeline->Illuminate\Pipeline\{closure}()
#56 /home/runner/work/gestaodecustos/gestaodecustos/vendor/laravel/framework/src/Illuminate/Pipeline/Pipeline.php(219): Livewire\Features\SupportDisablingBackButtonCache\DisableBackButtonCacheMiddleware->handle()
#57 /home/runner/work/gestaodecustos/gestaodecustos/vendor/laravel/framework/src/Illuminate/Foundation/Http/Middleware/TransformsRequest.php(21): Illuminate\Pipeline\Pipeline->Illuminate\Pipeline\{closure}()
#58 /home/runner/work/gestaodecustos/gestaodecustos/vendor/laravel/framework/src/Illuminate/Foundation/Http/Middleware/ConvertEmptyStringsToNull.php(31): Illuminate\Foundation\Http\Middleware\TransformsRequest->handle()
#59 /home/runner/work/gestaodecustos/gestaodecustos/vendor/laravel/framework/src/Illuminate/Pipeline/Pipeline.php(219): Illuminate\Foundation\Http\Middleware\ConvertEmptyStringsToNull->handle()
#60 /home/runner/work/gestaodecustos/gestaodecustos/vendor/laravel/framework/src/Illuminate/Foundation/Http/Middleware/TransformsRequest.php(21): Illuminate\Pipeline\Pipeline->Illuminate\Pipeline\{closure}()
#61 /home/runner/work/gestaodecustos/gestaodecustos/vendor/laravel/framework/src/Illuminate/Foundation/Http/Middleware/TrimStrings.php(51): Illuminate\Foundation\Http\Middleware\TransformsRequest->handle()
#62 /home/runner/work/gestaodecustos/gestaodecustos/vendor/laravel/framework/src/Illuminate/Pipeline/Pipeline.php(219): Illuminate\Foundation\Http\Middleware\TrimStrings->handle()
#63 /home/runner/work/gestaodecustos/gestaodecustos/vendor/laravel/framework/src/Illuminate/Http/Middleware/ValidatePostSize.php(27): Illuminate\Pipeline\Pipeline->Illuminate\Pipeline\{closure}()
#64 /home/runner/work/gestaodecustos/gestaodecustos/vendor/laravel/framework/src/Illuminate/Pipeline/Pipeline.php(219): Illuminate\Http\Middleware\ValidatePostSize->handle()
#65 /home/runner/work/gestaodecustos/gestaodecustos/vendor/laravel/framework/src/Illuminate/Foundation/Http/Middleware/PreventRequestsDuringMaintenance.php(110): Illuminate\Pipeline\Pipeline->Illuminate\Pipeline\{closure}()
#66 /home/runner/work/gestaodecustos/gestaodecustos/vendor/laravel/framework/src/Illuminate/Pipeline/Pipeline.php(219): Illuminate\Foundation\Http\Middleware\PreventRequestsDuringMaintenance->handle()
#67 /home/runner/work/gestaodecustos/gestaodecustos/vendor/laravel/framework/src/Illuminate/Http/Middleware/HandleCors.php(61): Illuminate\Pipeline\Pipeline->Illuminate\Pipeline\{closure}()
#68 /home/runner/work/gestaodecustos/gestaodecustos/vendor/laravel/framework/src/Illuminate/Pipeline/Pipeline.php(219): Illuminate\Http\Middleware\HandleCors->handle()
#69 /home/runner/work/gestaodecustos/gestaodecustos/vendor/laravel/framework/src/Illuminate/Http/Middleware/TrustProxies.php(58): Illuminate\Pipeline\Pipeline->Illuminate\Pipeline\{closure}()
#70 /home/runner/work/gestaodecustos/gestaodecustos/vendor/laravel/framework/src/Illuminate/Pipeline/Pipeline.php(219): Illuminate\Http\Middleware\TrustProxies->handle()
#71 /home/runner/work/gestaodecustos/gestaodecustos/vendor/laravel/framework/src/Illuminate/Foundation/Http/Middleware/InvokeDeferredCallbacks.php(22): Illuminate\Pipeline\Pipeline->Illuminate\Pipeline\{closure}()
#72 /home/runner/work/gestaodecustos/gestaodecustos/vendor/laravel/framework/src/Illuminate/Pipeline/Pipeline.php(219): Illuminate\Foundation\Http\Middleware\InvokeDeferredCallbacks->handle()
#73 /home/runner/work/gestaodecustos/gestaodecustos/vendor/laravel/framework/src/Illuminate/Http/Middleware/ValidatePathEncoding.php(28): Illuminate\Pipeline\Pipeline->Illuminate\Pipeline\{closure}()
#74 /home/runner/work/gestaodecustos/gestaodecustos/vendor/laravel/framework/src/Illuminate/Pipeline/Pipeline.php(219): Illuminate\Http\Middleware\ValidatePathEncoding->handle()
#75 /home/runner/work/gestaodecustos/gestaodecustos/vendor/laravel/framework/src/Illuminate/Pipeline/Pipeline.php(137): Illuminate\Pipeline\Pipeline->Illuminate\Pipeline\{closure}()
#76 /home/runner/work/gestaodecustos/gestaodecustos/vendor/laravel/framework/src/Illuminate/Foundation/Http/Kernel.php(175): Illuminate\Pipeline\Pipeline->then()
#77 /home/runner/work/gestaodecustos/gestaodecustos/vendor/laravel/framework/src/Illuminate/Foundation/Http/Kernel.php(144): Illuminate\Foundation\Http\Kernel->sendRequestThroughRouter()
#78 /home/runner/work/gestaodecustos/gestaodecustos/vendor/laravel/framework/src/Illuminate/Foundation/Testing/Concerns/MakesHttpRequests.php(638): Illuminate\Foundation\Http\Kernel->handle()
#79 /home/runner/work/gestaodecustos/gestaodecustos/vendor/laravel/framework/src/Illuminate/Foundation/Testing/Concerns/MakesHttpRequests.php(368): Illuminate\Foundation\Testing\TestCase->call()
#80 /home/runner/work/gestaodecustos/gestaodecustos/tests/Feature/Auth/AuthenticationTest.php(51): Illuminate\Foundation\Testing\TestCase->get()
#81 /home/runner/work/gestaodecustos/gestaodecustos/vendor/pestphp/pest/src/Factories/TestCaseMethodFactory.php(177): P\Tests\Feature\Auth\AuthenticationTest->{closure}()
#82 [internal function]: P\Tests\Feature\Auth\AuthenticationTest->Pest\Factories\{closure}()
#83 /home/runner/work/gestaodecustos/gestaodecustos/vendor/pestphp/pest/src/Concerns/Testable.php(514): call_user_func_array()
#84 /home/runner/work/gestaodecustos/gestaodecustos/vendor/pestphp/pest/src/Support/ExceptionTrace.php(26): P\Tests\Feature\Auth\AuthenticationTest->Pest\Concerns\{closure}()
#85 /home/runner/work/gestaodecustos/gestaodecustos/vendor/pestphp/pest/src/Concerns/Testable.php(514): Pest\Support\ExceptionTrace::ensure()
#86 /home/runner/work/gestaodecustos/gestaodecustos/vendor/pestphp/pest/src/Concerns/Testable.php(336): P\Tests\Feature\Auth\AuthenticationTest->__callClosure()
#87 /home/runner/work/gestaodecustos/gestaodecustos/vendor/pestphp/pest/src/Factories/TestCaseFactory.php(179) : eval()'d code(61): P\Tests\Feature\Auth\AuthenticationTest->__runTest()
#88 /home/runner/work/gestaodecustos/gestaodecustos/vendor/phpunit/phpunit/src/Framework/TestCase.php(1318): P\Tests\Feature\Auth\AuthenticationTest->__pest_evaluable_navigation_menu_can_be_rendered()
#89 /home/runner/work/gestaodecustos/gestaodecustos/vendor/phpunit/phpunit/src/Framework/TestCase.php(1355): PHPUnit\Framework\TestCase->invokeTestMethod()
#90 /home/runner/work/gestaodecustos/gestaodecustos/vendor/phpunit/phpunit/src/Framework/TestCase.php(521): PHPUnit\Framework\TestCase->runTest()
#91 /home/runner/work/gestaodecustos/gestaodecustos/vendor/phpunit/phpunit/src/Framework/TestRunner/TestRunner.php(99): PHPUnit\Framework\TestCase->runBare()
#92 /home/runner/work/gestaodecustos/gestaodecustos/vendor/phpunit/phpunit/src/Framework/TestCase.php(361): PHPUnit\Framework\TestRunner->run()
#93 /home/runner/work/gestaodecustos/gestaodecustos/vendor/phpunit/phpunit/src/Framework/TestSuite.php(374): PHPUnit\Framework\TestCase->run()
#94 /home/runner/work/gestaodecustos/gestaodecustos/vendor/phpunit/phpunit/src/Framework/TestSuite.php(374): PHPUnit\Framework\TestSuite->run()
#95 /home/runner/work/gestaodecustos/gestaodecustos/vendor/phpunit/phpunit/src/Framework/TestSuite.php(374): PHPUnit\Framework\TestSuite->run()
#96 /home/runner/work/gestaodecustos/gestaodecustos/vendor/phpunit/phpunit/src/TextUI/TestRunner.php(64): PHPUnit\Framework\TestSuite->run()
#97 /home/runner/work/gestaodecustos/gestaodecustos/vendor/phpunit/phpunit/src/TextUI/Application.php(229): PHPUnit\TextUI\TestRunner->run()
#98 /home/runner/work/gestaodecustos/gestaodecustos/vendor/pestphp/pest/src/Kernel.php(103): PHPUnit\TextUI\Application->run()
#99 /home/runner/work/gestaodecustos/gestaodecustos/vendor/pestphp/pest/bin/pest(196): Pest\Kernel->handle()
#100 /home/runner/work/gestaodecustos/gestaodecustos/vendor/pestphp/pest/bin/pest(204): {closure}()
#101 /home/runner/work/gestaodecustos/gestaodecustos/vendor/bin/pest(119): include('...')
#102 {main}

----------------------------------------------------------------------------------

Unable to locate file in Vite manifest: resources/js/modal-controls.js. (View: /home/runner/work/gestaodecustos/gestaodecustos/resources/views/partials/head.blade.php) (View: /home/runner/work/gestaodecustos/gestaodecustos/resources/views/partials/head.blade.php) (View: /home/runner/work/gestaodecustos/gestaodecustos/resources/views/partials/head.blade.php)[39;22m

  at [32mtests/Feature/Auth/AuthenticationTest.php[39m:[32m53[39m
     49▕     $this->actingAs($user);
     50▕ 
     51▕     $response = $this->get('/dashboard');
     52▕ 
  ➜  53▕     $response->assertOk();
     54▕ });
     55▕ 
     56▕ test('users can logout', function () {
     57▕     $user = User::factory()->create();

  [31m────────────────────────────────────────────────────────────────────────────[39m  
  [41;1m FAILED [49;22m [1mTests\Feature\Auth\PasswordConfirmationTest[22m [90m>[39m confirm password sc…   
[39;1m  Expected: [39;22m[31m<!DOCTYPE html>\n[39m[39;1m
  [39;22m[31m<html lang="en">[39m[31m\n[39m[39;1m
  [39;22m[31m<head>[39m[31m\n[39m[39;1m
  [39;22m[90m... (7106 more lines)[39m[39;1m

  To contain: [39;22m[32m&quot;name&quot;:&quot;pages.auth.confirm-password&quot;[39m

  at [32mvendor/livewire/livewire/src/Features/SupportTesting/SupportTesting.php[39m:[32m74[39m
     70▕                 $component = app('livewire.factory')->resolveComponentName($component);
     71▕             }
     72▕             $escapedComponentName = trim(htmlspecialchars(json_encode(['name' => $component])), '{}');
     73▕ 
  ➜  74▕             \PHPUnit\Framework\Assert::assertStringContainsString(
     75▕                 $escapedComponentName,
     76▕                 $this->getContent(),
     77▕                 'Cannot find Livewire component ['.$component.'] rendered on page.'
     78▕             );

      [2m+4 vendor frames [22m
  [33m5   [39m[39;1mtests/Feature/Auth/PasswordConfirmationTest.php[39;22m:[39;1m14[39;22m

  [31m────────────────────────────────────────────────────────────────────────────[39m  
  [41;1m FAILED [49;22m [1mTests\Feature\Auth\PasswordResetTest[22m [90m>[39m reset password link screen…   
[39;1m  Expected: [39;22m[31m<!DOCTYPE html>\n[39m[39;1m
  [39;22m[31m<html lang="en">[39m[31m\n[39m[39;1m
  [39;22m[31m<head>[39m[31m\n[39m[39;1m
  [39;22m[90m... (7004 more lines)[39m[39;1m

  To contain: [39;22m[32m&quot;name&quot;:&quot;pages.auth.forgot-password&quot;[39m

  at [32mvendor/livewire/livewire/src/Features/SupportTesting/SupportTesting.php[39m:[32m74[39m
     70▕                 $component = app('livewire.factory')->resolveComponentName($component);
     71▕             }
     72▕             $escapedComponentName = trim(htmlspecialchars(json_encode(['name' => $component])), '{}');
     73▕ 
  ➜  74▕             \PHPUnit\Framework\Assert::assertStringContainsString(
     75▕                 $escapedComponentName,
     76▕                 $this->getContent(),
     77▕                 'Cannot find Livewire component ['.$component.'] rendered on page.'
     78▕             );

      [2m+4 vendor frames [22m
  [33m5   [39m[39;1mtests/Feature/Auth/PasswordResetTest.php[39;22m:[39;1m14[39;22m

  [31m────────────────────────────────────────────────────────────────────────────[39m  
  [41;1m FAILED [49;22m [1mTests\Feature\Auth\PasswordResetTest[22m [90m>[39m reset password screen can…    
[39;1m  Expected: [39;22m[31m<!DOCTYPE html>\n[39m[39;1m
  [39;22m[31m<html lang="en">[39m[31m\n[39m[39;1m
  [39;22m[31m<head>[39m[31m\n[39m[39;1m
  [39;22m[90m... (7630 more lines)[39m[39;1m

  To contain: [39;22m[32m&quot;name&quot;:&quot;pages.auth.reset-password&quot;[39m

  at [32mvendor/livewire/livewire/src/Features/SupportTesting/SupportTesting.php[39m:[32m74[39m
     70▕                 $component = app('livewire.factory')->resolveComponentName($component);
     71▕             }
     72▕             $escapedComponentName = trim(htmlspecialchars(json_encode(['name' => $component])), '{}');
     73▕ 
  ➜  74▕             \PHPUnit\Framework\Assert::assertStringContainsString(
     75▕                 $escapedComponentName,
     76▕                 $this->getContent(),
     77▕                 'Cannot find Livewire component ['.$component.'] rendered on page.'
     78▕             );

      [2m+4 vendor frames [22m
  [33m5   [39m[39;1mtests/Feature/Auth/PasswordResetTest.php[39;22m:[39;1m43[39;22m
      [2m+6 vendor frames [22m
  [33m12  [39m[39;1mtests/Feature/Auth/PasswordResetTest.php[39;22m:[39;1m39[39;22m

  [31m────────────────────────────────────────────────────────────────────────────[39m  
  [41;1m FAILED [49;22m [1mTests\Feature\Auth\RegistrationTest[22m [90m>[39m registration screen can be…    
[39;1m  Expected response status code [200] but received 500.
Failed asserting that 500 is identical to 200.

The following exception occurred during the last request:

Illuminate\Foundation\ViteException: Unable to locate file in Vite manifest: resources/js/modal-controls.js. in /home/runner/work/gestaodecustos/gestaodecustos/vendor/laravel/framework/src/Illuminate/Foundation/Vite.php:1042
Stack trace:
#0 /home/runner/work/gestaodecustos/gestaodecustos/vendor/laravel/framework/src/Illuminate/Foundation/Vite.php(404): Illuminate\Foundation\Vite->chunk()
#1 /home/runner/work/gestaodecustos/gestaodecustos/storage/framework/views/6ab657d568ef86e98d779cdaf4c30db4.php(14): Illuminate\Foundation\Vite->__invoke()
#2 /home/runner/work/gestaodecustos/gestaodecustos/vendor/laravel/framework/src/Illuminate/Filesystem/Filesystem.php(123): require('...')
#3 /home/runner/work/gestaodecustos/gestaodecustos/vendor/laravel/framework/src/Illuminate/Filesystem/Filesystem.php(124): Illuminate\Filesystem\Filesystem::Illuminate\Filesystem\{closure}()
#4 /home/runner/work/gestaodecustos/gestaodecustos/vendor/laravel/framework/src/Illuminate/View/Engines/PhpEngine.php(57): Illuminate\Filesystem\Filesystem->getRequire()
#5 /home/runner/work/gestaodecustos/gestaodecustos/vendor/livewire/livewire/src/Mechanisms/ExtendBlade/ExtendedCompilerEngine.php(22): Illuminate\View\Engines\PhpEngine->evaluatePath()
#6 /home/runner/work/gestaodecustos/gestaodecustos/vendor/laravel/framework/src/Illuminate/View/Engines/CompilerEngine.php(76): Livewire\Mechanisms\ExtendBlade\ExtendedCompilerEngine->evaluatePath()
#7 /home/runner/work/gestaodecustos/gestaodecustos/vendor/livewire/livewire/src/Mechanisms/ExtendBlade/ExtendedCompilerEngine.php(10): Illuminate\View\Engines\CompilerEngine->get()
#8 /home/runner/work/gestaodecustos/gestaodecustos/vendor/laravel/framework/src/Illuminate/View/View.php(208): Livewire\Mechanisms\ExtendBlade\ExtendedCompilerEngine->get()
#9 /home/runner/work/gestaodecustos/gestaodecustos/vendor/laravel/framework/src/Illuminate/View/View.php(191): Illuminate\View\View->getContents()
#10 /home/runner/work/gestaodecustos/gestaodecustos/vendor/laravel/framework/src/Illuminate/View/View.php(160): Illuminate\View\View->renderContents()
#11 /home/runner/work/gestaodecustos/gestaodecustos/storage/framework/views/e9c544d635a96333d9899e7a8daa872b.php(4): Illuminate\View\View->render()
#12 /home/runner/work/gestaodecustos/gestaodecustos/vendor/laravel/framework/src/Illuminate/Filesystem/Filesystem.php(123): require('...')
#13 /home/runner/work/gestaodecustos/gestaodecustos/vendor/laravel/framework/src/Illuminate/Filesystem/Filesystem.php(124): Illuminate\Filesystem\Filesystem::Illuminate\Filesystem\{closure}()
#14 /home/runner/work/gestaodecustos/gestaodecustos/vendor/laravel/framework/src/Illuminate/View/Engines/PhpEngine.php(57): Illuminate\Filesystem\Filesystem->getRequire()
#15 /home/runner/work/gestaodecustos/gestaodecustos/vendor/livewire/livewire/src/Mechanisms/ExtendBlade/ExtendedCompilerEngine.php(22): Illuminate\View\Engines\PhpEngine->evaluatePath()
#16 /home/runner/work/gestaodecustos/gestaodecustos/vendor/laravel/framework/src/Illuminate/View/Engines/CompilerEngine.php(76): Livewire\Mechanisms\ExtendBlade\ExtendedCompilerEngine->evaluatePath()
#17 /home/runner/work/gestaodecustos/gestaodecustos/vendor/livewire/livewire/src/Mechanisms/ExtendBlade/ExtendedCompilerEngine.php(10): Illuminate\View\Engines\CompilerEngine->get()
#18 /home/runner/work/gestaodecustos/gestaodecustos/vendor/laravel/framework/src/Illuminate/View/View.php(208): Livewire\Mechanisms\ExtendBlade\ExtendedCompilerEngine->get()
#19 /home/runner/work/gestaodecustos/gestaodecustos/vendor/laravel/framework/src/Illuminate/View/View.php(191): Illuminate\View\View->getContents()
#20 /home/runner/work/gestaodecustos/gestaodecustos/vendor/laravel/framework/src/Illuminate/View/View.php(160): Illuminate\View\View->renderContents()
#21 /home/runner/work/gestaodecustos/gestaodecustos/vendor/laravel/framework/src/Illuminate/View/Concerns/ManagesComponents.php(103): Illuminate\View\View->render()
#22 /home/runner/work/gestaodecustos/gestaodecustos/storage/framework/views/801a63c08bf77827db6b9098dadda79d.php(17): Illuminate\View\Factory->renderComponent()
#23 /home/runner/work/gestaodecustos/gestaodecustos/vendor/laravel/framework/src/Illuminate/Filesystem/Filesystem.php(123): require('...')
#24 /home/runner/work/gestaodecustos/gestaodecustos/vendor/laravel/framework/src/Illuminate/Filesystem/Filesystem.php(124): Illuminate\Filesystem\Filesystem::Illuminate\Filesystem\{closure}()
#25 /home/runner/work/gestaodecustos/gestaodecustos/vendor/laravel/framework/src/Illuminate/View/Engines/PhpEngine.php(57): Illuminate\Filesystem\Filesystem->getRequire()
#26 /home/runner/work/gestaodecustos/gestaodecustos/vendor/livewire/livewire/src/Mechanisms/ExtendBlade/ExtendedCompilerEngine.php(22): Illuminate\View\Engines\PhpEngine->evaluatePath()
#27 /home/runner/work/gestaodecustos/gestaodecustos/vendor/laravel/framework/src/Illuminate/View/Engines/CompilerEngine.php(76): Livewire\Mechanisms\ExtendBlade\ExtendedCompilerEngine->evaluatePath()
#28 /home/runner/work/gestaodecustos/gestaodecustos/vendor/livewire/livewire/src/Mechanisms/ExtendBlade/ExtendedCompilerEngine.php(10): Illuminate\View\Engines\CompilerEngine->get()
#29 /home/runner/work/gestaodecustos/gestaodecustos/vendor/laravel/framework/src/Illuminate/View/View.php(208): Livewire\Mechanisms\ExtendBlade\ExtendedCompilerEngine->get()
#30 /home/runner/work/gestaodecustos/gestaodecustos/vendor/laravel/framework/src/Illuminate/View/View.php(191): Illuminate\View\View->getContents()
#31 /home/runner/work/gestaodecustos/gestaodecustos/vendor/laravel/framework/src/Illuminate/View/View.php(160): Illuminate\View\View->renderContents()
#32 /home/runner/work/gestaodecustos/gestaodecustos/vendor/laravel/framework/src/Illuminate/View/Compilers/BladeCompiler.php(361): Illuminate\View\View->render()
#33 /home/runner/work/gestaodecustos/gestaodecustos/vendor/laravel/framework/src/Illuminate/Support/Facades/Facade.php(364): Illuminate\View\Compilers\BladeCompiler::render()
#34 /home/runner/work/gestaodecustos/gestaodecustos/vendor/livewire/livewire/src/Features/SupportPageComponents/SupportPageComponents.php(162): Illuminate\Support\Facades\Facade::__callStatic()
#35 /home/runner/work/gestaodecustos/gestaodecustos/vendor/livewire/livewire/src/Features/SupportPageComponents/HandlesPageComponents.php(26): Livewire\Features\SupportPageComponents\SupportPageComponents::renderContentsIntoLayout()
#36 /home/runner/work/gestaodecustos/gestaodecustos/vendor/laravel/framework/src/Illuminate/Container/BoundMethod.php(36): Livewire\Component->__invoke()
#37 /home/runner/work/gestaodecustos/gestaodecustos/vendor/laravel/framework/src/Illuminate/Container/Util.php(43): Illuminate\Container\BoundMethod::Illuminate\Container\{closure}()
#38 /home/runner/work/gestaodecustos/gestaodecustos/vendor/laravel/framework/src/Illuminate/Container/BoundMethod.php(96): Illuminate\Container\Util::unwrapIfClosure()
#39 /home/runner/work/gestaodecustos/gestaodecustos/vendor/laravel/framework/src/Illuminate/Container/BoundMethod.php(35): Illuminate\Container\BoundMethod::callBoundMethod()
#40 /home/runner/work/gestaodecustos/gestaodecustos/vendor/laravel/framework/src/Illuminate/Container/Container.php(803): Illuminate\Container\BoundMethod::call()
#41 /home/runner/work/gestaodecustos/gestaodecustos/vendor/livewire/volt/src/VoltManager.php(37): Illuminate\Container\Container->call()
#42 /home/runner/work/gestaodecustos/gestaodecustos/vendor/laravel/framework/src/Illuminate/Routing/CallableDispatcher.php(39): Livewire\Volt\VoltManager->Livewire\Volt\{closure}()
#43 /home/runner/work/gestaodecustos/gestaodecustos/vendor/laravel/framework/src/Illuminate/Routing/Route.php(254): Illuminate\Routing\CallableDispatcher->dispatch()
#44 /home/runner/work/gestaodecustos/gestaodecustos/vendor/laravel/framework/src/Illuminate/Routing/Route.php(219): Illuminate\Routing\Route->runCallable()
#45 /home/runner/work/gestaodecustos/gestaodecustos/vendor/laravel/framework/src/Illuminate/Routing/Router.php(822): Illuminate\Routing\Route->run()
#46 /home/runner/work/gestaodecustos/gestaodecustos/vendor/laravel/framework/src/Illuminate/Pipeline/Pipeline.php(180): Illuminate\Routing\Router->Illuminate\Routing\{closure}()
#47 /home/runner/work/gestaodecustos/gestaodecustos/vendor/laravel/framework/src/Illuminate/Auth/Middleware/RedirectIfAuthenticated.php(47): Illuminate\Pipeline\Pipeline->Illuminate\Pipeline\{closure}()
#48 /home/runner/work/gestaodecustos/gestaodecustos/vendor/laravel/framework/src/Illuminate/Pipeline/Pipeline.php(219): Illuminate\Auth\Middleware\RedirectIfAuthenticated->handle()
#49 /home/runner/work/gestaodecustos/gestaodecustos/app/Http/Middleware/ThrottleVerificationCode.php(27): Illuminate\Pipeline\Pipeline->Illuminate\Pipeline\{closure}()
#50 /home/runner/work/gestaodecustos/gestaodecustos/vendor/laravel/framework/src/Illuminate/Pipeline/Pipeline.php(219): App\Http\Middleware\ThrottleVerificationCode->handle()
#51 /home/runner/work/gestaodecustos/gestaodecustos/app/Http/Middleware/EnsureBusinessWorkspaceAccess.php(71): Illuminate\Pipeline\Pipeline->Illuminate\Pipeline\{closure}()
#52 /home/runner/work/gestaodecustos/gestaodecustos/vendor/laravel/framework/src/Illuminate/Pipeline/Pipeline.php(219): App\Http\Middleware\EnsureBusinessWorkspaceAccess->handle()
#53 /home/runner/work/gestaodecustos/gestaodecustos/app/Http/Middleware/EnsureImpersonationIsValid.php(20): Illuminate\Pipeline\Pipeline->Illuminate\Pipeline\{closure}()
#54 /home/runner/work/gestaodecustos/gestaodecustos/vendor/laravel/framework/src/Illuminate/Pipeline/Pipeline.php(219): App\Http\Middleware\EnsureImpersonationIsValid->handle()
#55 /home/runner/work/gestaodecustos/gestaodecustos/app/Http/Middleware/UpdateUserActivity.php(27): Illuminate\Pipeline\Pipeline->Illuminate\Pipeline\{closure}()
#56 /home/runner/work/gestaodecustos/gestaodecustos/vendor/laravel/framework/src/Illuminate/Pipeline/Pipeline.php(219): App\Http\Middleware\UpdateUserActivity->handle()
#57 /home/runner/work/gestaodecustos/gestaodecustos/app/Http/Middleware/CheckRegistrationStatus.php(25): Illuminate\Pipeline\Pipeline->Illuminate\Pipeline\{closure}()
#58 /home/runner/work/gestaodecustos/gestaodecustos/vendor/laravel/framework/src/Illuminate/Pipeline/Pipeline.php(219): App\Http\Middleware\CheckRegistrationStatus->handle()
#59 /home/runner/work/gestaodecustos/gestaodecustos/app/Http/Middleware/CheckMaintenanceMode.php(41): Illuminate\Pipeline\Pipeline->Illuminate\Pipeline\{closure}()
#60 /home/runner/work/gestaodecustos/gestaodecustos/vendor/laravel/framework/src/Illuminate/Pipeline/Pipeline.php(219): App\Http\Middleware\CheckMaintenanceMode->handle()
#61 /home/runner/work/gestaodecustos/gestaodecustos/app/Http/Middleware/SetLocale.php(30): Illuminate\Pipeline\Pipeline->Illuminate\Pipeline\{closure}()
#62 /home/runner/work/gestaodecustos/gestaodecustos/vendor/laravel/framework/src/Illuminate/Pipeline/Pipeline.php(219): App\Http\Middleware\SetLocale->handle()
#63 /home/runner/work/gestaodecustos/gestaodecustos/vendor/laravel/framework/src/Illuminate/Routing/Middleware/SubstituteBindings.php(52): Illuminate\Pipeline\Pipeline->Illuminate\Pipeline\{closure}()
#64 /home/runner/work/gestaodecustos/gestaodecustos/vendor/laravel/framework/src/Illuminate/Pipeline/Pipeline.php(219): Illuminate\Routing\Middleware\SubstituteBindings->handle()
#65 /home/runner/work/gestaodecustos/gestaodecustos/vendor/laravel/framework/src/Illuminate/Foundation/Http/Middleware/PreventRequestForgery.php(104): Illuminate\Pipeline\Pipeline->Illuminate\Pipeline\{closure}()
#66 /home/runner/work/gestaodecustos/gestaodecustos/vendor/laravel/framework/src/Illuminate/Pipeline/Pipeline.php(219): Illuminate\Foundation\Http\Middleware\PreventRequestForgery->handle()
#67 /home/runner/work/gestaodecustos/gestaodecustos/vendor/laravel/framework/src/Illuminate/View/Middleware/ShareErrorsFromSession.php(48): Illuminate\Pipeline\Pipeline->Illuminate\Pipeline\{closure}()
#68 /home/runner/work/gestaodecustos/gestaodecustos/vendor/laravel/framework/src/Illuminate/Pipeline/Pipeline.php(219): Illuminate\View\Middleware\ShareErrorsFromSession->handle()
#69 /home/runner/work/gestaodecustos/gestaodecustos/vendor/laravel/framework/src/Illuminate/Session/Middleware/StartSession.php(120): Illuminate\Pipeline\Pipeline->Illuminate\Pipeline\{closure}()
#70 /home/runner/work/gestaodecustos/gestaodecustos/vendor/laravel/framework/src/Illuminate/Session/Middleware/StartSession.php(63): Illuminate\Session\Middleware\StartSession->handleStatefulRequest()
#71 /home/runner/work/gestaodecustos/gestaodecustos/vendor/laravel/framework/src/Illuminate/Pipeline/Pipeline.php(219): Illuminate\Session\Middleware\StartSession->handle()
#72 /home/runner/work/gestaodecustos/gestaodecustos/vendor/laravel/framework/src/Illuminate/Cookie/Middleware/AddQueuedCookiesToResponse.php(36): Illuminate\Pipeline\Pipeline->Illuminate\Pipeline\{closure}()
#73 /home/runner/work/gestaodecustos/gestaodecustos/vendor/laravel/framework/src/Illuminate/Pipeline/Pipeline.php(219): Illuminate\Cookie\Middleware\AddQueuedCookiesToResponse->handle()
#74 /home/runner/work/gestaodecustos/gestaodecustos/vendor/laravel/framework/src/Illuminate/Cookie/Middleware/EncryptCookies.php(74): Illuminate\Pipeline\Pipeline->Illuminate\Pipeline\{closure}()
#75 /home/runner/work/gestaodecustos/gestaodecustos/vendor/laravel/framework/src/Illuminate/Pipeline/Pipeline.php(219): Illuminate\Cookie\Middleware\EncryptCookies->handle()
#76 /home/runner/work/gestaodecustos/gestaodecustos/vendor/laravel/framework/src/Illuminate/Pipeline/Pipeline.php(137): Illuminate\Pipeline\Pipeline->Illuminate\Pipeline\{closure}()
#77 /home/runner/work/gestaodecustos/gestaodecustos/vendor/laravel/framework/src/Illuminate/Routing/Router.php(821): Illuminate\Pipeline\Pipeline->then()
#78 /home/runner/work/gestaodecustos/gestaodecustos/vendor/laravel/framework/src/Illuminate/Routing/Router.php(800): Illuminate\Routing\Router->runRouteWithinStack()
#79 /home/runner/work/gestaodecustos/gestaodecustos/vendor/laravel/framework/src/Illuminate/Routing/Router.php(764): Illuminate\Routing\Router->runRoute()
#80 /home/runner/work/gestaodecustos/gestaodecustos/vendor/laravel/framework/src/Illuminate/Routing/Router.php(753): Illuminate\Routing\Router->dispatchToRoute()
#81 /home/runner/work/gestaodecustos/gestaodecustos/vendor/laravel/framework/src/Illuminate/Foundation/Http/Kernel.php(200): Illuminate\Routing\Router->dispatch()
#82 /home/runner/work/gestaodecustos/gestaodecustos/vendor/laravel/framework/src/Illuminate/Pipeline/Pipeline.php(180): Illuminate\Foundation\Http\Kernel->Illuminate\Foundation\Http\{closure}()
#83 /home/runner/work/gestaodecustos/gestaodecustos/vendor/livewire/livewire/src/Features/SupportDisablingBackButtonCache/DisableBackButtonCacheMiddleware.php(19): Illuminate\Pipeline\Pipeline->Illuminate\Pipeline\{closure}()
#84 /home/runner/work/gestaodecustos/gestaodecustos/vendor/laravel/framework/src/Illuminate/Pipeline/Pipeline.php(219): Livewire\Features\SupportDisablingBackButtonCache\DisableBackButtonCacheMiddleware->handle()
#85 /home/runner/work/gestaodecustos/gestaodecustos/vendor/laravel/framework/src/Illuminate/Foundation/Http/Middleware/TransformsRequest.php(21): Illuminate\Pipeline\Pipeline->Illuminate\Pipeline\{closure}()
#86 /home/runner/work/gestaodecustos/gestaodecustos/vendor/laravel/framework/src/Illuminate/Foundation/Http/Middleware/ConvertEmptyStringsToNull.php(31): Illuminate\Foundation\Http\Middleware\TransformsRequest->handle()
#87 /home/runner/work/gestaodecustos/gestaodecustos/vendor/laravel/framework/src/Illuminate/Pipeline/Pipeline.php(219): Illuminate\Foundation\Http\Middleware\ConvertEmptyStringsToNull->handle()
#88 /home/runner/work/gestaodecustos/gestaodecustos/vendor/laravel/framework/src/Illuminate/Foundation/Http/Middleware/TransformsRequest.php(21): Illuminate\Pipeline\Pipeline->Illuminate\Pipeline\{closure}()
#89 /home/runner/work/gestaodecustos/gestaodecustos/vendor/laravel/framework/src/Illuminate/Foundation/Http/Middleware/TrimStrings.php(51): Illuminate\Foundation\Http\Middleware\TransformsRequest->handle()
#90 /home/runner/work/gestaodecustos/gestaodecustos/vendor/laravel/framework/src/Illuminate/Pipeline/Pipeline.php(219): Illuminate\Foundation\Http\Middleware\TrimStrings->handle()
#91 /home/runner/work/gestaodecustos/gestaodecustos/vendor/laravel/framework/src/Illuminate/Http/Middleware/ValidatePostSize.php(27): Illuminate\Pipeline\Pipeline->Illuminate\Pipeline\{closure}()
#92 /home/runner/work/gestaodecustos/gestaodecustos/vendor/laravel/framework/src/Illuminate/Pipeline/Pipeline.php(219): Illuminate\Http\Middleware\ValidatePostSize->handle()
#93 /home/runner/work/gestaodecustos/gestaodecustos/vendor/laravel/framework/src/Illuminate/Foundation/Http/Middleware/PreventRequestsDuringMaintenance.php(110): Illuminate\Pipeline\Pipeline->Illuminate\Pipeline\{closure}()
#94 /home/runner/work/gestaodecustos/gestaodecustos/vendor/laravel/framework/src/Illuminate/Pipeline/Pipeline.php(219): Illuminate\Foundation\Http\Middleware\PreventRequestsDuringMaintenance->handle()
#95 /home/runner/work/gestaodecustos/gestaodecustos/vendor/laravel/framework/src/Illuminate/Http/Middleware/HandleCors.php(61): Illuminate\Pipeline\Pipeline->Illuminate\Pipeline\{closure}()
#96 /home/runner/work/gestaodecustos/gestaodecustos/vendor/laravel/framework/src/Illuminate/Pipeline/Pipeline.php(219): Illuminate\Http\Middleware\HandleCors->handle()
#97 /home/runner/work/gestaodecustos/gestaodecustos/vendor/laravel/framework/src/Illuminate/Http/Middleware/TrustProxies.php(58): Illuminate\Pipeline\Pipeline->Illuminate\Pipeline\{closure}()
#98 /home/runner/work/gestaodecustos/gestaodecustos/vendor/laravel/framework/src/Illuminate/Pipeline/Pipeline.php(219): Illuminate\Http\Middleware\TrustProxies->handle()
#99 /home/runner/work/gestaodecustos/gestaodecustos/vendor/laravel/framework/src/Illuminate/Foundation/Http/Middleware/InvokeDeferredCallbacks.php(22): Illuminate\Pipeline\Pipeline->Illuminate\Pipeline\{closure}()
#100 /home/runner/work/gestaodecustos/gestaodecustos/vendor/laravel/framework/src/Illuminate/Pipeline/Pipeline.php(219): Illuminate\Foundation\Http\Middleware\InvokeDeferredCallbacks->handle()
#101 /home/runner/work/gestaodecustos/gestaodecustos/vendor/laravel/framework/src/Illuminate/Http/Middleware/ValidatePathEncoding.php(28): Illuminate\Pipeline\Pipeline->Illuminate\Pipeline\{closure}()
#102 /home/runner/work/gestaodecustos/gestaodecustos/vendor/laravel/framework/src/Illuminate/Pipeline/Pipeline.php(219): Illuminate\Http\Middleware\ValidatePathEncoding->handle()
#103 /home/runner/work/gestaodecustos/gestaodecustos/vendor/laravel/framework/src/Illuminate/Pipeline/Pipeline.php(137): Illuminate\Pipeline\Pipeline->Illuminate\Pipeline\{closure}()
#104 /home/runner/work/gestaodecustos/gestaodecustos/vendor/laravel/framework/src/Illuminate/Foundation/Http/Kernel.php(175): Illuminate\Pipeline\Pipeline->then()
#105 /home/runner/work/gestaodecustos/gestaodecustos/vendor/laravel/framework/src/Illuminate/Foundation/Http/Kernel.php(144): Illuminate\Foundation\Http\Kernel->sendRequestThroughRouter()
#106 /home/runner/work/gestaodecustos/gestaodecustos/vendor/laravel/framework/src/Illuminate/Foundation/Testing/Concerns/MakesHttpRequests.php(638): Illuminate\Foundation\Http\Kernel->handle()
#107 /home/runner/work/gestaodecustos/gestaodecustos/vendor/laravel/framework/src/Illuminate/Foundation/Testing/Concerns/MakesHttpRequests.php(368): Illuminate\Foundation\Testing\TestCase->call()
#108 /home/runner/work/gestaodecustos/gestaodecustos/tests/Feature/Auth/RegistrationTest.php(8): Illuminate\Foundation\Testing\TestCase->get()
#109 /home/runner/work/gestaodecustos/gestaodecustos/vendor/pestphp/pest/src/Factories/TestCaseMethodFactory.php(177): P\Tests\Feature\Auth\RegistrationTest->Tests\Feature\Auth\{closure}()
#110 [internal function]: P\Tests\Feature\Auth\RegistrationTest->Pest\Factories\{closure}()
#111 /home/runner/work/gestaodecustos/gestaodecustos/vendor/pestphp/pest/src/Concerns/Testable.php(514): call_user_func_array()
#112 /home/runner/work/gestaodecustos/gestaodecustos/vendor/pestphp/pest/src/Support/ExceptionTrace.php(26): P\Tests\Feature\Auth\RegistrationTest->Pest\Concerns\{closure}()
#113 /home/runner/work/gestaodecustos/gestaodecustos/vendor/pestphp/pest/src/Concerns/Testable.php(514): Pest\Support\ExceptionTrace::ensure()
#114 /home/runner/work/gestaodecustos/gestaodecustos/vendor/pestphp/pest/src/Concerns/Testable.php(336): P\Tests\Feature\Auth\RegistrationTest->__callClosure()
#115 /home/runner/work/gestaodecustos/gestaodecustos/vendor/pestphp/pest/src/Factories/TestCaseFactory.php(179) : eval()'d code(22): P\Tests\Feature\Auth\RegistrationTest->__runTest()
#116 /home/runner/work/gestaodecustos/gestaodecustos/vendor/phpunit/phpunit/src/Framework/TestCase.php(1318): P\Tests\Feature\Auth\RegistrationTest->__pest_evaluable_registration_screen_can_be_rendered()
#117 /home/runner/work/gestaodecustos/gestaodecustos/vendor/phpunit/phpunit/src/Framework/TestCase.php(1355): PHPUnit\Framework\TestCase->invokeTestMethod()
#118 /home/runner/work/gestaodecustos/gestaodecustos/vendor/phpunit/phpunit/src/Framework/TestCase.php(521): PHPUnit\Framework\TestCase->runTest()
#119 /home/runner/work/gestaodecustos/gestaodecustos/vendor/phpunit/phpunit/src/Framework/TestRunner/TestRunner.php(99): PHPUnit\Framework\TestCase->runBare()
#120 /home/runner/work/gestaodecustos/gestaodecustos/vendor/phpunit/phpunit/src/Framework/TestCase.php(361): PHPUnit\Framework\TestRunner->run()
#121 /home/runner/work/gestaodecustos/gestaodecustos/vendor/phpunit/phpunit/src/Framework/TestSuite.php(374): PHPUnit\Framework\TestCase->run()
#122 /home/runner/work/gestaodecustos/gestaodecustos/vendor/phpunit/phpunit/src/Framework/TestSuite.php(374): PHPUnit\Framework\TestSuite->run()
#123 /home/runner/work/gestaodecustos/gestaodecustos/vendor/phpunit/phpunit/src/Framework/TestSuite.php(374): PHPUnit\Framework\TestSuite->run()
#124 /home/runner/work/gestaodecustos/gestaodecustos/vendor/phpunit/phpunit/src/TextUI/TestRunner.php(64): PHPUnit\Framework\TestSuite->run()
#125 /home/runner/work/gestaodecustos/gestaodecustos/vendor/phpunit/phpunit/src/TextUI/Application.php(229): PHPUnit\TextUI\TestRunner->run()
#126 /home/runner/work/gestaodecustos/gestaodecustos/vendor/pestphp/pest/src/Kernel.php(103): PHPUnit\TextUI\Application->run()
#127 /home/runner/work/gestaodecustos/gestaodecustos/vendor/pestphp/pest/bin/pest(196): Pest\Kernel->handle()
#128 /home/runner/work/gestaodecustos/gestaodecustos/vendor/pestphp/pest/bin/pest(204): {closure}()
#129 /home/runner/work/gestaodecustos/gestaodecustos/vendor/bin/pest(119): include('...')
#130 {main}

Next Illuminate\View\ViewException: Unable to locate file in Vite manifest: resources/js/modal-controls.js. (View: /home/runner/work/gestaodecustos/gestaodecustos/resources/views/partials/head.blade.php) in /home/runner/work/gestaodecustos/gestaodecustos/vendor/laravel/framework/src/Illuminate/Foundation/Vite.php:1042
Stack trace:
#0 /home/runner/work/gestaodecustos/gestaodecustos/vendor/livewire/livewire/src/Mechanisms/ExtendBlade/ExtendedCompilerEngine.php(58): Illuminate\View\Engines\CompilerEngine->handleViewException()
#1 /home/runner/work/gestaodecustos/gestaodecustos/vendor/laravel/framework/src/Illuminate/View/Engines/PhpEngine.php(59): Livewire\Mechanisms\ExtendBlade\ExtendedCompilerEngine->handleViewException()
#2 /home/runner/work/gestaodecustos/gestaodecustos/vendor/livewire/livewire/src/Mechanisms/ExtendBlade/ExtendedCompilerEngine.php(22): Illuminate\View\Engines\PhpEngine->evaluatePath()
#3 /home/runner/work/gestaodecustos/gestaodecustos/vendor/laravel/framework/src/Illuminate/View/Engines/CompilerEngine.php(76): Livewire\Mechanisms\ExtendBlade\ExtendedCompilerEngine->evaluatePath()
#4 /home/runner/work/gestaodecustos/gestaodecustos/vendor/livewire/livewire/src/Mechanisms/ExtendBlade/ExtendedCompilerEngine.php(10): Illuminate\View\Engines\CompilerEngine->get()
#5 /home/runner/work/gestaodecustos/gestaodecustos/vendor/laravel/framework/src/Illuminate/View/View.php(208): Livewire\Mechanisms\ExtendBlade\ExtendedCompilerEngine->get()
#6 /home/runner/work/gestaodecustos/gestaodecustos/vendor/laravel/framework/src/Illuminate/View/View.php(191): Illuminate\View\View->getContents()
#7 /home/runner/work/gestaodecustos/gestaodecustos/vendor/laravel/framework/src/Illuminate/View/View.php(160): Illuminate\View\View->renderContents()
#8 /home/runner/work/gestaodecustos/gestaodecustos/storage/framework/views/e9c544d635a96333d9899e7a8daa872b.php(4): Illuminate\View\View->render()
#9 /home/runner/work/gestaodecustos/gestaodecustos/vendor/laravel/framework/src/Illuminate/Filesystem/Filesystem.php(123): require('...')
#10 /home/runner/work/gestaodecustos/gestaodecustos/vendor/laravel/framework/src/Illuminate/Filesystem/Filesystem.php(124): Illuminate\Filesystem\Filesystem::Illuminate\Filesystem\{closure}()
#11 /home/runner/work/gestaodecustos/gestaodecustos/vendor/laravel/framework/src/Illuminate/View/Engines/PhpEngine.php(57): Illuminate\Filesystem\Filesystem->getRequire()
#12 /home/runner/work/gestaodecustos/gestaodecustos/vendor/livewire/livewire/src/Mechanisms/ExtendBlade/ExtendedCompilerEngine.php(22): Illuminate\View\Engines\PhpEngine->evaluatePath()
#13 /home/runner/work/gestaodecustos/gestaodecustos/vendor/laravel/framework/src/Illuminate/View/Engines/CompilerEngine.php(76): Livewire\Mechanisms\ExtendBlade\ExtendedCompilerEngine->evaluatePath()
#14 /home/runner/work/gestaodecustos/gestaodecustos/vendor/livewire/livewire/src/Mechanisms/ExtendBlade/ExtendedCompilerEngine.php(10): Illuminate\View\Engines\CompilerEngine->get()
#15 /home/runner/work/gestaodecustos/gestaodecustos/vendor/laravel/framework/src/Illuminate/View/View.php(208): Livewire\Mechanisms\ExtendBlade\ExtendedCompilerEngine->get()
#16 /home/runner/work/gestaodecustos/gestaodecustos/vendor/laravel/framework/src/Illuminate/View/View.php(191): Illuminate\View\View->getContents()
#17 /home/runner/work/gestaodecustos/gestaodecustos/vendor/laravel/framework/src/Illuminate/View/View.php(160): Illuminate\View\View->renderContents()
#18 /home/runner/work/gestaodecustos/gestaodecustos/vendor/laravel/framework/src/Illuminate/View/Concerns/ManagesComponents.php(103): Illuminate\View\View->render()
#19 /home/runner/work/gestaodecustos/gestaodecustos/storage/framework/views/801a63c08bf77827db6b9098dadda79d.php(17): Illuminate\View\Factory->renderComponent()
#20 /home/runner/work/gestaodecustos/gestaodecustos/vendor/laravel/framework/src/Illuminate/Filesystem/Filesystem.php(123): require('...')
#21 /home/runner/work/gestaodecustos/gestaodecustos/vendor/laravel/framework/src/Illuminate/Filesystem/Filesystem.php(124): Illuminate\Filesystem\Filesystem::Illuminate\Filesystem\{closure}()
#22 /home/runner/work/gestaodecustos/gestaodecustos/vendor/laravel/framework/src/Illuminate/View/Engines/PhpEngine.php(57): Illuminate\Filesystem\Filesystem->getRequire()
#23 /home/runner/work/gestaodecustos/gestaodecustos/vendor/livewire/livewire/src/Mechanisms/ExtendBlade/ExtendedCompilerEngine.php(22): Illuminate\View\Engines\PhpEngine->evaluatePath()
#24 /home/runner/work/gestaodecustos/gestaodecustos/vendor/laravel/framework/src/Illuminate/View/Engines/CompilerEngine.php(76): Livewire\Mechanisms\ExtendBlade\ExtendedCompilerEngine->evaluatePath()
#25 /home/runner/work/gestaodecustos/gestaodecustos/vendor/livewire/livewire/src/Mechanisms/ExtendBlade/ExtendedCompilerEngine.php(10): Illuminate\View\Engines\CompilerEngine->get()
#26 /home/runner/work/gestaodecustos/gestaodecustos/vendor/laravel/framework/src/Illuminate/View/View.php(208): Livewire\Mechanisms\ExtendBlade\ExtendedCompilerEngine->get()
#27 /home/runner/work/gestaodecustos/gestaodecustos/vendor/laravel/framework/src/Illuminate/View/View.php(191): Illuminate\View\View->getContents()
#28 /home/runner/work/gestaodecustos/gestaodecustos/vendor/laravel/framework/src/Illuminate/View/View.php(160): Illuminate\View\View->renderContents()
#29 /home/runner/work/gestaodecustos/gestaodecustos/vendor/laravel/framework/src/Illuminate/View/Compilers/BladeCompiler.php(361): Illuminate\View\View->render()
#30 /home/runner/work/gestaodecustos/gestaodecustos/vendor/laravel/framework/src/Illuminate/Support/Facades/Facade.php(364): Illuminate\View\Compilers\BladeCompiler::render()
#31 /home/runner/work/gestaodecustos/gestaodecustos/vendor/livewire/livewire/src/Features/SupportPageComponents/SupportPageComponents.php(162): Illuminate\Support\Facades\Facade::__callStatic()
#32 /home/runner/work/gestaodecustos/gestaodecustos/vendor/livewire/livewire/src/Features/SupportPageComponents/HandlesPageComponents.php(26): Livewire\Features\SupportPageComponents\SupportPageComponents::renderContentsIntoLayout()
#33 /home/runner/work/gestaodecustos/gestaodecustos/vendor/laravel/framework/src/Illuminate/Container/BoundMethod.php(36): Livewire\Component->__invoke()
#34 /home/runner/work/gestaodecustos/gestaodecustos/vendor/laravel/framework/src/Illuminate/Container/Util.php(43): Illuminate\Container\BoundMethod::Illuminate\Container\{closure}()
#35 /home/runner/work/gestaodecustos/gestaodecustos/vendor/laravel/framework/src/Illuminate/Container/BoundMethod.php(96): Illuminate\Container\Util::unwrapIfClosure()
#36 /home/runner/work/gestaodecustos/gestaodecustos/vendor/laravel/framework/src/Illuminate/Container/BoundMethod.php(35): Illuminate\Container\BoundMethod::callBoundMethod()
#37 /home/runner/work/gestaodecustos/gestaodecustos/vendor/laravel/framework/src/Illuminate/Container/Container.php(803): Illuminate\Container\BoundMethod::call()
#38 /home/runner/work/gestaodecustos/gestaodecustos/vendor/livewire/volt/src/VoltManager.php(37): Illuminate\Container\Container->call()
#39 /home/runner/work/gestaodecustos/gestaodecustos/vendor/laravel/framework/src/Illuminate/Routing/CallableDispatcher.php(39): Livewire\Volt\VoltManager->Livewire\Volt\{closure}()
#40 /home/runner/work/gestaodecustos/gestaodecustos/vendor/laravel/framework/src/Illuminate/Routing/Route.php(254): Illuminate\Routing\CallableDispatcher->dispatch()
#41 /home/runner/work/gestaodecustos/gestaodecustos/vendor/laravel/framework/src/Illuminate/Routing/Route.php(219): Illuminate\Routing\Route->runCallable()
#42 /home/runner/work/gestaodecustos/gestaodecustos/vendor/laravel/framework/src/Illuminate/Routing/Router.php(822): Illuminate\Routing\Route->run()
#43 /home/runner/work/gestaodecustos/gestaodecustos/vendor/laravel/framework/src/Illuminate/Pipeline/Pipeline.php(180): Illuminate\Routing\Router->Illuminate\Routing\{closure}()
#44 /home/runner/work/gestaodecustos/gestaodecustos/vendor/laravel/framework/src/Illuminate/Auth/Middleware/RedirectIfAuthenticated.php(47): Illuminate\Pipeline\Pipeline->Illuminate\Pipeline\{closure}()
#45 /home/runner/work/gestaodecustos/gestaodecustos/vendor/laravel/framework/src/Illuminate/Pipeline/Pipeline.php(219): Illuminate\Auth\Middleware\RedirectIfAuthenticated->handle()
#46 /home/runner/work/gestaodecustos/gestaodecustos/app/Http/Middleware/ThrottleVerificationCode.php(27): Illuminate\Pipeline\Pipeline->Illuminate\Pipeline\{closure}()
#47 /home/runner/work/gestaodecustos/gestaodecustos/vendor/laravel/framework/src/Illuminate/Pipeline/Pipeline.php(219): App\Http\Middleware\ThrottleVerificationCode->handle()
#48 /home/runner/work/gestaodecustos/gestaodecustos/app/Http/Middleware/EnsureBusinessWorkspaceAccess.php(71): Illuminate\Pipeline\Pipeline->Illuminate\Pipeline\{closure}()
#49 /home/runner/work/gestaodecustos/gestaodecustos/vendor/laravel/framework/src/Illuminate/Pipeline/Pipeline.php(219): App\Http\Middleware\EnsureBusinessWorkspaceAccess->handle()
#50 /home/runner/work/gestaodecustos/gestaodecustos/app/Http/Middleware/EnsureImpersonationIsValid.php(20): Illuminate\Pipeline\Pipeline->Illuminate\Pipeline\{closure}()
#51 /home/runner/work/gestaodecustos/gestaodecustos/vendor/laravel/framework/src/Illuminate/Pipeline/Pipeline.php(219): App\Http\Middleware\EnsureImpersonationIsValid->handle()
#52 /home/runner/work/gestaodecustos/gestaodecustos/app/Http/Middleware/UpdateUserActivity.php(27): Illuminate\Pipeline\Pipeline->Illuminate\Pipeline\{closure}()
#53 /home/runner/work/gestaodecustos/gestaodecustos/vendor/laravel/framework/src/Illuminate/Pipeline/Pipeline.php(219): App\Http\Middleware\UpdateUserActivity->handle()
#54 /home/runner/work/gestaodecustos/gestaodecustos/app/Http/Middleware/CheckRegistrationStatus.php(25): Illuminate\Pipeline\Pipeline->Illuminate\Pipeline\{closure}()
#55 /home/runner/work/gestaodecustos/gestaodecustos/vendor/laravel/framework/src/Illuminate/Pipeline/Pipeline.php(219): App\Http\Middleware\CheckRegistrationStatus->handle()
#56 /home/runner/work/gestaodecustos/gestaodecustos/app/Http/Middleware/CheckMaintenanceMode.php(41): Illuminate\Pipeline\Pipeline->Illuminate\Pipeline\{closure}()
#57 /home/runner/work/gestaodecustos/gestaodecustos/vendor/laravel/framework/src/Illuminate/Pipeline/Pipeline.php(219): App\Http\Middleware\CheckMaintenanceMode->handle()
#58 /home/runner/work/gestaodecustos/gestaodecustos/app/Http/Middleware/SetLocale.php(30): Illuminate\Pipeline\Pipeline->Illuminate\Pipeline\{closure}()
#59 /home/runner/work/gestaodecustos/gestaodecustos/vendor/laravel/framework/src/Illuminate/Pipeline/Pipeline.php(219): App\Http\Middleware\SetLocale->handle()
#60 /home/runner/work/gestaodecustos/gestaodecustos/vendor/laravel/framework/src/Illuminate/Routing/Middleware/SubstituteBindings.php(52): Illuminate\Pipeline\Pipeline->Illuminate\Pipeline\{closure}()
#61 /home/runner/work/gestaodecustos/gestaodecustos/vendor/laravel/framework/src/Illuminate/Pipeline/Pipeline.php(219): Illuminate\Routing\Middleware\SubstituteBindings->handle()
#62 /home/runner/work/gestaodecustos/gestaodecustos/vendor/laravel/framework/src/Illuminate/Foundation/Http/Middleware/PreventRequestForgery.php(104): Illuminate\Pipeline\Pipeline->Illuminate\Pipeline\{closure}()
#63 /home/runner/work/gestaodecustos/gestaodecustos/vendor/laravel/framework/src/Illuminate/Pipeline/Pipeline.php(219): Illuminate\Foundation\Http\Middleware\PreventRequestForgery->handle()
#64 /home/runner/work/gestaodecustos/gestaodecustos/vendor/laravel/framework/src/Illuminate/View/Middleware/ShareErrorsFromSession.php(48): Illuminate\Pipeline\Pipeline->Illuminate\Pipeline\{closure}()
#65 /home/runner/work/gestaodecustos/gestaodecustos/vendor/laravel/framework/src/Illuminate/Pipeline/Pipeline.php(219): Illuminate\View\Middleware\ShareErrorsFromSession->handle()
#66 /home/runner/work/gestaodecustos/gestaodecustos/vendor/laravel/framework/src/Illuminate/Session/Middleware/StartSession.php(120): Illuminate\Pipeline\Pipeline->Illuminate\Pipeline\{closure}()
#67 /home/runner/work/gestaodecustos/gestaodecustos/vendor/laravel/framework/src/Illuminate/Session/Middleware/StartSession.php(63): Illuminate\Session\Middleware\StartSession->handleStatefulRequest()
#68 /home/runner/work/gestaodecustos/gestaodecustos/vendor/laravel/framework/src/Illuminate/Pipeline/Pipeline.php(219): Illuminate\Session\Middleware\StartSession->handle()
#69 /home/runner/work/gestaodecustos/gestaodecustos/vendor/laravel/framework/src/Illuminate/Cookie/Middleware/AddQueuedCookiesToResponse.php(36): Illuminate\Pipeline\Pipeline->Illuminate\Pipeline\{closure}()
#70 /home/runner/work/gestaodecustos/gestaodecustos/vendor/laravel/framework/src/Illuminate/Pipeline/Pipeline.php(219): Illuminate\Cookie\Middleware\AddQueuedCookiesToResponse->handle()
#71 /home/runner/work/gestaodecustos/gestaodecustos/vendor/laravel/framework/src/Illuminate/Cookie/Middleware/EncryptCookies.php(74): Illuminate\Pipeline\Pipeline->Illuminate\Pipeline\{closure}()
#72 /home/runner/work/gestaodecustos/gestaodecustos/vendor/laravel/framework/src/Illuminate/Pipeline/Pipeline.php(219): Illuminate\Cookie\Middleware\EncryptCookies->handle()
#73 /home/runner/work/gestaodecustos/gestaodecustos/vendor/laravel/framework/src/Illuminate/Pipeline/Pipeline.php(137): Illuminate\Pipeline\Pipeline->Illuminate\Pipeline\{closure}()
#74 /home/runner/work/gestaodecustos/gestaodecustos/vendor/laravel/framework/src/Illuminate/Routing/Router.php(821): Illuminate\Pipeline\Pipeline->then()
#75 /home/runner/work/gestaodecustos/gestaodecustos/vendor/laravel/framework/src/Illuminate/Routing/Router.php(800): Illuminate\Routing\Router->runRouteWithinStack()
#76 /home/runner/work/gestaodecustos/gestaodecustos/vendor/laravel/framework/src/Illuminate/Routing/Router.php(764): Illuminate\Routing\Router->runRoute()
#77 /home/runner/work/gestaodecustos/gestaodecustos/vendor/laravel/framework/src/Illuminate/Routing/Router.php(753): Illuminate\Routing\Router->dispatchToRoute()
#78 /home/runner/work/gestaodecustos/gestaodecustos/vendor/laravel/framework/src/Illuminate/Foundation/Http/Kernel.php(200): Illuminate\Routing\Router->dispatch()
#79 /home/runner/work/gestaodecustos/gestaodecustos/vendor/laravel/framework/src/Illuminate/Pipeline/Pipeline.php(180): Illuminate\Foundation\Http\Kernel->Illuminate\Foundation\Http\{closure}()
#80 /home/runner/work/gestaodecustos/gestaodecustos/vendor/livewire/livewire/src/Features/SupportDisablingBackButtonCache/DisableBackButtonCacheMiddleware.php(19): Illuminate\Pipeline\Pipeline->Illuminate\Pipeline\{closure}()
#81 /home/runner/work/gestaodecustos/gestaodecustos/vendor/laravel/framework/src/Illuminate/Pipeline/Pipeline.php(219): Livewire\Features\SupportDisablingBackButtonCache\DisableBackButtonCacheMiddleware->handle()
#82 /home/runner/work/gestaodecustos/gestaodecustos/vendor/laravel/framework/src/Illuminate/Foundation/Http/Middleware/TransformsRequest.php(21): Illuminate\Pipeline\Pipeline->Illuminate\Pipeline\{closure}()
#83 /home/runner/work/gestaodecustos/gestaodecustos/vendor/laravel/framework/src/Illuminate/Foundation/Http/Middleware/ConvertEmptyStringsToNull.php(31): Illuminate\Foundation\Http\Middleware\TransformsRequest->handle()
#84 /home/runner/work/gestaodecustos/gestaodecustos/vendor/laravel/framework/src/Illuminate/Pipeline/Pipeline.php(219): Illuminate\Foundation\Http\Middleware\ConvertEmptyStringsToNull->handle()
#85 /home/runner/work/gestaodecustos/gestaodecustos/vendor/laravel/framework/src/Illuminate/Foundation/Http/Middleware/TransformsRequest.php(21): Illuminate\Pipeline\Pipeline->Illuminate\Pipeline\{closure}()
#86 /home/runner/work/gestaodecustos/gestaodecustos/vendor/laravel/framework/src/Illuminate/Foundation/Http/Middleware/TrimStrings.php(51): Illuminate\Foundation\Http\Middleware\TransformsRequest->handle()
#87 /home/runner/work/gestaodecustos/gestaodecustos/vendor/laravel/framework/src/Illuminate/Pipeline/Pipeline.php(219): Illuminate\Foundation\Http\Middleware\TrimStrings->handle()
#88 /home/runner/work/gestaodecustos/gestaodecustos/vendor/laravel/framework/src/Illuminate/Http/Middleware/ValidatePostSize.php(27): Illuminate\Pipeline\Pipeline->Illuminate\Pipeline\{closure}()
#89 /home/runner/work/gestaodecustos/gestaodecustos/vendor/laravel/framework/src/Illuminate/Pipeline/Pipeline.php(219): Illuminate\Http\Middleware\ValidatePostSize->handle()
#90 /home/runner/work/gestaodecustos/gestaodecustos/vendor/laravel/framework/src/Illuminate/Foundation/Http/Middleware/PreventRequestsDuringMaintenance.php(110): Illuminate\Pipeline\Pipeline->Illuminate\Pipeline\{closure}()
#91 /home/runner/work/gestaodecustos/gestaodecustos/vendor/laravel/framework/src/Illuminate/Pipeline/Pipeline.php(219): Illuminate\Foundation\Http\Middleware\PreventRequestsDuringMaintenance->handle()
#92 /home/runner/work/gestaodecustos/gestaodecustos/vendor/laravel/framework/src/Illuminate/Http/Middleware/HandleCors.php(61): Illuminate\Pipeline\Pipeline->Illuminate\Pipeline\{closure}()
#93 /home/runner/work/gestaodecustos/gestaodecustos/vendor/laravel/framework/src/Illuminate/Pipeline/Pipeline.php(219): Illuminate\Http\Middleware\HandleCors->handle()
#94 /home/runner/work/gestaodecustos/gestaodecustos/vendor/laravel/framework/src/Illuminate/Http/Middleware/TrustProxies.php(58): Illuminate\Pipeline\Pipeline->Illuminate\Pipeline\{closure}()
#95 /home/runner/work/gestaodecustos/gestaodecustos/vendor/laravel/framework/src/Illuminate/Pipeline/Pipeline.php(219): Illuminate\Http\Middleware\TrustProxies->handle()
#96 /home/runner/work/gestaodecustos/gestaodecustos/vendor/laravel/framework/src/Illuminate/Foundation/Http/Middleware/InvokeDeferredCallbacks.php(22): Illuminate\Pipeline\Pipeline->Illuminate\Pipeline\{closure}()
#97 /home/runner/work/gestaodecustos/gestaodecustos/vendor/laravel/framework/src/Illuminate/Pipeline/Pipeline.php(219): Illuminate\Foundation\Http\Middleware\InvokeDeferredCallbacks->handle()
#98 /home/runner/work/gestaodecustos/gestaodecustos/vendor/laravel/framework/src/Illuminate/Http/Middleware/ValidatePathEncoding.php(28): Illuminate\Pipeline\Pipeline->Illuminate\Pipeline\{closure}()
#99 /home/runner/work/gestaodecustos/gestaodecustos/vendor/laravel/framework/src/Illuminate/Pipeline/Pipeline.php(219): Illuminate\Http\Middleware\ValidatePathEncoding->handle()
#100 /home/runner/work/gestaodecustos/gestaodecustos/vendor/laravel/framework/src/Illuminate/Pipeline/Pipeline.php(137): Illuminate\Pipeline\Pipeline->Illuminate\Pipeline\{closure}()
#101 /home/runner/work/gestaodecustos/gestaodecustos/vendor/laravel/framework/src/Illuminate/Foundation/Http/Kernel.php(175): Illuminate\Pipeline\Pipeline->then()
#102 /home/runner/work/gestaodecustos/gestaodecustos/vendor/laravel/framework/src/Illuminate/Foundation/Http/Kernel.php(144): Illuminate\Foundation\Http\Kernel->sendRequestThroughRouter()
#103 /home/runner/work/gestaodecustos/gestaodecustos/vendor/laravel/framework/src/Illuminate/Foundation/Testing/Concerns/MakesHttpRequests.php(638): Illuminate\Foundation\Http\Kernel->handle()
#104 /home/runner/work/gestaodecustos/gestaodecustos/vendor/laravel/framework/src/Illuminate/Foundation/Testing/Concerns/MakesHttpRequests.php(368): Illuminate\Foundation\Testing\TestCase->call()
#105 /home/runner/work/gestaodecustos/gestaodecustos/tests/Feature/Auth/RegistrationTest.php(8): Illuminate\Foundation\Testing\TestCase->get()
#106 /home/runner/work/gestaodecustos/gestaodecustos/vendor/pestphp/pest/src/Factories/TestCaseMethodFactory.php(177): P\Tests\Feature\Auth\RegistrationTest->Tests\Feature\Auth\{closure}()
#107 [internal function]: P\Tests\Feature\Auth\RegistrationTest->Pest\Factories\{closure}()
#108 /home/runner/work/gestaodecustos/gestaodecustos/vendor/pestphp/pest/src/Concerns/Testable.php(514): call_user_func_array()
#109 /home/runner/work/gestaodecustos/gestaodecustos/vendor/pestphp/pest/src/Support/ExceptionTrace.php(26): P\Tests\Feature\Auth\RegistrationTest->Pest\Concerns\{closure}()
#110 /home/runner/work/gestaodecustos/gestaodecustos/vendor/pestphp/pest/src/Concerns/Testable.php(514): Pest\Support\ExceptionTrace::ensure()
#111 /home/runner/work/gestaodecustos/gestaodecustos/vendor/pestphp/pest/src/Concerns/Testable.php(336): P\Tests\Feature\Auth\RegistrationTest->__callClosure()
#112 /home/runner/work/gestaodecustos/gestaodecustos/vendor/pestphp/pest/src/Factories/TestCaseFactory.php(179) : eval()'d code(22): P\Tests\Feature\Auth\RegistrationTest->__runTest()
#113 /home/runner/work/gestaodecustos/gestaodecustos/vendor/phpunit/phpunit/src/Framework/TestCase.php(1318): P\Tests\Feature\Auth\RegistrationTest->__pest_evaluable_registration_screen_can_be_rendered()
#114 /home/runner/work/gestaodecustos/gestaodecustos/vendor/phpunit/phpunit/src/Framework/TestCase.php(1355): PHPUnit\Framework\TestCase->invokeTestMethod()
#115 /home/runner/work/gestaodecustos/gestaodecustos/vendor/phpunit/phpunit/src/Framework/TestCase.php(521): PHPUnit\Framework\TestCase->runTest()
#116 /home/runner/work/gestaodecustos/gestaodecustos/vendor/phpunit/phpunit/src/Framework/TestRunner/TestRunner.php(99): PHPUnit\Framework\TestCase->runBare()
#117 /home/runner/work/gestaodecustos/gestaodecustos/vendor/phpunit/phpunit/src/Framework/TestCase.php(361): PHPUnit\Framework\TestRunner->run()
#118 /home/runner/work/gestaodecustos/gestaodecustos/vendor/phpunit/phpunit/src/Framework/TestSuite.php(374): PHPUnit\Framework\TestCase->run()
#119 /home/runner/work/gestaodecustos/gestaodecustos/vendor/phpunit/phpunit/src/Framework/TestSuite.php(374): PHPUnit\Framework\TestSuite->run()
#120 /home/runner/work/gestaodecustos/gestaodecustos/vendor/phpunit/phpunit/src/Framework/TestSuite.php(374): PHPUnit\Framework\TestSuite->run()
#121 /home/runner/work/gestaodecustos/gestaodecustos/vendor/phpunit/phpunit/src/TextUI/TestRunner.php(64): PHPUnit\Framework\TestSuite->run()
#122 /home/runner/work/gestaodecustos/gestaodecustos/vendor/phpunit/phpunit/src/TextUI/Application.php(229): PHPUnit\TextUI\TestRunner->run()
#123 /home/runner/work/gestaodecustos/gestaodecustos/vendor/pestphp/pest/src/Kernel.php(103): PHPUnit\TextUI\Application->run()
#124 /home/runner/work/gestaodecustos/gestaodecustos/vendor/pestphp/pest/bin/pest(196): Pest\Kernel->handle()
#125 /home/runner/work/gestaodecustos/gestaodecustos/vendor/pestphp/pest/bin/pest(204): {closure}()
#126 /home/runner/work/gestaodecustos/gestaodecustos/vendor/bin/pest(119): include('...')
#127 {main}

Next Illuminate\View\ViewException: Unable to locate file in Vite manifest: resources/js/modal-controls.js. (View: /home/runner/work/gestaodecustos/gestaodecustos/resources/views/partials/head.blade.php) (View: /home/runner/work/gestaodecustos/gestaodecustos/resources/views/partials/head.blade.php) in /home/runner/work/gestaodecustos/gestaodecustos/vendor/laravel/framework/src/Illuminate/Foundation/Vite.php:1042
Stack trace:
#0 /home/runner/work/gestaodecustos/gestaodecustos/vendor/livewire/livewire/src/Mechanisms/ExtendBlade/ExtendedCompilerEngine.php(58): Illuminate\View\Engines\CompilerEngine->handleViewException()
#1 /home/runner/work/gestaodecustos/gestaodecustos/vendor/laravel/framework/src/Illuminate/View/Engines/PhpEngine.php(59): Livewire\Mechanisms\ExtendBlade\ExtendedCompilerEngine->handleViewException()
#2 /home/runner/work/gestaodecustos/gestaodecustos/vendor/livewire/livewire/src/Mechanisms/ExtendBlade/ExtendedCompilerEngine.php(22): Illuminate\View\Engines\PhpEngine->evaluatePath()
#3 /home/runner/work/gestaodecustos/gestaodecustos/vendor/laravel/framework/src/Illuminate/View/Engines/CompilerEngine.php(76): Livewire\Mechanisms\ExtendBlade\ExtendedCompilerEngine->evaluatePath()
#4 /home/runner/work/gestaodecustos/gestaodecustos/vendor/livewire/livewire/src/Mechanisms/ExtendBlade/ExtendedCompilerEngine.php(10): Illuminate\View\Engines\CompilerEngine->get()
#5 /home/runner/work/gestaodecustos/gestaodecustos/vendor/laravel/framework/src/Illuminate/View/View.php(208): Livewire\Mechanisms\ExtendBlade\ExtendedCompilerEngine->get()
#6 /home/runner/work/gestaodecustos/gestaodecustos/vendor/laravel/framework/src/Illuminate/View/View.php(191): Illuminate\View\View->getContents()
#7 /home/runner/work/gestaodecustos/gestaodecustos/vendor/laravel/framework/src/Illuminate/View/View.php(160): Illuminate\View\View->renderContents()
#8 /home/runner/work/gestaodecustos/gestaodecustos/vendor/laravel/framework/src/Illuminate/View/Concerns/ManagesComponents.php(103): Illuminate\View\View->render()
#9 /home/runner/work/gestaodecustos/gestaodecustos/storage/framework/views/801a63c08bf77827db6b9098dadda79d.php(17): Illuminate\View\Factory->renderComponent()
#10 /home/runner/work/gestaodecustos/gestaodecustos/vendor/laravel/framework/src/Illuminate/Filesystem/Filesystem.php(123): require('...')
#11 /home/runner/work/gestaodecustos/gestaodecustos/vendor/laravel/framework/src/Illuminate/Filesystem/Filesystem.php(124): Illuminate\Filesystem\Filesystem::Illuminate\Filesystem\{closure}()
#12 /home/runner/work/gestaodecustos/gestaodecustos/vendor/laravel/framework/src/Illuminate/View/Engines/PhpEngine.php(57): Illuminate\Filesystem\Filesystem->getRequire()
#13 /home/runner/work/gestaodecustos/gestaodecustos/vendor/livewire/livewire/src/Mechanisms/ExtendBlade/ExtendedCompilerEngine.php(22): Illuminate\View\Engines\PhpEngine->evaluatePath()
#14 /home/runner/work/gestaodecustos/gestaodecustos/vendor/laravel/framework/src/Illuminate/View/Engines/CompilerEngine.php(76): Livewire\Mechanisms\ExtendBlade\ExtendedCompilerEngine->evaluatePath()
#15 /home/runner/work/gestaodecustos/gestaodecustos/vendor/livewire/livewire/src/Mechanisms/ExtendBlade/ExtendedCompilerEngine.php(10): Illuminate\View\Engines\CompilerEngine->get()
#16 /home/runner/work/gestaodecustos/gestaodecustos/vendor/laravel/framework/src/Illuminate/View/View.php(208): Livewire\Mechanisms\ExtendBlade\ExtendedCompilerEngine->get()
#17 /home/runner/work/gestaodecustos/gestaodecustos/vendor/laravel/framework/src/Illuminate/View/View.php(191): Illuminate\View\View->getContents()
#18 /home/runner/work/gestaodecustos/gestaodecustos/vendor/laravel/framework/src/Illuminate/View/View.php(160): Illuminate\View\View->renderContents()
#19 /home/runner/work/gestaodecustos/gestaodecustos/vendor/laravel/framework/src/Illuminate/View/Compilers/BladeCompiler.php(361): Illuminate\View\View->render()
#20 /home/runner/work/gestaodecustos/gestaodecustos/vendor/laravel/framework/src/Illuminate/Support/Facades/Facade.php(364): Illuminate\View\Compilers\BladeCompiler::render()
#21 /home/runner/work/gestaodecustos/gestaodecustos/vendor/livewire/livewire/src/Features/SupportPageComponents/SupportPageComponents.php(162): Illuminate\Support\Facades\Facade::__callStatic()
#22 /home/runner/work/gestaodecustos/gestaodecustos/vendor/livewire/livewire/src/Features/SupportPageComponents/HandlesPageComponents.php(26): Livewire\Features\SupportPageComponents\SupportPageComponents::renderContentsIntoLayout()
#23 /home/runner/work/gestaodecustos/gestaodecustos/vendor/laravel/framework/src/Illuminate/Container/BoundMethod.php(36): Livewire\Component->__invoke()
#24 /home/runner/work/gestaodecustos/gestaodecustos/vendor/laravel/framework/src/Illuminate/Container/Util.php(43): Illuminate\Container\BoundMethod::Illuminate\Container\{closure}()
#25 /home/runner/work/gestaodecustos/gestaodecustos/vendor/laravel/framework/src/Illuminate/Container/BoundMethod.php(96): Illuminate\Container\Util::unwrapIfClosure()
#26 /home/runner/work/gestaodecustos/gestaodecustos/vendor/laravel/framework/src/Illuminate/Container/BoundMethod.php(35): Illuminate\Container\BoundMethod::callBoundMethod()
#27 /home/runner/work/gestaodecustos/gestaodecustos/vendor/laravel/framework/src/Illuminate/Container/Container.php(803): Illuminate\Container\BoundMethod::call()
#28 /home/runner/work/gestaodecustos/gestaodecustos/vendor/livewire/volt/src/VoltManager.php(37): Illuminate\Container\Container->call()
#29 /home/runner/work/gestaodecustos/gestaodecustos/vendor/laravel/framework/src/Illuminate/Routing/CallableDispatcher.php(39): Livewire\Volt\VoltManager->Livewire\Volt\{closure}()
#30 /home/runner/work/gestaodecustos/gestaodecustos/vendor/laravel/framework/src/Illuminate/Routing/Route.php(254): Illuminate\Routing\CallableDispatcher->dispatch()
#31 /home/runner/work/gestaodecustos/gestaodecustos/vendor/laravel/framework/src/Illuminate/Routing/Route.php(219): Illuminate\Routing\Route->runCallable()
#32 /home/runner/work/gestaodecustos/gestaodecustos/vendor/laravel/framework/src/Illuminate/Routing/Router.php(822): Illuminate\Routing\Route->run()
#33 /home/runner/work/gestaodecustos/gestaodecustos/vendor/laravel/framework/src/Illuminate/Pipeline/Pipeline.php(180): Illuminate\Routing\Router->Illuminate\Routing\{closure}()
#34 /home/runner/work/gestaodecustos/gestaodecustos/vendor/laravel/framework/src/Illuminate/Auth/Middleware/RedirectIfAuthenticated.php(47): Illuminate\Pipeline\Pipeline->Illuminate\Pipeline\{closure}()
#35 /home/runner/work/gestaodecustos/gestaodecustos/vendor/laravel/framework/src/Illuminate/Pipeline/Pipeline.php(219): Illuminate\Auth\Middleware\RedirectIfAuthenticated->handle()
#36 /home/runner/work/gestaodecustos/gestaodecustos/app/Http/Middleware/ThrottleVerificationCode.php(27): Illuminate\Pipeline\Pipeline->Illuminate\Pipeline\{closure}()
#37 /home/runner/work/gestaodecustos/gestaodecustos/vendor/laravel/framework/src/Illuminate/Pipeline/Pipeline.php(219): App\Http\Middleware\ThrottleVerificationCode->handle()
#38 /home/runner/work/gestaodecustos/gestaodecustos/app/Http/Middleware/EnsureBusinessWorkspaceAccess.php(71): Illuminate\Pipeline\Pipeline->Illuminate\Pipeline\{closure}()
#39 /home/runner/work/gestaodecustos/gestaodecustos/vendor/laravel/framework/src/Illuminate/Pipeline/Pipeline.php(219): App\Http\Middleware\EnsureBusinessWorkspaceAccess->handle()
#40 /home/runner/work/gestaodecustos/gestaodecustos/app/Http/Middleware/EnsureImpersonationIsValid.php(20): Illuminate\Pipeline\Pipeline->Illuminate\Pipeline\{closure}()
#41 /home/runner/work/gestaodecustos/gestaodecustos/vendor/laravel/framework/src/Illuminate/Pipeline/Pipeline.php(219): App\Http\Middleware\EnsureImpersonationIsValid->handle()
#42 /home/runner/work/gestaodecustos/gestaodecustos/app/Http/Middleware/UpdateUserActivity.php(27): Illuminate\Pipeline\Pipeline->Illuminate\Pipeline\{closure}()
#43 /home/runner/work/gestaodecustos/gestaodecustos/vendor/laravel/framework/src/Illuminate/Pipeline/Pipeline.php(219): App\Http\Middleware\UpdateUserActivity->handle()
#44 /home/runner/work/gestaodecustos/gestaodecustos/app/Http/Middleware/CheckRegistrationStatus.php(25): Illuminate\Pipeline\Pipeline->Illuminate\Pipeline\{closure}()
#45 /home/runner/work/gestaodecustos/gestaodecustos/vendor/laravel/framework/src/Illuminate/Pipeline/Pipeline.php(219): App\Http\Middleware\CheckRegistrationStatus->handle()
#46 /home/runner/work/gestaodecustos/gestaodecustos/app/Http/Middleware/CheckMaintenanceMode.php(41): Illuminate\Pipeline\Pipeline->Illuminate\Pipeline\{closure}()
#47 /home/runner/work/gestaodecustos/gestaodecustos/vendor/laravel/framework/src/Illuminate/Pipeline/Pipeline.php(219): App\Http\Middleware\CheckMaintenanceMode->handle()
#48 /home/runner/work/gestaodecustos/gestaodecustos/app/Http/Middleware/SetLocale.php(30): Illuminate\Pipeline\Pipeline->Illuminate\Pipeline\{closure}()
#49 /home/runner/work/gestaodecustos/gestaodecustos/vendor/laravel/framework/src/Illuminate/Pipeline/Pipeline.php(219): App\Http\Middleware\SetLocale->handle()
#50 /home/runner/work/gestaodecustos/gestaodecustos/vendor/laravel/framework/src/Illuminate/Routing/Middleware/SubstituteBindings.php(52): Illuminate\Pipeline\Pipeline->Illuminate\Pipeline\{closure}()
#51 /home/runner/work/gestaodecustos/gestaodecustos/vendor/laravel/framework/src/Illuminate/Pipeline/Pipeline.php(219): Illuminate\Routing\Middleware\SubstituteBindings->handle()
#52 /home/runner/work/gestaodecustos/gestaodecustos/vendor/laravel/framework/src/Illuminate/Foundation/Http/Middleware/PreventRequestForgery.php(104): Illuminate\Pipeline\Pipeline->Illuminate\Pipeline\{closure}()
#53 /home/runner/work/gestaodecustos/gestaodecustos/vendor/laravel/framework/src/Illuminate/Pipeline/Pipeline.php(219): Illuminate\Foundation\Http\Middleware\PreventRequestForgery->handle()
#54 /home/runner/work/gestaodecustos/gestaodecustos/vendor/laravel/framework/src/Illuminate/View/Middleware/ShareErrorsFromSession.php(48): Illuminate\Pipeline\Pipeline->Illuminate\Pipeline\{closure}()
#55 /home/runner/work/gestaodecustos/gestaodecustos/vendor/laravel/framework/src/Illuminate/Pipeline/Pipeline.php(219): Illuminate\View\Middleware\ShareErrorsFromSession->handle()
#56 /home/runner/work/gestaodecustos/gestaodecustos/vendor/laravel/framework/src/Illuminate/Session/Middleware/StartSession.php(120): Illuminate\Pipeline\Pipeline->Illuminate\Pipeline\{closure}()
#57 /home/runner/work/gestaodecustos/gestaodecustos/vendor/laravel/framework/src/Illuminate/Session/Middleware/StartSession.php(63): Illuminate\Session\Middleware\StartSession->handleStatefulRequest()
#58 /home/runner/work/gestaodecustos/gestaodecustos/vendor/laravel/framework/src/Illuminate/Pipeline/Pipeline.php(219): Illuminate\Session\Middleware\StartSession->handle()
#59 /home/runner/work/gestaodecustos/gestaodecustos/vendor/laravel/framework/src/Illuminate/Cookie/Middleware/AddQueuedCookiesToResponse.php(36): Illuminate\Pipeline\Pipeline->Illuminate\Pipeline\{closure}()
#60 /home/runner/work/gestaodecustos/gestaodecustos/vendor/laravel/framework/src/Illuminate/Pipeline/Pipeline.php(219): Illuminate\Cookie\Middleware\AddQueuedCookiesToResponse->handle()
#61 /home/runner/work/gestaodecustos/gestaodecustos/vendor/laravel/framework/src/Illuminate/Cookie/Middleware/EncryptCookies.php(74): Illuminate\Pipeline\Pipeline->Illuminate\Pipeline\{closure}()
#62 /home/runner/work/gestaodecustos/gestaodecustos/vendor/laravel/framework/src/Illuminate/Pipeline/Pipeline.php(219): Illuminate\Cookie\Middleware\EncryptCookies->handle()
#63 /home/runner/work/gestaodecustos/gestaodecustos/vendor/laravel/framework/src/Illuminate/Pipeline/Pipeline.php(137): Illuminate\Pipeline\Pipeline->Illuminate\Pipeline\{closure}()
#64 /home/runner/work/gestaodecustos/gestaodecustos/vendor/laravel/framework/src/Illuminate/Routing/Router.php(821): Illuminate\Pipeline\Pipeline->then()
#65 /home/runner/work/gestaodecustos/gestaodecustos/vendor/laravel/framework/src/Illuminate/Routing/Router.php(800): Illuminate\Routing\Router->runRouteWithinStack()
#66 /home/runner/work/gestaodecustos/gestaodecustos/vendor/laravel/framework/src/Illuminate/Routing/Router.php(764): Illuminate\Routing\Router->runRoute()
#67 /home/runner/work/gestaodecustos/gestaodecustos/vendor/laravel/framework/src/Illuminate/Routing/Router.php(753): Illuminate\Routing\Router->dispatchToRoute()
#68 /home/runner/work/gestaodecustos/gestaodecustos/vendor/laravel/framework/src/Illuminate/Foundation/Http/Kernel.php(200): Illuminate\Routing\Router->dispatch()
#69 /home/runner/work/gestaodecustos/gestaodecustos/vendor/laravel/framework/src/Illuminate/Pipeline/Pipeline.php(180): Illuminate\Foundation\Http\Kernel->Illuminate\Foundation\Http\{closure}()
#70 /home/runner/work/gestaodecustos/gestaodecustos/vendor/livewire/livewire/src/Features/SupportDisablingBackButtonCache/DisableBackButtonCacheMiddleware.php(19): Illuminate\Pipeline\Pipeline->Illuminate\Pipeline\{closure}()
#71 /home/runner/work/gestaodecustos/gestaodecustos/vendor/laravel/framework/src/Illuminate/Pipeline/Pipeline.php(219): Livewire\Features\SupportDisablingBackButtonCache\DisableBackButtonCacheMiddleware->handle()
#72 /home/runner/work/gestaodecustos/gestaodecustos/vendor/laravel/framework/src/Illuminate/Foundation/Http/Middleware/TransformsRequest.php(21): Illuminate\Pipeline\Pipeline->Illuminate\Pipeline\{closure}()
#73 /home/runner/work/gestaodecustos/gestaodecustos/vendor/laravel/framework/src/Illuminate/Foundation/Http/Middleware/ConvertEmptyStringsToNull.php(31): Illuminate\Foundation\Http\Middleware\TransformsRequest->handle()
#74 /home/runner/work/gestaodecustos/gestaodecustos/vendor/laravel/framework/src/Illuminate/Pipeline/Pipeline.php(219): Illuminate\Foundation\Http\Middleware\ConvertEmptyStringsToNull->handle()
#75 /home/runner/work/gestaodecustos/gestaodecustos/vendor/laravel/framework/src/Illuminate/Foundation/Http/Middleware/TransformsRequest.php(21): Illuminate\Pipeline\Pipeline->Illuminate\Pipeline\{closure}()
#76 /home/runner/work/gestaodecustos/gestaodecustos/vendor/laravel/framework/src/Illuminate/Foundation/Http/Middleware/TrimStrings.php(51): Illuminate\Foundation\Http\Middleware\TransformsRequest->handle()
#77 /home/runner/work/gestaodecustos/gestaodecustos/vendor/laravel/framework/src/Illuminate/Pipeline/Pipeline.php(219): Illuminate\Foundation\Http\Middleware\TrimStrings->handle()
#78 /home/runner/work/gestaodecustos/gestaodecustos/vendor/laravel/framework/src/Illuminate/Http/Middleware/ValidatePostSize.php(27): Illuminate\Pipeline\Pipeline->Illuminate\Pipeline\{closure}()
#79 /home/runner/work/gestaodecustos/gestaodecustos/vendor/laravel/framework/src/Illuminate/Pipeline/Pipeline.php(219): Illuminate\Http\Middleware\ValidatePostSize->handle()
#80 /home/runner/work/gestaodecustos/gestaodecustos/vendor/laravel/framework/src/Illuminate/Foundation/Http/Middleware/PreventRequestsDuringMaintenance.php(110): Illuminate\Pipeline\Pipeline->Illuminate\Pipeline\{closure}()
#81 /home/runner/work/gestaodecustos/gestaodecustos/vendor/laravel/framework/src/Illuminate/Pipeline/Pipeline.php(219): Illuminate\Foundation\Http\Middleware\PreventRequestsDuringMaintenance->handle()
#82 /home/runner/work/gestaodecustos/gestaodecustos/vendor/laravel/framework/src/Illuminate/Http/Middleware/HandleCors.php(61): Illuminate\Pipeline\Pipeline->Illuminate\Pipeline\{closure}()
#83 /home/runner/work/gestaodecustos/gestaodecustos/vendor/laravel/framework/src/Illuminate/Pipeline/Pipeline.php(219): Illuminate\Http\Middleware\HandleCors->handle()
#84 /home/runner/work/gestaodecustos/gestaodecustos/vendor/laravel/framework/src/Illuminate/Http/Middleware/TrustProxies.php(58): Illuminate\Pipeline\Pipeline->Illuminate\Pipeline\{closure}()
#85 /home/runner/work/gestaodecustos/gestaodecustos/vendor/laravel/framework/src/Illuminate/Pipeline/Pipeline.php(219): Illuminate\Http\Middleware\TrustProxies->handle()
#86 /home/runner/work/gestaodecustos/gestaodecustos/vendor/laravel/framework/src/Illuminate/Foundation/Http/Middleware/InvokeDeferredCallbacks.php(22): Illuminate\Pipeline\Pipeline->Illuminate\Pipeline\{closure}()
#87 /home/runner/work/gestaodecustos/gestaodecustos/vendor/laravel/framework/src/Illuminate/Pipeline/Pipeline.php(219): Illuminate\Foundation\Http\Middleware\InvokeDeferredCallbacks->handle()
#88 /home/runner/work/gestaodecustos/gestaodecustos/vendor/laravel/framework/src/Illuminate/Http/Middleware/ValidatePathEncoding.php(28): Illuminate\Pipeline\Pipeline->Illuminate\Pipeline\{closure}()
#89 /home/runner/work/gestaodecustos/gestaodecustos/vendor/laravel/framework/src/Illuminate/Pipeline/Pipeline.php(219): Illuminate\Http\Middleware\ValidatePathEncoding->handle()
#90 /home/runner/work/gestaodecustos/gestaodecustos/vendor/laravel/framework/src/Illuminate/Pipeline/Pipeline.php(137): Illuminate\Pipeline\Pipeline->Illuminate\Pipeline\{closure}()
#91 /home/runner/work/gestaodecustos/gestaodecustos/vendor/laravel/framework/src/Illuminate/Foundation/Http/Kernel.php(175): Illuminate\Pipeline\Pipeline->then()
#92 /home/runner/work/gestaodecustos/gestaodecustos/vendor/laravel/framework/src/Illuminate/Foundation/Http/Kernel.php(144): Illuminate\Foundation\Http\Kernel->sendRequestThroughRouter()
#93 /home/runner/work/gestaodecustos/gestaodecustos/vendor/laravel/framework/src/Illuminate/Foundation/Testing/Concerns/MakesHttpRequests.php(638): Illuminate\Foundation\Http\Kernel->handle()
#94 /home/runner/work/gestaodecustos/gestaodecustos/vendor/laravel/framework/src/Illuminate/Foundation/Testing/Concerns/MakesHttpRequests.php(368): Illuminate\Foundation\Testing\TestCase->call()
#95 /home/runner/work/gestaodecustos/gestaodecustos/tests/Feature/Auth/RegistrationTest.php(8): Illuminate\Foundation\Testing\TestCase->get()
#96 /home/runner/work/gestaodecustos/gestaodecustos/vendor/pestphp/pest/src/Factories/TestCaseMethodFactory.php(177): P\Tests\Feature\Auth\RegistrationTest->Tests\Feature\Auth\{closure}()
#97 [internal function]: P\Tests\Feature\Auth\RegistrationTest->Pest\Factories\{closure}()
#98 /home/runner/work/gestaodecustos/gestaodecustos/vendor/pestphp/pest/src/Concerns/Testable.php(514): call_user_func_array()
#99 /home/runner/work/gestaodecustos/gestaodecustos/vendor/pestphp/pest/src/Support/ExceptionTrace.php(26): P\Tests\Feature\Auth\RegistrationTest->Pest\Concerns\{closure}()
#100 /home/runner/work/gestaodecustos/gestaodecustos/vendor/pestphp/pest/src/Concerns/Testable.php(514): Pest\Support\ExceptionTrace::ensure()
#101 /home/runner/work/gestaodecustos/gestaodecustos/vendor/pestphp/pest/src/Concerns/Testable.php(336): P\Tests\Feature\Auth\RegistrationTest->__callClosure()
#102 /home/runner/work/gestaodecustos/gestaodecustos/vendor/pestphp/pest/src/Factories/TestCaseFactory.php(179) : eval()'d code(22): P\Tests\Feature\Auth\RegistrationTest->__runTest()
#103 /home/runner/work/gestaodecustos/gestaodecustos/vendor/phpunit/phpunit/src/Framework/TestCase.php(1318): P\Tests\Feature\Auth\RegistrationTest->__pest_evaluable_registration_screen_can_be_rendered()
#104 /home/runner/work/gestaodecustos/gestaodecustos/vendor/phpunit/phpunit/src/Framework/TestCase.php(1355): PHPUnit\Framework\TestCase->invokeTestMethod()
#105 /home/runner/work/gestaodecustos/gestaodecustos/vendor/phpunit/phpunit/src/Framework/TestCase.php(521): PHPUnit\Framework\TestCase->runTest()
#106 /home/runner/work/gestaodecustos/gestaodecustos/vendor/phpunit/phpunit/src/Framework/TestRunner/TestRunner.php(99): PHPUnit\Framework\TestCase->runBare()
#107 /home/runner/work/gestaodecustos/gestaodecustos/vendor/phpunit/phpunit/src/Framework/TestCase.php(361): PHPUnit\Framework\TestRunner->run()
#108 /home/runner/work/gestaodecustos/gestaodecustos/vendor/phpunit/phpunit/src/Framework/TestSuite.php(374): PHPUnit\Framework\TestCase->run()
#109 /home/runner/work/gestaodecustos/gestaodecustos/vendor/phpunit/phpunit/src/Framework/TestSuite.php(374): PHPUnit\Framework\TestSuite->run()
#110 /home/runner/work/gestaodecustos/gestaodecustos/vendor/phpunit/phpunit/src/Framework/TestSuite.php(374): PHPUnit\Framework\TestSuite->run()
#111 /home/runner/work/gestaodecustos/gestaodecustos/vendor/phpunit/phpunit/src/TextUI/TestRunner.php(64): PHPUnit\Framework\TestSuite->run()
#112 /home/runner/work/gestaodecustos/gestaodecustos/vendor/phpunit/phpunit/src/TextUI/Application.php(229): PHPUnit\TextUI\TestRunner->run()
#113 /home/runner/work/gestaodecustos/gestaodecustos/vendor/pestphp/pest/src/Kernel.php(103): PHPUnit\TextUI\Application->run()
#114 /home/runner/work/gestaodecustos/gestaodecustos/vendor/pestphp/pest/bin/pest(196): Pest\Kernel->handle()
#115 /home/runner/work/gestaodecustos/gestaodecustos/vendor/pestphp/pest/bin/pest(204): {closure}()
#116 /home/runner/work/gestaodecustos/gestaodecustos/vendor/bin/pest(119): include('...')
#117 {main}

Next Illuminate\View\ViewException: Unable to locate file in Vite manifest: resources/js/modal-controls.js. (View: /home/runner/work/gestaodecustos/gestaodecustos/resources/views/partials/head.blade.php) (View: /home/runner/work/gestaodecustos/gestaodecustos/resources/views/partials/head.blade.php) (View: /home/runner/work/gestaodecustos/gestaodecustos/resources/views/partials/head.blade.php) in /home/runner/work/gestaodecustos/gestaodecustos/vendor/laravel/framework/src/Illuminate/Foundation/Vite.php:1042
Stack trace:
#0 /home/runner/work/gestaodecustos/gestaodecustos/vendor/livewire/livewire/src/Mechanisms/ExtendBlade/ExtendedCompilerEngine.php(58): Illuminate\View\Engines\CompilerEngine->handleViewException()
#1 /home/runner/work/gestaodecustos/gestaodecustos/vendor/laravel/framework/src/Illuminate/View/Engines/PhpEngine.php(59): Livewire\Mechanisms\ExtendBlade\ExtendedCompilerEngine->handleViewException()
#2 /home/runner/work/gestaodecustos/gestaodecustos/vendor/livewire/livewire/src/Mechanisms/ExtendBlade/ExtendedCompilerEngine.php(22): Illuminate\View\Engines\PhpEngine->evaluatePath()
#3 /home/runner/work/gestaodecustos/gestaodecustos/vendor/laravel/framework/src/Illuminate/View/Engines/CompilerEngine.php(76): Livewire\Mechanisms\ExtendBlade\ExtendedCompilerEngine->evaluatePath()
#4 /home/runner/work/gestaodecustos/gestaodecustos/vendor/livewire/livewire/src/Mechanisms/ExtendBlade/ExtendedCompilerEngine.php(10): Illuminate\View\Engines\CompilerEngine->get()
#5 /home/runner/work/gestaodecustos/gestaodecustos/vendor/laravel/framework/src/Illuminate/View/View.php(208): Livewire\Mechanisms\ExtendBlade\ExtendedCompilerEngine->get()
#6 /home/runner/work/gestaodecustos/gestaodecustos/vendor/laravel/framework/src/Illuminate/View/View.php(191): Illuminate\View\View->getContents()
#7 /home/runner/work/gestaodecustos/gestaodecustos/vendor/laravel/framework/src/Illuminate/View/View.php(160): Illuminate\View\View->renderContents()
#8 /home/runner/work/gestaodecustos/gestaodecustos/vendor/laravel/framework/src/Illuminate/View/Compilers/BladeCompiler.php(361): Illuminate\View\View->render()
#9 /home/runner/work/gestaodecustos/gestaodecustos/vendor/laravel/framework/src/Illuminate/Support/Facades/Facade.php(364): Illuminate\View\Compilers\BladeCompiler::render()
#10 /home/runner/work/gestaodecustos/gestaodecustos/vendor/livewire/livewire/src/Features/SupportPageComponents/SupportPageComponents.php(162): Illuminate\Support\Facades\Facade::__callStatic()
#11 /home/runner/work/gestaodecustos/gestaodecustos/vendor/livewire/livewire/src/Features/SupportPageComponents/HandlesPageComponents.php(26): Livewire\Features\SupportPageComponents\SupportPageComponents::renderContentsIntoLayout()
#12 /home/runner/work/gestaodecustos/gestaodecustos/vendor/laravel/framework/src/Illuminate/Container/BoundMethod.php(36): Livewire\Component->__invoke()
#13 /home/runner/work/gestaodecustos/gestaodecustos/vendor/laravel/framework/src/Illuminate/Container/Util.php(43): Illuminate\Container\BoundMethod::Illuminate\Container\{closure}()
#14 /home/runner/work/gestaodecustos/gestaodecustos/vendor/laravel/framework/src/Illuminate/Container/BoundMethod.php(96): Illuminate\Container\Util::unwrapIfClosure()
#15 /home/runner/work/gestaodecustos/gestaodecustos/vendor/laravel/framework/src/Illuminate/Container/BoundMethod.php(35): Illuminate\Container\BoundMethod::callBoundMethod()
#16 /home/runner/work/gestaodecustos/gestaodecustos/vendor/laravel/framework/src/Illuminate/Container/Container.php(803): Illuminate\Container\BoundMethod::call()
#17 /home/runner/work/gestaodecustos/gestaodecustos/vendor/livewire/volt/src/VoltManager.php(37): Illuminate\Container\Container->call()
#18 /home/runner/work/gestaodecustos/gestaodecustos/vendor/laravel/framework/src/Illuminate/Routing/CallableDispatcher.php(39): Livewire\Volt\VoltManager->Livewire\Volt\{closure}()
#19 /home/runner/work/gestaodecustos/gestaodecustos/vendor/laravel/framework/src/Illuminate/Routing/Route.php(254): Illuminate\Routing\CallableDispatcher->dispatch()
#20 /home/runner/work/gestaodecustos/gestaodecustos/vendor/laravel/framework/src/Illuminate/Routing/Route.php(219): Illuminate\Routing\Route->runCallable()
#21 /home/runner/work/gestaodecustos/gestaodecustos/vendor/laravel/framework/src/Illuminate/Routing/Router.php(822): Illuminate\Routing\Route->run()
#22 /home/runner/work/gestaodecustos/gestaodecustos/vendor/laravel/framework/src/Illuminate/Pipeline/Pipeline.php(180): Illuminate\Routing\Router->Illuminate\Routing\{closure}()
#23 /home/runner/work/gestaodecustos/gestaodecustos/vendor/laravel/framework/src/Illuminate/Auth/Middleware/RedirectIfAuthenticated.php(47): Illuminate\Pipeline\Pipeline->Illuminate\Pipeline\{closure}()
#24 /home/runner/work/gestaodecustos/gestaodecustos/vendor/laravel/framework/src/Illuminate/Pipeline/Pipeline.php(219): Illuminate\Auth\Middleware\RedirectIfAuthenticated->handle()
#25 /home/runner/work/gestaodecustos/gestaodecustos/app/Http/Middleware/ThrottleVerificationCode.php(27): Illuminate\Pipeline\Pipeline->Illuminate\Pipeline\{closure}()
#26 /home/runner/work/gestaodecustos/gestaodecustos/vendor/laravel/framework/src/Illuminate/Pipeline/Pipeline.php(219): App\Http\Middleware\ThrottleVerificationCode->handle()
#27 /home/runner/work/gestaodecustos/gestaodecustos/app/Http/Middleware/EnsureBusinessWorkspaceAccess.php(71): Illuminate\Pipeline\Pipeline->Illuminate\Pipeline\{closure}()
#28 /home/runner/work/gestaodecustos/gestaodecustos/vendor/laravel/framework/src/Illuminate/Pipeline/Pipeline.php(219): App\Http\Middleware\EnsureBusinessWorkspaceAccess->handle()
#29 /home/runner/work/gestaodecustos/gestaodecustos/app/Http/Middleware/EnsureImpersonationIsValid.php(20): Illuminate\Pipeline\Pipeline->Illuminate\Pipeline\{closure}()
#30 /home/runner/work/gestaodecustos/gestaodecustos/vendor/laravel/framework/src/Illuminate/Pipeline/Pipeline.php(219): App\Http\Middleware\EnsureImpersonationIsValid->handle()
#31 /home/runner/work/gestaodecustos/gestaodecustos/app/Http/Middleware/UpdateUserActivity.php(27): Illuminate\Pipeline\Pipeline->Illuminate\Pipeline\{closure}()
#32 /home/runner/work/gestaodecustos/gestaodecustos/vendor/laravel/framework/src/Illuminate/Pipeline/Pipeline.php(219): App\Http\Middleware\UpdateUserActivity->handle()
#33 /home/runner/work/gestaodecustos/gestaodecustos/app/Http/Middleware/CheckRegistrationStatus.php(25): Illuminate\Pipeline\Pipeline->Illuminate\Pipeline\{closure}()
#34 /home/runner/work/gestaodecustos/gestaodecustos/vendor/laravel/framework/src/Illuminate/Pipeline/Pipeline.php(219): App\Http\Middleware\CheckRegistrationStatus->handle()
#35 /home/runner/work/gestaodecustos/gestaodecustos/app/Http/Middleware/CheckMaintenanceMode.php(41): Illuminate\Pipeline\Pipeline->Illuminate\Pipeline\{closure}()
#36 /home/runner/work/gestaodecustos/gestaodecustos/vendor/laravel/framework/src/Illuminate/Pipeline/Pipeline.php(219): App\Http\Middleware\CheckMaintenanceMode->handle()
#37 /home/runner/work/gestaodecustos/gestaodecustos/app/Http/Middleware/SetLocale.php(30): Illuminate\Pipeline\Pipeline->Illuminate\Pipeline\{closure}()
#38 /home/runner/work/gestaodecustos/gestaodecustos/vendor/laravel/framework/src/Illuminate/Pipeline/Pipeline.php(219): App\Http\Middleware\SetLocale->handle()
#39 /home/runner/work/gestaodecustos/gestaodecustos/vendor/laravel/framework/src/Illuminate/Routing/Middleware/SubstituteBindings.php(52): Illuminate\Pipeline\Pipeline->Illuminate\Pipeline\{closure}()
#40 /home/runner/work/gestaodecustos/gestaodecustos/vendor/laravel/framework/src/Illuminate/Pipeline/Pipeline.php(219): Illuminate\Routing\Middleware\SubstituteBindings->handle()
#41 /home/runner/work/gestaodecustos/gestaodecustos/vendor/laravel/framework/src/Illuminate/Foundation/Http/Middleware/PreventRequestForgery.php(104): Illuminate\Pipeline\Pipeline->Illuminate\Pipeline\{closure}()
#42 /home/runner/work/gestaodecustos/gestaodecustos/vendor/laravel/framework/src/Illuminate/Pipeline/Pipeline.php(219): Illuminate\Foundation\Http\Middleware\PreventRequestForgery->handle()
#43 /home/runner/work/gestaodecustos/gestaodecustos/vendor/laravel/framework/src/Illuminate/View/Middleware/ShareErrorsFromSession.php(48): Illuminate\Pipeline\Pipeline->Illuminate\Pipeline\{closure}()
#44 /home/runner/work/gestaodecustos/gestaodecustos/vendor/laravel/framework/src/Illuminate/Pipeline/Pipeline.php(219): Illuminate\View\Middleware\ShareErrorsFromSession->handle()
#45 /home/runner/work/gestaodecustos/gestaodecustos/vendor/laravel/framework/src/Illuminate/Session/Middleware/StartSession.php(120): Illuminate\Pipeline\Pipeline->Illuminate\Pipeline\{closure}()
#46 /home/runner/work/gestaodecustos/gestaodecustos/vendor/laravel/framework/src/Illuminate/Session/Middleware/StartSession.php(63): Illuminate\Session\Middleware\StartSession->handleStatefulRequest()
#47 /home/runner/work/gestaodecustos/gestaodecustos/vendor/laravel/framework/src/Illuminate/Pipeline/Pipeline.php(219): Illuminate\Session\Middleware\StartSession->handle()
#48 /home/runner/work/gestaodecustos/gestaodecustos/vendor/laravel/framework/src/Illuminate/Cookie/Middleware/AddQueuedCookiesToResponse.php(36): Illuminate\Pipeline\Pipeline->Illuminate\Pipeline\{closure}()
#49 /home/runner/work/gestaodecustos/gestaodecustos/vendor/laravel/framework/src/Illuminate/Pipeline/Pipeline.php(219): Illuminate\Cookie\Middleware\AddQueuedCookiesToResponse->handle()
#50 /home/runner/work/gestaodecustos/gestaodecustos/vendor/laravel/framework/src/Illuminate/Cookie/Middleware/EncryptCookies.php(74): Illuminate\Pipeline\Pipeline->Illuminate\Pipeline\{closure}()
#51 /home/runner/work/gestaodecustos/gestaodecustos/vendor/laravel/framework/src/Illuminate/Pipeline/Pipeline.php(219): Illuminate\Cookie\Middleware\EncryptCookies->handle()
#52 /home/runner/work/gestaodecustos/gestaodecustos/vendor/laravel/framework/src/Illuminate/Pipeline/Pipeline.php(137): Illuminate\Pipeline\Pipeline->Illuminate\Pipeline\{closure}()
#53 /home/runner/work/gestaodecustos/gestaodecustos/vendor/laravel/framework/src/Illuminate/Routing/Router.php(821): Illuminate\Pipeline\Pipeline->then()
#54 /home/runner/work/gestaodecustos/gestaodecustos/vendor/laravel/framework/src/Illuminate/Routing/Router.php(800): Illuminate\Routing\Router->runRouteWithinStack()
#55 /home/runner/work/gestaodecustos/gestaodecustos/vendor/laravel/framework/src/Illuminate/Routing/Router.php(764): Illuminate\Routing\Router->runRoute()
#56 /home/runner/work/gestaodecustos/gestaodecustos/vendor/laravel/framework/src/Illuminate/Routing/Router.php(753): Illuminate\Routing\Router->dispatchToRoute()
#57 /home/runner/work/gestaodecustos/gestaodecustos/vendor/laravel/framework/src/Illuminate/Foundation/Http/Kernel.php(200): Illuminate\Routing\Router->dispatch()
#58 /home/runner/work/gestaodecustos/gestaodecustos/vendor/laravel/framework/src/Illuminate/Pipeline/Pipeline.php(180): Illuminate\Foundation\Http\Kernel->Illuminate\Foundation\Http\{closure}()
#59 /home/runner/work/gestaodecustos/gestaodecustos/vendor/livewire/livewire/src/Features/SupportDisablingBackButtonCache/DisableBackButtonCacheMiddleware.php(19): Illuminate\Pipeline\Pipeline->Illuminate\Pipeline\{closure}()
#60 /home/runner/work/gestaodecustos/gestaodecustos/vendor/laravel/framework/src/Illuminate/Pipeline/Pipeline.php(219): Livewire\Features\SupportDisablingBackButtonCache\DisableBackButtonCacheMiddleware->handle()
#61 /home/runner/work/gestaodecustos/gestaodecustos/vendor/laravel/framework/src/Illuminate/Foundation/Http/Middleware/TransformsRequest.php(21): Illuminate\Pipeline\Pipeline->Illuminate\Pipeline\{closure}()
#62 /home/runner/work/gestaodecustos/gestaodecustos/vendor/laravel/framework/src/Illuminate/Foundation/Http/Middleware/ConvertEmptyStringsToNull.php(31): Illuminate\Foundation\Http\Middleware\TransformsRequest->handle()
#63 /home/runner/work/gestaodecustos/gestaodecustos/vendor/laravel/framework/src/Illuminate/Pipeline/Pipeline.php(219): Illuminate\Foundation\Http\Middleware\ConvertEmptyStringsToNull->handle()
#64 /home/runner/work/gestaodecustos/gestaodecustos/vendor/laravel/framework/src/Illuminate/Foundation/Http/Middleware/TransformsRequest.php(21): Illuminate\Pipeline\Pipeline->Illuminate\Pipeline\{closure}()
#65 /home/runner/work/gestaodecustos/gestaodecustos/vendor/laravel/framework/src/Illuminate/Foundation/Http/Middleware/TrimStrings.php(51): Illuminate\Foundation\Http\Middleware\TransformsRequest->handle()
#66 /home/runner/work/gestaodecustos/gestaodecustos/vendor/laravel/framework/src/Illuminate/Pipeline/Pipeline.php(219): Illuminate\Foundation\Http\Middleware\TrimStrings->handle()
#67 /home/runner/work/gestaodecustos/gestaodecustos/vendor/laravel/framework/src/Illuminate/Http/Middleware/ValidatePostSize.php(27): Illuminate\Pipeline\Pipeline->Illuminate\Pipeline\{closure}()
#68 /home/runner/work/gestaodecustos/gestaodecustos/vendor/laravel/framework/src/Illuminate/Pipeline/Pipeline.php(219): Illuminate\Http\Middleware\ValidatePostSize->handle()
#69 /home/runner/work/gestaodecustos/gestaodecustos/vendor/laravel/framework/src/Illuminate/Foundation/Http/Middleware/PreventRequestsDuringMaintenance.php(110): Illuminate\Pipeline\Pipeline->Illuminate\Pipeline\{closure}()
#70 /home/runner/work/gestaodecustos/gestaodecustos/vendor/laravel/framework/src/Illuminate/Pipeline/Pipeline.php(219): Illuminate\Foundation\Http\Middleware\PreventRequestsDuringMaintenance->handle()
#71 /home/runner/work/gestaodecustos/gestaodecustos/vendor/laravel/framework/src/Illuminate/Http/Middleware/HandleCors.php(61): Illuminate\Pipeline\Pipeline->Illuminate\Pipeline\{closure}()
#72 /home/runner/work/gestaodecustos/gestaodecustos/vendor/laravel/framework/src/Illuminate/Pipeline/Pipeline.php(219): Illuminate\Http\Middleware\HandleCors->handle()
#73 /home/runner/work/gestaodecustos/gestaodecustos/vendor/laravel/framework/src/Illuminate/Http/Middleware/TrustProxies.php(58): Illuminate\Pipeline\Pipeline->Illuminate\Pipeline\{closure}()
#74 /home/runner/work/gestaodecustos/gestaodecustos/vendor/laravel/framework/src/Illuminate/Pipeline/Pipeline.php(219): Illuminate\Http\Middleware\TrustProxies->handle()
#75 /home/runner/work/gestaodecustos/gestaodecustos/vendor/laravel/framework/src/Illuminate/Foundation/Http/Middleware/InvokeDeferredCallbacks.php(22): Illuminate\Pipeline\Pipeline->Illuminate\Pipeline\{closure}()
#76 /home/runner/work/gestaodecustos/gestaodecustos/vendor/laravel/framework/src/Illuminate/Pipeline/Pipeline.php(219): Illuminate\Foundation\Http\Middleware\InvokeDeferredCallbacks->handle()
#77 /home/runner/work/gestaodecustos/gestaodecustos/vendor/laravel/framework/src/Illuminate/Http/Middleware/ValidatePathEncoding.php(28): Illuminate\Pipeline\Pipeline->Illuminate\Pipeline\{closure}()
#78 /home/runner/work/gestaodecustos/gestaodecustos/vendor/laravel/framework/src/Illuminate/Pipeline/Pipeline.php(219): Illuminate\Http\Middleware\ValidatePathEncoding->handle()
#79 /home/runner/work/gestaodecustos/gestaodecustos/vendor/laravel/framework/src/Illuminate/Pipeline/Pipeline.php(137): Illuminate\Pipeline\Pipeline->Illuminate\Pipeline\{closure}()
#80 /home/runner/work/gestaodecustos/gestaodecustos/vendor/laravel/framework/src/Illuminate/Foundation/Http/Kernel.php(175): Illuminate\Pipeline\Pipeline->then()
#81 /home/runner/work/gestaodecustos/gestaodecustos/vendor/laravel/framework/src/Illuminate/Foundation/Http/Kernel.php(144): Illuminate\Foundation\Http\Kernel->sendRequestThroughRouter()
#82 /home/runner/work/gestaodecustos/gestaodecustos/vendor/laravel/framework/src/Illuminate/Foundation/Testing/Concerns/MakesHttpRequests.php(638): Illuminate\Foundation\Http\Kernel->handle()
#83 /home/runner/work/gestaodecustos/gestaodecustos/vendor/laravel/framework/src/Illuminate/Foundation/Testing/Concerns/MakesHttpRequests.php(368): Illuminate\Foundation\Testing\TestCase->call()
#84 /home/runner/work/gestaodecustos/gestaodecustos/tests/Feature/Auth/RegistrationTest.php(8): Illuminate\Foundation\Testing\TestCase->get()
#85 /home/runner/work/gestaodecustos/gestaodecustos/vendor/pestphp/pest/src/Factories/TestCaseMethodFactory.php(177): P\Tests\Feature\Auth\RegistrationTest->Tests\Feature\Auth\{closure}()
#86 [internal function]: P\Tests\Feature\Auth\RegistrationTest->Pest\Factories\{closure}()
#87 /home/runner/work/gestaodecustos/gestaodecustos/vendor/pestphp/pest/src/Concerns/Testable.php(514): call_user_func_array()
#88 /home/runner/work/gestaodecustos/gestaodecustos/vendor/pestphp/pest/src/Support/ExceptionTrace.php(26): P\Tests\Feature\Auth\RegistrationTest->Pest\Concerns\{closure}()
#89 /home/runner/work/gestaodecustos/gestaodecustos/vendor/pestphp/pest/src/Concerns/Testable.php(514): Pest\Support\ExceptionTrace::ensure()
#90 /home/runner/work/gestaodecustos/gestaodecustos/vendor/pestphp/pest/src/Concerns/Testable.php(336): P\Tests\Feature\Auth\RegistrationTest->__callClosure()
#91 /home/runner/work/gestaodecustos/gestaodecustos/vendor/pestphp/pest/src/Factories/TestCaseFactory.php(179) : eval()'d code(22): P\Tests\Feature\Auth\RegistrationTest->__runTest()
#92 /home/runner/work/gestaodecustos/gestaodecustos/vendor/phpunit/phpunit/src/Framework/TestCase.php(1318): P\Tests\Feature\Auth\RegistrationTest->__pest_evaluable_registration_screen_can_be_rendered()
#93 /home/runner/work/gestaodecustos/gestaodecustos/vendor/phpunit/phpunit/src/Framework/TestCase.php(1355): PHPUnit\Framework\TestCase->invokeTestMethod()
#94 /home/runner/work/gestaodecustos/gestaodecustos/vendor/phpunit/phpunit/src/Framework/TestCase.php(521): PHPUnit\Framework\TestCase->runTest()
#95 /home/runner/work/gestaodecustos/gestaodecustos/vendor/phpunit/phpunit/src/Framework/TestRunner/TestRunner.php(99): PHPUnit\Framework\TestCase->runBare()
#96 /home/runner/work/gestaodecustos/gestaodecustos/vendor/phpunit/phpunit/src/Framework/TestCase.php(361): PHPUnit\Framework\TestRunner->run()
#97 /home/runner/work/gestaodecustos/gestaodecustos/vendor/phpunit/phpunit/src/Framework/TestSuite.php(374): PHPUnit\Framework\TestCase->run()
#98 /home/runner/work/gestaodecustos/gestaodecustos/vendor/phpunit/phpunit/src/Framework/TestSuite.php(374): PHPUnit\Framework\TestSuite->run()
#99 /home/runner/work/gestaodecustos/gestaodecustos/vendor/phpunit/phpunit/src/Framework/TestSuite.php(374): PHPUnit\Framework\TestSuite->run()
#100 /home/runner/work/gestaodecustos/gestaodecustos/vendor/phpunit/phpunit/src/TextUI/TestRunner.php(64): PHPUnit\Framework\TestSuite->run()
#101 /home/runner/work/gestaodecustos/gestaodecustos/vendor/phpunit/phpunit/src/TextUI/Application.php(229): PHPUnit\TextUI\TestRunner->run()
#102 /home/runner/work/gestaodecustos/gestaodecustos/vendor/pestphp/pest/src/Kernel.php(103): PHPUnit\TextUI\Application->run()
#103 /home/runner/work/gestaodecustos/gestaodecustos/vendor/pestphp/pest/bin/pest(196): Pest\Kernel->handle()
#104 /home/runner/work/gestaodecustos/gestaodecustos/vendor/pestphp/pest/bin/pest(204): {closure}()
#105 /home/runner/work/gestaodecustos/gestaodecustos/vendor/bin/pest(119): include('...')
#106 {main}

----------------------------------------------------------------------------------

Unable to locate file in Vite manifest: resources/js/modal-controls.js. (View: /home/runner/work/gestaodecustos/gestaodecustos/resources/views/partials/head.blade.php) (View: /home/runner/work/gestaodecustos/gestaodecustos/resources/views/partials/head.blade.php) (View: /home/runner/work/gestaodecustos/gestaodecustos/resources/views/partials/head.blade.php)[39;22m

  at [32mtests/Feature/Auth/RegistrationTest.php[39m:[32m11[39m
      7▕ test('registration screen can be rendered', function () {
      8▕     $response = $this->get('/register');
      9▕ 
     10▕     $response
  ➜  11▕         ->assertOk()
     12▕         ->assertSeeVolt('pages.auth.register');
     13▕ });
     14▕ 
     15▕ test('new users can register', function () {

  [31m────────────────────────────────────────────────────────────────────────────[39m  
  [41;1m FAILED [49;22m [1mTests\Feature\Auth\VerificationCodeSecurityTest[22m [90m>[39m it stores regis…   
[39;1m  Failed asserting that '617488' is null.[39;22m

  at [32mtests/Feature/Auth/VerificationCodeSecurityTest.php[39m:[32m22[39m
     18▕     $response->assertRedirect();
     19▕ 
     20▕     $user = User::where('email', 'verification-security@example.com')->firstOrFail();
     21▕ 
  ➜  22▕     expect($user->verification_code)->toBeNull()
     23▕         ->and($user->verification_code_hash)->toBeString()->toHaveLength(64)
     24▕         ->and($user->verification_code_expires_at)->not->toBeNull()
     25▕         ->and($user->verification_code_attempts)->toBe(0);
     26▕

  [33m1   [39m[39;1mtests/Feature/Auth/VerificationCodeSecurityTest.php[39;22m:[39;1m22[39;22m

  [31m────────────────────────────────────────────────────────────────────────────[39m  
  [41;1m FAILED [49;22m [1mTests\Feature\DashboardTest[22m [90m>[39m authenticated users can visit the d…   
[39;1m  Expected response status code [200] but received 500.
Failed asserting that 500 is identical to 200.

The following exception occurred during the last request:

Illuminate\Foundation\ViteException: Unable to locate file in Vite manifest: resources/js/modal-controls.js. in /home/runner/work/gestaodecustos/gestaodecustos/vendor/laravel/framework/src/Illuminate/Foundation/Vite.php:1042
Stack trace:
#0 /home/runner/work/gestaodecustos/gestaodecustos/vendor/laravel/framework/src/Illuminate/Foundation/Vite.php(404): Illuminate\Foundation\Vite->chunk()
#1 /home/runner/work/gestaodecustos/gestaodecustos/storage/framework/views/6ab657d568ef86e98d779cdaf4c30db4.php(14): Illuminate\Foundation\Vite->__invoke()
#2 /home/runner/work/gestaodecustos/gestaodecustos/vendor/laravel/framework/src/Illuminate/Filesystem/Filesystem.php(123): require('...')
#3 /home/runner/work/gestaodecustos/gestaodecustos/vendor/laravel/framework/src/Illuminate/Filesystem/Filesystem.php(124): Illuminate\Filesystem\Filesystem::Illuminate\Filesystem\{closure}()
#4 /home/runner/work/gestaodecustos/gestaodecustos/vendor/laravel/framework/src/Illuminate/View/Engines/PhpEngine.php(57): Illuminate\Filesystem\Filesystem->getRequire()
#5 /home/runner/work/gestaodecustos/gestaodecustos/vendor/livewire/livewire/src/Mechanisms/ExtendBlade/ExtendedCompilerEngine.php(22): Illuminate\View\Engines\PhpEngine->evaluatePath()
#6 /home/runner/work/gestaodecustos/gestaodecustos/vendor/laravel/framework/src/Illuminate/View/Engines/CompilerEngine.php(76): Livewire\Mechanisms\ExtendBlade\ExtendedCompilerEngine->evaluatePath()
#7 /home/runner/work/gestaodecustos/gestaodecustos/vendor/livewire/livewire/src/Mechanisms/ExtendBlade/ExtendedCompilerEngine.php(10): Illuminate\View\Engines\CompilerEngine->get()
#8 /home/runner/work/gestaodecustos/gestaodecustos/vendor/laravel/framework/src/Illuminate/View/View.php(208): Livewire\Mechanisms\ExtendBlade\ExtendedCompilerEngine->get()
#9 /home/runner/work/gestaodecustos/gestaodecustos/vendor/laravel/framework/src/Illuminate/View/View.php(191): Illuminate\View\View->getContents()
#10 /home/runner/work/gestaodecustos/gestaodecustos/vendor/laravel/framework/src/Illuminate/View/View.php(160): Illuminate\View\View->renderContents()
#11 /home/runner/work/gestaodecustos/gestaodecustos/storage/framework/views/836a8a15524c86ff37c2b633e40219d3.php(51): Illuminate\View\View->render()
#12 /home/runner/work/gestaodecustos/gestaodecustos/vendor/laravel/framework/src/Illuminate/Filesystem/Filesystem.php(123): require('...')
#13 /home/runner/work/gestaodecustos/gestaodecustos/vendor/laravel/framework/src/Illuminate/Filesystem/Filesystem.php(124): Illuminate\Filesystem\Filesystem::Illuminate\Filesystem\{closure}()
#14 /home/runner/work/gestaodecustos/gestaodecustos/vendor/laravel/framework/src/Illuminate/View/Engines/PhpEngine.php(57): Illuminate\Filesystem\Filesystem->getRequire()
#15 /home/runner/work/gestaodecustos/gestaodecustos/vendor/livewire/livewire/src/Mechanisms/ExtendBlade/ExtendedCompilerEngine.php(22): Illuminate\View\Engines\PhpEngine->evaluatePath()
#16 /home/runner/work/gestaodecustos/gestaodecustos/vendor/laravel/framework/src/Illuminate/View/Engines/CompilerEngine.php(76): Livewire\Mechanisms\ExtendBlade\ExtendedCompilerEngine->evaluatePath()
#17 /home/runner/work/gestaodecustos/gestaodecustos/vendor/livewire/livewire/src/Mechanisms/ExtendBlade/ExtendedCompilerEngine.php(10): Illuminate\View\Engines\CompilerEngine->get()
#18 /home/runner/work/gestaodecustos/gestaodecustos/vendor/laravel/framework/src/Illuminate/View/View.php(208): Livewire\Mechanisms\ExtendBlade\ExtendedCompilerEngine->get()
#19 /home/runner/work/gestaodecustos/gestaodecustos/vendor/laravel/framework/src/Illuminate/View/View.php(191): Illuminate\View\View->getContents()
#20 /home/runner/work/gestaodecustos/gestaodecustos/vendor/laravel/framework/src/Illuminate/View/View.php(160): Illuminate\View\View->renderContents()
#21 /home/runner/work/gestaodecustos/gestaodecustos/vendor/laravel/framework/src/Illuminate/View/Concerns/ManagesComponents.php(103): Illuminate\View\View->render()
#22 /home/runner/work/gestaodecustos/gestaodecustos/storage/framework/views/801a63c08bf77827db6b9098dadda79d.php(17): Illuminate\View\Factory->renderComponent()
#23 /home/runner/work/gestaodecustos/gestaodecustos/vendor/laravel/framework/src/Illuminate/Filesystem/Filesystem.php(123): require('...')
#24 /home/runner/work/gestaodecustos/gestaodecustos/vendor/laravel/framework/src/Illuminate/Filesystem/Filesystem.php(124): Illuminate\Filesystem\Filesystem::Illuminate\Filesystem\{closure}()
#25 /home/runner/work/gestaodecustos/gestaodecustos/vendor/laravel/framework/src/Illuminate/View/Engines/PhpEngine.php(57): Illuminate\Filesystem\Filesystem->getRequire()
#26 /home/runner/work/gestaodecustos/gestaodecustos/vendor/livewire/livewire/src/Mechanisms/ExtendBlade/ExtendedCompilerEngine.php(22): Illuminate\View\Engines\PhpEngine->evaluatePath()
#27 /home/runner/work/gestaodecustos/gestaodecustos/vendor/laravel/framework/src/Illuminate/View/Engines/CompilerEngine.php(76): Livewire\Mechanisms\ExtendBlade\ExtendedCompilerEngine->evaluatePath()
#28 /home/runner/work/gestaodecustos/gestaodecustos/vendor/livewire/livewire/src/Mechanisms/ExtendBlade/ExtendedCompilerEngine.php(10): Illuminate\View\Engines\CompilerEngine->get()
#29 /home/runner/work/gestaodecustos/gestaodecustos/vendor/laravel/framework/src/Illuminate/View/View.php(208): Livewire\Mechanisms\ExtendBlade\ExtendedCompilerEngine->get()
#30 /home/runner/work/gestaodecustos/gestaodecustos/vendor/laravel/framework/src/Illuminate/View/View.php(191): Illuminate\View\View->getContents()
#31 /home/runner/work/gestaodecustos/gestaodecustos/vendor/laravel/framework/src/Illuminate/View/View.php(160): Illuminate\View\View->renderContents()
#32 /home/runner/work/gestaodecustos/gestaodecustos/vendor/laravel/framework/src/Illuminate/View/Compilers/BladeCompiler.php(361): Illuminate\View\View->render()
#33 /home/runner/work/gestaodecustos/gestaodecustos/vendor/laravel/framework/src/Illuminate/Support/Facades/Facade.php(364): Illuminate\View\Compilers\BladeCompiler::render()
#34 /home/runner/work/gestaodecustos/gestaodecustos/vendor/livewire/livewire/src/Features/SupportPageComponents/SupportPageComponents.php(162): Illuminate\Support\Facades\Facade::__callStatic()
#35 /home/runner/work/gestaodecustos/gestaodecustos/vendor/livewire/livewire/src/Features/SupportPageComponents/HandlesPageComponents.php(26): Livewire\Features\SupportPageComponents\SupportPageComponents::renderContentsIntoLayout()
#36 /home/runner/work/gestaodecustos/gestaodecustos/vendor/laravel/framework/src/Illuminate/Routing/ControllerDispatcher.php(46): Livewire\Component->__invoke()
#37 /home/runner/work/gestaodecustos/gestaodecustos/vendor/laravel/framework/src/Illuminate/Routing/Route.php(276): Illuminate\Routing\ControllerDispatcher->dispatch()
#38 /home/runner/work/gestaodecustos/gestaodecustos/vendor/laravel/framework/src/Illuminate/Routing/Route.php(216): Illuminate\Routing\Route->runController()
#39 /home/runner/work/gestaodecustos/gestaodecustos/vendor/laravel/framework/src/Illuminate/Routing/Router.php(822): Illuminate\Routing\Route->run()
#40 /home/runner/work/gestaodecustos/gestaodecustos/vendor/laravel/framework/src/Illuminate/Pipeline/Pipeline.php(180): Illuminate\Routing\Router->Illuminate\Routing\{closure}()
#41 /home/runner/work/gestaodecustos/gestaodecustos/vendor/laravel/framework/src/Illuminate/Auth/Middleware/EnsureEmailIsVerified.php(41): Illuminate\Pipeline\Pipeline->Illuminate\Pipeline\{closure}()
#42 /home/runner/work/gestaodecustos/gestaodecustos/vendor/laravel/framework/src/Illuminate/Pipeline/Pipeline.php(219): Illuminate\Auth\Middleware\EnsureEmailIsVerified->handle()
#43 /home/runner/work/gestaodecustos/gestaodecustos/app/Http/Middleware/ThrottleVerificationCode.php(27): Illuminate\Pipeline\Pipeline->Illuminate\Pipeline\{closure}()
#44 /home/runner/work/gestaodecustos/gestaodecustos/vendor/laravel/framework/src/Illuminate/Pipeline/Pipeline.php(219): App\Http\Middleware\ThrottleVerificationCode->handle()
#45 /home/runner/work/gestaodecustos/gestaodecustos/app/Http/Middleware/EnsureBusinessWorkspaceAccess.php(71): Illuminate\Pipeline\Pipeline->Illuminate\Pipeline\{closure}()
#46 /home/runner/work/gestaodecustos/gestaodecustos/vendor/laravel/framework/src/Illuminate/Pipeline/Pipeline.php(219): App\Http\Middleware\EnsureBusinessWorkspaceAccess->handle()
#47 /home/runner/work/gestaodecustos/gestaodecustos/app/Http/Middleware/EnsureImpersonationIsValid.php(20): Illuminate\Pipeline\Pipeline->Illuminate\Pipeline\{closure}()
#48 /home/runner/work/gestaodecustos/gestaodecustos/vendor/laravel/framework/src/Illuminate/Pipeline/Pipeline.php(219): App\Http\Middleware\EnsureImpersonationIsValid->handle()
#49 /home/runner/work/gestaodecustos/gestaodecustos/app/Http/Middleware/UpdateUserActivity.php(27): Illuminate\Pipeline\Pipeline->Illuminate\Pipeline\{closure}()
#50 /home/runner/work/gestaodecustos/gestaodecustos/vendor/laravel/framework/src/Illuminate/Pipeline/Pipeline.php(219): App\Http\Middleware\UpdateUserActivity->handle()
#51 /home/runner/work/gestaodecustos/gestaodecustos/app/Http/Middleware/CheckRegistrationStatus.php(25): Illuminate\Pipeline\Pipeline->Illuminate\Pipeline\{closure}()
#52 /home/runner/work/gestaodecustos/gestaodecustos/vendor/laravel/framework/src/Illuminate/Pipeline/Pipeline.php(219): App\Http\Middleware\CheckRegistrationStatus->handle()
#53 /home/runner/work/gestaodecustos/gestaodecustos/app/Http/Middleware/CheckMaintenanceMode.php(41): Illuminate\Pipeline\Pipeline->Illuminate\Pipeline\{closure}()
#54 /home/runner/work/gestaodecustos/gestaodecustos/vendor/laravel/framework/src/Illuminate/Pipeline/Pipeline.php(219): App\Http\Middleware\CheckMaintenanceMode->handle()
#55 /home/runner/work/gestaodecustos/gestaodecustos/app/Http/Middleware/SetLocale.php(30): Illuminate\Pipeline\Pipeline->Illuminate\Pipeline\{closure}()
#56 /home/runner/work/gestaodecustos/gestaodecustos/vendor/laravel/framework/src/Illuminate/Pipeline/Pipeline.php(219): App\Http\Middleware\SetLocale->handle()
#57 /home/runner/work/gestaodecustos/gestaodecustos/vendor/laravel/framework/src/Illuminate/Routing/Middleware/SubstituteBindings.php(52): Illuminate\Pipeline\Pipeline->Illuminate\Pipeline\{closure}()
#58 /home/runner/work/gestaodecustos/gestaodecustos/vendor/laravel/framework/src/Illuminate/Pipeline/Pipeline.php(219): Illuminate\Routing\Middleware\SubstituteBindings->handle()
#59 /home/runner/work/gestaodecustos/gestaodecustos/vendor/laravel/framework/src/Illuminate/Auth/Middleware/Authenticate.php(63): Illuminate\Pipeline\Pipeline->Illuminate\Pipeline\{closure}()
#60 /home/runner/work/gestaodecustos/gestaodecustos/vendor/laravel/framework/src/Illuminate/Pipeline/Pipeline.php(219): Illuminate\Auth\Middleware\Authenticate->handle()
#61 /home/runner/work/gestaodecustos/gestaodecustos/vendor/laravel/framework/src/Illuminate/Foundation/Http/Middleware/PreventRequestForgery.php(104): Illuminate\Pipeline\Pipeline->Illuminate\Pipeline\{closure}()
#62 /home/runner/work/gestaodecustos/gestaodecustos/vendor/laravel/framework/src/Illuminate/Pipeline/Pipeline.php(219): Illuminate\Foundation\Http\Middleware\PreventRequestForgery->handle()
#63 /home/runner/work/gestaodecustos/gestaodecustos/vendor/laravel/framework/src/Illuminate/View/Middleware/ShareErrorsFromSession.php(48): Illuminate\Pipeline\Pipeline->Illuminate\Pipeline\{closure}()
#64 /home/runner/work/gestaodecustos/gestaodecustos/vendor/laravel/framework/src/Illuminate/Pipeline/Pipeline.php(219): Illuminate\View\Middleware\ShareErrorsFromSession->handle()
#65 /home/runner/work/gestaodecustos/gestaodecustos/vendor/laravel/framework/src/Illuminate/Session/Middleware/StartSession.php(120): Illuminate\Pipeline\Pipeline->Illuminate\Pipeline\{closure}()
#66 /home/runner/work/gestaodecustos/gestaodecustos/vendor/laravel/framework/src/Illuminate/Session/Middleware/StartSession.php(63): Illuminate\Session\Middleware\StartSession->handleStatefulRequest()
#67 /home/runner/work/gestaodecustos/gestaodecustos/vendor/laravel/framework/src/Illuminate/Pipeline/Pipeline.php(219): Illuminate\Session\Middleware\StartSession->handle()
#68 /home/runner/work/gestaodecustos/gestaodecustos/vendor/laravel/framework/src/Illuminate/Cookie/Middleware/AddQueuedCookiesToResponse.php(36): Illuminate\Pipeline\Pipeline->Illuminate\Pipeline\{closure}()
#69 /home/runner/work/gestaodecustos/gestaodecustos/vendor/laravel/framework/src/Illuminate/Pipeline/Pipeline.php(219): Illuminate\Cookie\Middleware\AddQueuedCookiesToResponse->handle()
#70 /home/runner/work/gestaodecustos/gestaodecustos/vendor/laravel/framework/src/Illuminate/Cookie/Middleware/EncryptCookies.php(74): Illuminate\Pipeline\Pipeline->Illuminate\Pipeline\{closure}()
#71 /home/runner/work/gestaodecustos/gestaodecustos/vendor/laravel/framework/src/Illuminate/Pipeline/Pipeline.php(219): Illuminate\Cookie\Middleware\EncryptCookies->handle()
#72 /home/runner/work/gestaodecustos/gestaodecustos/vendor/laravel/framework/src/Illuminate/Pipeline/Pipeline.php(137): Illuminate\Pipeline\Pipeline->Illuminate\Pipeline\{closure}()
#73 /home/runner/work/gestaodecustos/gestaodecustos/vendor/laravel/framework/src/Illuminate/Routing/Router.php(821): Illuminate\Pipeline\Pipeline->then()
#74 /home/runner/work/gestaodecustos/gestaodecustos/vendor/laravel/framework/src/Illuminate/Routing/Router.php(800): Illuminate\Routing\Router->runRouteWithinStack()
#75 /home/runner/work/gestaodecustos/gestaodecustos/vendor/laravel/framework/src/Illuminate/Routing/Router.php(764): Illuminate\Routing\Router->runRoute()
#76 /home/runner/work/gestaodecustos/gestaodecustos/vendor/laravel/framework/src/Illuminate/Routing/Router.php(753): Illuminate\Routing\Router->dispatchToRoute()
#77 /home/runner/work/gestaodecustos/gestaodecustos/vendor/laravel/framework/src/Illuminate/Foundation/Http/Kernel.php(200): Illuminate\Routing\Router->dispatch()
#78 /home/runner/work/gestaodecustos/gestaodecustos/vendor/laravel/framework/src/Illuminate/Pipeline/Pipeline.php(180): Illuminate\Foundation\Http\Kernel->Illuminate\Foundation\Http\{closure}()
#79 /home/runner/work/gestaodecustos/gestaodecustos/vendor/livewire/livewire/src/Features/SupportDisablingBackButtonCache/DisableBackButtonCacheMiddleware.php(19): Illuminate\Pipeline\Pipeline->Illuminate\Pipeline\{closure}()
#80 /home/runner/work/gestaodecustos/gestaodecustos/vendor/laravel/framework/src/Illuminate/Pipeline/Pipeline.php(219): Livewire\Features\SupportDisablingBackButtonCache\DisableBackButtonCacheMiddleware->handle()
#81 /home/runner/work/gestaodecustos/gestaodecustos/vendor/laravel/framework/src/Illuminate/Foundation/Http/Middleware/TransformsRequest.php(21): Illuminate\Pipeline\Pipeline->Illuminate\Pipeline\{closure}()
#82 /home/runner/work/gestaodecustos/gestaodecustos/vendor/laravel/framework/src/Illuminate/Foundation/Http/Middleware/ConvertEmptyStringsToNull.php(31): Illuminate\Foundation\Http\Middleware\TransformsRequest->handle()
#83 /home/runner/work/gestaodecustos/gestaodecustos/vendor/laravel/framework/src/Illuminate/Pipeline/Pipeline.php(219): Illuminate\Foundation\Http\Middleware\ConvertEmptyStringsToNull->handle()
#84 /home/runner/work/gestaodecustos/gestaodecustos/vendor/laravel/framework/src/Illuminate/Foundation/Http/Middleware/TransformsRequest.php(21): Illuminate\Pipeline\Pipeline->Illuminate\Pipeline\{closure}()
#85 /home/runner/work/gestaodecustos/gestaodecustos/vendor/laravel/framework/src/Illuminate/Foundation/Http/Middleware/TrimStrings.php(51): Illuminate\Foundation\Http\Middleware\TransformsRequest->handle()
#86 /home/runner/work/gestaodecustos/gestaodecustos/vendor/laravel/framework/src/Illuminate/Pipeline/Pipeline.php(219): Illuminate\Foundation\Http\Middleware\TrimStrings->handle()
#87 /home/runner/work/gestaodecustos/gestaodecustos/vendor/laravel/framework/src/Illuminate/Http/Middleware/ValidatePostSize.php(27): Illuminate\Pipeline\Pipeline->Illuminate\Pipeline\{closure}()
#88 /home/runner/work/gestaodecustos/gestaodecustos/vendor/laravel/framework/src/Illuminate/Pipeline/Pipeline.php(219): Illuminate\Http\Middleware\ValidatePostSize->handle()
#89 /home/runner/work/gestaodecustos/gestaodecustos/vendor/laravel/framework/src/Illuminate/Foundation/Http/Middleware/PreventRequestsDuringMaintenance.php(110): Illuminate\Pipeline\Pipeline->Illuminate\Pipeline\{closure}()
#90 /home/runner/work/gestaodecustos/gestaodecustos/vendor/laravel/framework/src/Illuminate/Pipeline/Pipeline.php(219): Illuminate\Foundation\Http\Middleware\PreventRequestsDuringMaintenance->handle()
#91 /home/runner/work/gestaodecustos/gestaodecustos/vendor/laravel/framework/src/Illuminate/Http/Middleware/HandleCors.php(61): Illuminate\Pipeline\Pipeline->Illuminate\Pipeline\{closure}()
#92 /home/runner/work/gestaodecustos/gestaodecustos/vendor/laravel/framework/src/Illuminate/Pipeline/Pipeline.php(219): Illuminate\Http\Middleware\HandleCors->handle()
#93 /home/runner/work/gestaodecustos/gestaodecustos/vendor/laravel/framework/src/Illuminate/Http/Middleware/TrustProxies.php(58): Illuminate\Pipeline\Pipeline->Illuminate\Pipeline\{closure}()
#94 /home/runner/work/gestaodecustos/gestaodecustos/vendor/laravel/framework/src/Illuminate/Pipeline/Pipeline.php(219): Illuminate\Http\Middleware\TrustProxies->handle()
#95 /home/runner/work/gestaodecustos/gestaodecustos/vendor/laravel/framework/src/Illuminate/Foundation/Http/Middleware/InvokeDeferredCallbacks.php(22): Illuminate\Pipeline\Pipeline->Illuminate\Pipeline\{closure}()
#96 /home/runner/work/gestaodecustos/gestaodecustos/vendor/laravel/framework/src/Illuminate/Pipeline/Pipeline.php(219): Illuminate\Foundation\Http\Middleware\InvokeDeferredCallbacks->handle()
#97 /home/runner/work/gestaodecustos/gestaodecustos/vendor/laravel/framework/src/Illuminate/Http/Middleware/ValidatePathEncoding.php(28): Illuminate\Pipeline\Pipeline->Illuminate\Pipeline\{closure}()
#98 /home/runner/work/gestaodecustos/gestaodecustos/vendor/laravel/framework/src/Illuminate/Pipeline/Pipeline.php(219): Illuminate\Http\Middleware\ValidatePathEncoding->handle()
#99 /home/runner/work/gestaodecustos/gestaodecustos/vendor/laravel/framework/src/Illuminate/Pipeline/Pipeline.php(137): Illuminate\Pipeline\Pipeline->Illuminate\Pipeline\{closure}()
#100 /home/runner/work/gestaodecustos/gestaodecustos/vendor/laravel/framework/src/Illuminate/Foundation/Http/Kernel.php(175): Illuminate\Pipeline\Pipeline->then()
#101 /home/runner/work/gestaodecustos/gestaodecustos/vendor/laravel/framework/src/Illuminate/Foundation/Http/Kernel.php(144): Illuminate\Foundation\Http\Kernel->sendRequestThroughRouter()
#102 /home/runner/work/gestaodecustos/gestaodecustos/vendor/laravel/framework/src/Illuminate/Foundation/Testing/Concerns/MakesHttpRequests.php(638): Illuminate\Foundation\Http\Kernel->handle()
#103 /home/runner/work/gestaodecustos/gestaodecustos/vendor/laravel/framework/src/Illuminate/Foundation/Testing/Concerns/MakesHttpRequests.php(368): Illuminate\Foundation\Testing\TestCase->call()
#104 /home/runner/work/gestaodecustos/gestaodecustos/tests/Feature/DashboardTest.php(14): Illuminate\Foundation\Testing\TestCase->get()
#105 /home/runner/work/gestaodecustos/gestaodecustos/vendor/pestphp/pest/src/Factories/TestCaseMethodFactory.php(177): P\Tests\Feature\DashboardTest->{closure}()
#106 [internal function]: P\Tests\Feature\DashboardTest->Pest\Factories\{closure}()
#107 /home/runner/work/gestaodecustos/gestaodecustos/vendor/pestphp/pest/src/Concerns/Testable.php(514): call_user_func_array()
#108 /home/runner/work/gestaodecustos/gestaodecustos/vendor/pestphp/pest/src/Support/ExceptionTrace.php(26): P\Tests\Feature\DashboardTest->Pest\Concerns\{closure}()
#109 /home/runner/work/gestaodecustos/gestaodecustos/vendor/pestphp/pest/src/Concerns/Testable.php(514): Pest\Support\ExceptionTrace::ensure()
#110 /home/runner/work/gestaodecustos/gestaodecustos/vendor/pestphp/pest/src/Concerns/Testable.php(336): P\Tests\Feature\DashboardTest->__callClosure()
#111 /home/runner/work/gestaodecustos/gestaodecustos/vendor/pestphp/pest/src/Factories/TestCaseFactory.php(179) : eval()'d code(35): P\Tests\Feature\DashboardTest->__runTest()
#112 /home/runner/work/gestaodecustos/gestaodecustos/vendor/phpunit/phpunit/src/Framework/TestCase.php(1318): P\Tests\Feature\DashboardTest->__pest_evaluable_authenticated_users_can_visit_the_dashboard()
#113 /home/runner/work/gestaodecustos/gestaodecustos/vendor/phpunit/phpunit/src/Framework/TestCase.php(1355): PHPUnit\Framework\TestCase->invokeTestMethod()
#114 /home/runner/work/gestaodecustos/gestaodecustos/vendor/phpunit/phpunit/src/Framework/TestCase.php(521): PHPUnit\Framework\TestCase->runTest()
#115 /home/runner/work/gestaodecustos/gestaodecustos/vendor/phpunit/phpunit/src/Framework/TestRunner/TestRunner.php(99): PHPUnit\Framework\TestCase->runBare()
#116 /home/runner/work/gestaodecustos/gestaodecustos/vendor/phpunit/phpunit/src/Framework/TestCase.php(361): PHPUnit\Framework\TestRunner->run()
#117 /home/runner/work/gestaodecustos/gestaodecustos/vendor/phpunit/phpunit/src/Framework/TestSuite.php(374): PHPUnit\Framework\TestCase->run()
#118 /home/runner/work/gestaodecustos/gestaodecustos/vendor/phpunit/phpunit/src/Framework/TestSuite.php(374): PHPUnit\Framework\TestSuite->run()
#119 /home/runner/work/gestaodecustos/gestaodecustos/vendor/phpunit/phpunit/src/Framework/TestSuite.php(374): PHPUnit\Framework\TestSuite->run()
#120 /home/runner/work/gestaodecustos/gestaodecustos/vendor/phpunit/phpunit/src/TextUI/TestRunner.php(64): PHPUnit\Framework\TestSuite->run()
#121 /home/runner/work/gestaodecustos/gestaodecustos/vendor/phpunit/phpunit/src/TextUI/Application.php(229): PHPUnit\TextUI\TestRunner->run()
#122 /home/runner/work/gestaodecustos/gestaodecustos/vendor/pestphp/pest/src/Kernel.php(103): PHPUnit\TextUI\Application->run()
#123 /home/runner/work/gestaodecustos/gestaodecustos/vendor/pestphp/pest/bin/pest(196): Pest\Kernel->handle()
#124 /home/runner/work/gestaodecustos/gestaodecustos/vendor/pestphp/pest/bin/pest(204): {closure}()
#125 /home/runner/work/gestaodecustos/gestaodecustos/vendor/bin/pest(119): include('...')
#126 {main}

Next Illuminate\View\ViewException: Unable to locate file in Vite manifest: resources/js/modal-controls.js. (View: /home/runner/work/gestaodecustos/gestaodecustos/resources/views/partials/head.blade.php) in /home/runner/work/gestaodecustos/gestaodecustos/vendor/laravel/framework/src/Illuminate/Foundation/Vite.php:1042
Stack trace:
#0 /home/runner/work/gestaodecustos/gestaodecustos/vendor/livewire/livewire/src/Mechanisms/ExtendBlade/ExtendedCompilerEngine.php(58): Illuminate\View\Engines\CompilerEngine->handleViewException()
#1 /home/runner/work/gestaodecustos/gestaodecustos/vendor/laravel/framework/src/Illuminate/View/Engines/PhpEngine.php(59): Livewire\Mechanisms\ExtendBlade\ExtendedCompilerEngine->handleViewException()
#2 /home/runner/work/gestaodecustos/gestaodecustos/vendor/livewire/livewire/src/Mechanisms/ExtendBlade/ExtendedCompilerEngine.php(22): Illuminate\View\Engines\PhpEngine->evaluatePath()
#3 /home/runner/work/gestaodecustos/gestaodecustos/vendor/laravel/framework/src/Illuminate/View/Engines/CompilerEngine.php(76): Livewire\Mechanisms\ExtendBlade\ExtendedCompilerEngine->evaluatePath()
#4 /home/runner/work/gestaodecustos/gestaodecustos/vendor/livewire/livewire/src/Mechanisms/ExtendBlade/ExtendedCompilerEngine.php(10): Illuminate\View\Engines\CompilerEngine->get()
#5 /home/runner/work/gestaodecustos/gestaodecustos/vendor/laravel/framework/src/Illuminate/View/View.php(208): Livewire\Mechanisms\ExtendBlade\ExtendedCompilerEngine->get()
#6 /home/runner/work/gestaodecustos/gestaodecustos/vendor/laravel/framework/src/Illuminate/View/View.php(191): Illuminate\View\View->getContents()
#7 /home/runner/work/gestaodecustos/gestaodecustos/vendor/laravel/framework/src/Illuminate/View/View.php(160): Illuminate\View\View->renderContents()
#8 /home/runner/work/gestaodecustos/gestaodecustos/storage/framework/views/836a8a15524c86ff37c2b633e40219d3.php(51): Illuminate\View\View->render()
#9 /home/runner/work/gestaodecustos/gestaodecustos/vendor/laravel/framework/src/Illuminate/Filesystem/Filesystem.php(123): require('...')
#10 /home/runner/work/gestaodecustos/gestaodecustos/vendor/laravel/framework/src/Illuminate/Filesystem/Filesystem.php(124): Illuminate\Filesystem\Filesystem::Illuminate\Filesystem\{closure}()
#11 /home/runner/work/gestaodecustos/gestaodecustos/vendor/laravel/framework/src/Illuminate/View/Engines/PhpEngine.php(57): Illuminate\Filesystem\Filesystem->getRequire()
#12 /home/runner/work/gestaodecustos/gestaodecustos/vendor/livewire/livewire/src/Mechanisms/ExtendBlade/ExtendedCompilerEngine.php(22): Illuminate\View\Engines\PhpEngine->evaluatePath()
#13 /home/runner/work/gestaodecustos/gestaodecustos/vendor/laravel/framework/src/Illuminate/View/Engines/CompilerEngine.php(76): Livewire\Mechanisms\ExtendBlade\ExtendedCompilerEngine->evaluatePath()
#14 /home/runner/work/gestaodecustos/gestaodecustos/vendor/livewire/livewire/src/Mechanisms/ExtendBlade/ExtendedCompilerEngine.php(10): Illuminate\View\Engines\CompilerEngine->get()
#15 /home/runner/work/gestaodecustos/gestaodecustos/vendor/laravel/framework/src/Illuminate/View/View.php(208): Livewire\Mechanisms\ExtendBlade\ExtendedCompilerEngine->get()
#16 /home/runner/work/gestaodecustos/gestaodecustos/vendor/laravel/framework/src/Illuminate/View/View.php(191): Illuminate\View\View->getContents()
#17 /home/runner/work/gestaodecustos/gestaodecustos/vendor/laravel/framework/src/Illuminate/View/View.php(160): Illuminate\View\View->renderContents()
#18 /home/runner/work/gestaodecustos/gestaodecustos/vendor/laravel/framework/src/Illuminate/View/Concerns/ManagesComponents.php(103): Illuminate\View\View->render()
#19 /home/runner/work/gestaodecustos/gestaodecustos/storage/framework/views/801a63c08bf77827db6b9098dadda79d.php(17): Illuminate\View\Factory->renderComponent()
#20 /home/runner/work/gestaodecustos/gestaodecustos/vendor/laravel/framework/src/Illuminate/Filesystem/Filesystem.php(123): require('...')
#21 /home/runner/work/gestaodecustos/gestaodecustos/vendor/laravel/framework/src/Illuminate/Filesystem/Filesystem.php(124): Illuminate\Filesystem\Filesystem::Illuminate\Filesystem\{closure}()
#22 /home/runner/work/gestaodecustos/gestaodecustos/vendor/laravel/framework/src/Illuminate/View/Engines/PhpEngine.php(57): Illuminate\Filesystem\Filesystem->getRequire()
#23 /home/runner/work/gestaodecustos/gestaodecustos/vendor/livewire/livewire/src/Mechanisms/ExtendBlade/ExtendedCompilerEngine.php(22): Illuminate\View\Engines\PhpEngine->evaluatePath()
#24 /home/runner/work/gestaodecustos/gestaodecustos/vendor/laravel/framework/src/Illuminate/View/Engines/CompilerEngine.php(76): Livewire\Mechanisms\ExtendBlade\ExtendedCompilerEngine->evaluatePath()
#25 /home/runner/work/gestaodecustos/gestaodecustos/vendor/livewire/livewire/src/Mechanisms/ExtendBlade/ExtendedCompilerEngine.php(10): Illuminate\View\Engines\CompilerEngine->get()
#26 /home/runner/work/gestaodecustos/gestaodecustos/vendor/laravel/framework/src/Illuminate/View/View.php(208): Livewire\Mechanisms\ExtendBlade\ExtendedCompilerEngine->get()
#27 /home/runner/work/gestaodecustos/gestaodecustos/vendor/laravel/framework/src/Illuminate/View/View.php(191): Illuminate\View\View->getContents()
#28 /home/runner/work/gestaodecustos/gestaodecustos/vendor/laravel/framework/src/Illuminate/View/View.php(160): Illuminate\View\View->renderContents()
#29 /home/runner/work/gestaodecustos/gestaodecustos/vendor/laravel/framework/src/Illuminate/View/Compilers/BladeCompiler.php(361): Illuminate\View\View->render()
#30 /home/runner/work/gestaodecustos/gestaodecustos/vendor/laravel/framework/src/Illuminate/Support/Facades/Facade.php(364): Illuminate\View\Compilers\BladeCompiler::render()
#31 /home/runner/work/gestaodecustos/gestaodecustos/vendor/livewire/livewire/src/Features/SupportPageComponents/SupportPageComponents.php(162): Illuminate\Support\Facades\Facade::__callStatic()
#32 /home/runner/work/gestaodecustos/gestaodecustos/vendor/livewire/livewire/src/Features/SupportPageComponents/HandlesPageComponents.php(26): Livewire\Features\SupportPageComponents\SupportPageComponents::renderContentsIntoLayout()
#33 /home/runner/work/gestaodecustos/gestaodecustos/vendor/laravel/framework/src/Illuminate/Routing/ControllerDispatcher.php(46): Livewire\Component->__invoke()
#34 /home/runner/work/gestaodecustos/gestaodecustos/vendor/laravel/framework/src/Illuminate/Routing/Route.php(276): Illuminate\Routing\ControllerDispatcher->dispatch()
#35 /home/runner/work/gestaodecustos/gestaodecustos/vendor/laravel/framework/src/Illuminate/Routing/Route.php(216): Illuminate\Routing\Route->runController()
#36 /home/runner/work/gestaodecustos/gestaodecustos/vendor/laravel/framework/src/Illuminate/Routing/Router.php(822): Illuminate\Routing\Route->run()
#37 /home/runner/work/gestaodecustos/gestaodecustos/vendor/laravel/framework/src/Illuminate/Pipeline/Pipeline.php(180): Illuminate\Routing\Router->Illuminate\Routing\{closure}()
#38 /home/runner/work/gestaodecustos/gestaodecustos/vendor/laravel/framework/src/Illuminate/Auth/Middleware/EnsureEmailIsVerified.php(41): Illuminate\Pipeline\Pipeline->Illuminate\Pipeline\{closure}()
#39 /home/runner/work/gestaodecustos/gestaodecustos/vendor/laravel/framework/src/Illuminate/Pipeline/Pipeline.php(219): Illuminate\Auth\Middleware\EnsureEmailIsVerified->handle()
#40 /home/runner/work/gestaodecustos/gestaodecustos/app/Http/Middleware/ThrottleVerificationCode.php(27): Illuminate\Pipeline\Pipeline->Illuminate\Pipeline\{closure}()
#41 /home/runner/work/gestaodecustos/gestaodecustos/vendor/laravel/framework/src/Illuminate/Pipeline/Pipeline.php(219): App\Http\Middleware\ThrottleVerificationCode->handle()
#42 /home/runner/work/gestaodecustos/gestaodecustos/app/Http/Middleware/EnsureBusinessWorkspaceAccess.php(71): Illuminate\Pipeline\Pipeline->Illuminate\Pipeline\{closure}()
#43 /home/runner/work/gestaodecustos/gestaodecustos/vendor/laravel/framework/src/Illuminate/Pipeline/Pipeline.php(219): App\Http\Middleware\EnsureBusinessWorkspaceAccess->handle()
#44 /home/runner/work/gestaodecustos/gestaodecustos/app/Http/Middleware/EnsureImpersonationIsValid.php(20): Illuminate\Pipeline\Pipeline->Illuminate\Pipeline\{closure}()
#45 /home/runner/work/gestaodecustos/gestaodecustos/vendor/laravel/framework/src/Illuminate/Pipeline/Pipeline.php(219): App\Http\Middleware\EnsureImpersonationIsValid->handle()
#46 /home/runner/work/gestaodecustos/gestaodecustos/app/Http/Middleware/UpdateUserActivity.php(27): Illuminate\Pipeline\Pipeline->Illuminate\Pipeline\{closure}()
#47 /home/runner/work/gestaodecustos/gestaodecustos/vendor/laravel/framework/src/Illuminate/Pipeline/Pipeline.php(219): App\Http\Middleware\UpdateUserActivity->handle()
#48 /home/runner/work/gestaodecustos/gestaodecustos/app/Http/Middleware/CheckRegistrationStatus.php(25): Illuminate\Pipeline\Pipeline->Illuminate\Pipeline\{closure}()
#49 /home/runner/work/gestaodecustos/gestaodecustos/vendor/laravel/framework/src/Illuminate/Pipeline/Pipeline.php(219): App\Http\Middleware\CheckRegistrationStatus->handle()
#50 /home/runner/work/gestaodecustos/gestaodecustos/app/Http/Middleware/CheckMaintenanceMode.php(41): Illuminate\Pipeline\Pipeline->Illuminate\Pipeline\{closure}()
#51 /home/runner/work/gestaodecustos/gestaodecustos/vendor/laravel/framework/src/Illuminate/Pipeline/Pipeline.php(219): App\Http\Middleware\CheckMaintenanceMode->handle()
#52 /home/runner/work/gestaodecustos/gestaodecustos/app/Http/Middleware/SetLocale.php(30): Illuminate\Pipeline\Pipeline->Illuminate\Pipeline\{closure}()
#53 /home/runner/work/gestaodecustos/gestaodecustos/vendor/laravel/framework/src/Illuminate/Pipeline/Pipeline.php(219): App\Http\Middleware\SetLocale->handle()
#54 /home/runner/work/gestaodecustos/gestaodecustos/vendor/laravel/framework/src/Illuminate/Routing/Middleware/SubstituteBindings.php(52): Illuminate\Pipeline\Pipeline->Illuminate\Pipeline\{closure}()
#55 /home/runner/work/gestaodecustos/gestaodecustos/vendor/laravel/framework/src/Illuminate/Pipeline/Pipeline.php(219): Illuminate\Routing\Middleware\SubstituteBindings->handle()
#56 /home/runner/work/gestaodecustos/gestaodecustos/vendor/laravel/framework/src/Illuminate/Auth/Middleware/Authenticate.php(63): Illuminate\Pipeline\Pipeline->Illuminate\Pipeline\{closure}()
#57 /home/runner/work/gestaodecustos/gestaodecustos/vendor/laravel/framework/src/Illuminate/Pipeline/Pipeline.php(219): Illuminate\Auth\Middleware\Authenticate->handle()
#58 /home/runner/work/gestaodecustos/gestaodecustos/vendor/laravel/framework/src/Illuminate/Foundation/Http/Middleware/PreventRequestForgery.php(104): Illuminate\Pipeline\Pipeline->Illuminate\Pipeline\{closure}()
#59 /home/runner/work/gestaodecustos/gestaodecustos/vendor/laravel/framework/src/Illuminate/Pipeline/Pipeline.php(219): Illuminate\Foundation\Http\Middleware\PreventRequestForgery->handle()
#60 /home/runner/work/gestaodecustos/gestaodecustos/vendor/laravel/framework/src/Illuminate/View/Middleware/ShareErrorsFromSession.php(48): Illuminate\Pipeline\Pipeline->Illuminate\Pipeline\{closure}()
#61 /home/runner/work/gestaodecustos/gestaodecustos/vendor/laravel/framework/src/Illuminate/Pipeline/Pipeline.php(219): Illuminate\View\Middleware\ShareErrorsFromSession->handle()
#62 /home/runner/work/gestaodecustos/gestaodecustos/vendor/laravel/framework/src/Illuminate/Session/Middleware/StartSession.php(120): Illuminate\Pipeline\Pipeline->Illuminate\Pipeline\{closure}()
#63 /home/runner/work/gestaodecustos/gestaodecustos/vendor/laravel/framework/src/Illuminate/Session/Middleware/StartSession.php(63): Illuminate\Session\Middleware\StartSession->handleStatefulRequest()
#64 /home/runner/work/gestaodecustos/gestaodecustos/vendor/laravel/framework/src/Illuminate/Pipeline/Pipeline.php(219): Illuminate\Session\Middleware\StartSession->handle()
#65 /home/runner/work/gestaodecustos/gestaodecustos/vendor/laravel/framework/src/Illuminate/Cookie/Middleware/AddQueuedCookiesToResponse.php(36): Illuminate\Pipeline\Pipeline->Illuminate\Pipeline\{closure}()
#66 /home/runner/work/gestaodecustos/gestaodecustos/vendor/laravel/framework/src/Illuminate/Pipeline/Pipeline.php(219): Illuminate\Cookie\Middleware\AddQueuedCookiesToResponse->handle()
#67 /home/runner/work/gestaodecustos/gestaodecustos/vendor/laravel/framework/src/Illuminate/Cookie/Middleware/EncryptCookies.php(74): Illuminate\Pipeline\Pipeline->Illuminate\Pipeline\{closure}()
#68 /home/runner/work/gestaodecustos/gestaodecustos/vendor/laravel/framework/src/Illuminate/Pipeline/Pipeline.php(219): Illuminate\Cookie\Middleware\EncryptCookies->handle()
#69 /home/runner/work/gestaodecustos/gestaodecustos/vendor/laravel/framework/src/Illuminate/Pipeline/Pipeline.php(137): Illuminate\Pipeline\Pipeline->Illuminate\Pipeline\{closure}()
#70 /home/runner/work/gestaodecustos/gestaodecustos/vendor/laravel/framework/src/Illuminate/Routing/Router.php(821): Illuminate\Pipeline\Pipeline->then()
#71 /home/runner/work/gestaodecustos/gestaodecustos/vendor/laravel/framework/src/Illuminate/Routing/Router.php(800): Illuminate\Routing\Router->runRouteWithinStack()
#72 /home/runner/work/gestaodecustos/gestaodecustos/vendor/laravel/framework/src/Illuminate/Routing/Router.php(764): Illuminate\Routing\Router->runRoute()
#73 /home/runner/work/gestaodecustos/gestaodecustos/vendor/laravel/framework/src/Illuminate/Routing/Router.php(753): Illuminate\Routing\Router->dispatchToRoute()
#74 /home/runner/work/gestaodecustos/gestaodecustos/vendor/laravel/framework/src/Illuminate/Foundation/Http/Kernel.php(200): Illuminate\Routing\Router->dispatch()
#75 /home/runner/work/gestaodecustos/gestaodecustos/vendor/laravel/framework/src/Illuminate/Pipeline/Pipeline.php(180): Illuminate\Foundation\Http\Kernel->Illuminate\Foundation\Http\{closure}()
#76 /home/runner/work/gestaodecustos/gestaodecustos/vendor/livewire/livewire/src/Features/SupportDisablingBackButtonCache/DisableBackButtonCacheMiddleware.php(19): Illuminate\Pipeline\Pipeline->Illuminate\Pipeline\{closure}()
#77 /home/runner/work/gestaodecustos/gestaodecustos/vendor/laravel/framework/src/Illuminate/Pipeline/Pipeline.php(219): Livewire\Features\SupportDisablingBackButtonCache\DisableBackButtonCacheMiddleware->handle()
#78 /home/runner/work/gestaodecustos/gestaodecustos/vendor/laravel/framework/src/Illuminate/Foundation/Http/Middleware/TransformsRequest.php(21): Illuminate\Pipeline\Pipeline->Illuminate\Pipeline\{closure}()
#79 /home/runner/work/gestaodecustos/gestaodecustos/vendor/laravel/framework/src/Illuminate/Foundation/Http/Middleware/ConvertEmptyStringsToNull.php(31): Illuminate\Foundation\Http\Middleware\TransformsRequest->handle()
#80 /home/runner/work/gestaodecustos/gestaodecustos/vendor/laravel/framework/src/Illuminate/Pipeline/Pipeline.php(219): Illuminate\Foundation\Http\Middleware\ConvertEmptyStringsToNull->handle()
#81 /home/runner/work/gestaodecustos/gestaodecustos/vendor/laravel/framework/src/Illuminate/Foundation/Http/Middleware/TransformsRequest.php(21): Illuminate\Pipeline\Pipeline->Illuminate\Pipeline\{closure}()
#82 /home/runner/work/gestaodecustos/gestaodecustos/vendor/laravel/framework/src/Illuminate/Foundation/Http/Middleware/TrimStrings.php(51): Illuminate\Foundation\Http\Middleware\TransformsRequest->handle()
#83 /home/runner/work/gestaodecustos/gestaodecustos/vendor/laravel/framework/src/Illuminate/Pipeline/Pipeline.php(219): Illuminate\Foundation\Http\Middleware\TrimStrings->handle()
#84 /home/runner/work/gestaodecustos/gestaodecustos/vendor/laravel/framework/src/Illuminate/Http/Middleware/ValidatePostSize.php(27): Illuminate\Pipeline\Pipeline->Illuminate\Pipeline\{closure}()
#85 /home/runner/work/gestaodecustos/gestaodecustos/vendor/laravel/framework/src/Illuminate/Pipeline/Pipeline.php(219): Illuminate\Http\Middleware\ValidatePostSize->handle()
#86 /home/runner/work/gestaodecustos/gestaodecustos/vendor/laravel/framework/src/Illuminate/Foundation/Http/Middleware/PreventRequestsDuringMaintenance.php(110): Illuminate\Pipeline\Pipeline->Illuminate\Pipeline\{closure}()
#87 /home/runner/work/gestaodecustos/gestaodecustos/vendor/laravel/framework/src/Illuminate/Pipeline/Pipeline.php(219): Illuminate\Foundation\Http\Middleware\PreventRequestsDuringMaintenance->handle()
#88 /home/runner/work/gestaodecustos/gestaodecustos/vendor/laravel/framework/src/Illuminate/Http/Middleware/HandleCors.php(61): Illuminate\Pipeline\Pipeline->Illuminate\Pipeline\{closure}()
#89 /home/runner/work/gestaodecustos/gestaodecustos/vendor/laravel/framework/src/Illuminate/Pipeline/Pipeline.php(219): Illuminate\Http\Middleware\HandleCors->handle()
#90 /home/runner/work/gestaodecustos/gestaodecustos/vendor/laravel/framework/src/Illuminate/Http/Middleware/TrustProxies.php(58): Illuminate\Pipeline\Pipeline->Illuminate\Pipeline\{closure}()
#91 /home/runner/work/gestaodecustos/gestaodecustos/vendor/laravel/framework/src/Illuminate/Pipeline/Pipeline.php(219): Illuminate\Http\Middleware\TrustProxies->handle()
#92 /home/runner/work/gestaodecustos/gestaodecustos/vendor/laravel/framework/src/Illuminate/Foundation/Http/Middleware/InvokeDeferredCallbacks.php(22): Illuminate\Pipeline\Pipeline->Illuminate\Pipeline\{closure}()
#93 /home/runner/work/gestaodecustos/gestaodecustos/vendor/laravel/framework/src/Illuminate/Pipeline/Pipeline.php(219): Illuminate\Foundation\Http\Middleware\InvokeDeferredCallbacks->handle()
#94 /home/runner/work/gestaodecustos/gestaodecustos/vendor/laravel/framework/src/Illuminate/Http/Middleware/ValidatePathEncoding.php(28): Illuminate\Pipeline\Pipeline->Illuminate\Pipeline\{closure}()
#95 /home/runner/work/gestaodecustos/gestaodecustos/vendor/laravel/framework/src/Illuminate/Pipeline/Pipeline.php(219): Illuminate\Http\Middleware\ValidatePathEncoding->handle()
#96 /home/runner/work/gestaodecustos/gestaodecustos/vendor/laravel/framework/src/Illuminate/Pipeline/Pipeline.php(137): Illuminate\Pipeline\Pipeline->Illuminate\Pipeline\{closure}()
#97 /home/runner/work/gestaodecustos/gestaodecustos/vendor/laravel/framework/src/Illuminate/Foundation/Http/Kernel.php(175): Illuminate\Pipeline\Pipeline->then()
#98 /home/runner/work/gestaodecustos/gestaodecustos/vendor/laravel/framework/src/Illuminate/Foundation/Http/Kernel.php(144): Illuminate\Foundation\Http\Kernel->sendRequestThroughRouter()
#99 /home/runner/work/gestaodecustos/gestaodecustos/vendor/laravel/framework/src/Illuminate/Foundation/Testing/Concerns/MakesHttpRequests.php(638): Illuminate\Foundation\Http\Kernel->handle()
#100 /home/runner/work/gestaodecustos/gestaodecustos/vendor/laravel/framework/src/Illuminate/Foundation/Testing/Concerns/MakesHttpRequests.php(368): Illuminate\Foundation\Testing\TestCase->call()
#101 /home/runner/work/gestaodecustos/gestaodecustos/tests/Feature/DashboardTest.php(14): Illuminate\Foundation\Testing\TestCase->get()
#102 /home/runner/work/gestaodecustos/gestaodecustos/vendor/pestphp/pest/src/Factories/TestCaseMethodFactory.php(177): P\Tests\Feature\DashboardTest->{closure}()
#103 [internal function]: P\Tests\Feature\DashboardTest->Pest\Factories\{closure}()
#104 /home/runner/work/gestaodecustos/gestaodecustos/vendor/pestphp/pest/src/Concerns/Testable.php(514): call_user_func_array()
#105 /home/runner/work/gestaodecustos/gestaodecustos/vendor/pestphp/pest/src/Support/ExceptionTrace.php(26): P\Tests\Feature\DashboardTest->Pest\Concerns\{closure}()
#106 /home/runner/work/gestaodecustos/gestaodecustos/vendor/pestphp/pest/src/Concerns/Testable.php(514): Pest\Support\ExceptionTrace::ensure()
#107 /home/runner/work/gestaodecustos/gestaodecustos/vendor/pestphp/pest/src/Concerns/Testable.php(336): P\Tests\Feature\DashboardTest->__callClosure()
#108 /home/runner/work/gestaodecustos/gestaodecustos/vendor/pestphp/pest/src/Factories/TestCaseFactory.php(179) : eval()'d code(35): P\Tests\Feature\DashboardTest->__runTest()
#109 /home/runner/work/gestaodecustos/gestaodecustos/vendor/phpunit/phpunit/src/Framework/TestCase.php(1318): P\Tests\Feature\DashboardTest->__pest_evaluable_authenticated_users_can_visit_the_dashboard()
#110 /home/runner/work/gestaodecustos/gestaodecustos/vendor/phpunit/phpunit/src/Framework/TestCase.php(1355): PHPUnit\Framework\TestCase->invokeTestMethod()
#111 /home/runner/work/gestaodecustos/gestaodecustos/vendor/phpunit/phpunit/src/Framework/TestCase.php(521): PHPUnit\Framework\TestCase->runTest()
#112 /home/runner/work/gestaodecustos/gestaodecustos/vendor/phpunit/phpunit/src/Framework/TestRunner/TestRunner.php(99): PHPUnit\Framework\TestCase->runBare()
#113 /home/runner/work/gestaodecustos/gestaodecustos/vendor/phpunit/phpunit/src/Framework/TestCase.php(361): PHPUnit\Framework\TestRunner->run()
#114 /home/runner/work/gestaodecustos/gestaodecustos/vendor/phpunit/phpunit/src/Framework/TestSuite.php(374): PHPUnit\Framework\TestCase->run()
#115 /home/runner/work/gestaodecustos/gestaodecustos/vendor/phpunit/phpunit/src/Framework/TestSuite.php(374): PHPUnit\Framework\TestSuite->run()
#116 /home/runner/work/gestaodecustos/gestaodecustos/vendor/phpunit/phpunit/src/Framework/TestSuite.php(374): PHPUnit\Framework\TestSuite->run()
#117 /home/runner/work/gestaodecustos/gestaodecustos/vendor/phpunit/phpunit/src/TextUI/TestRunner.php(64): PHPUnit\Framework\TestSuite->run()
#118 /home/runner/work/gestaodecustos/gestaodecustos/vendor/phpunit/phpunit/src/TextUI/Application.php(229): PHPUnit\TextUI\TestRunner->run()
#119 /home/runner/work/gestaodecustos/gestaodecustos/vendor/pestphp/pest/src/Kernel.php(103): PHPUnit\TextUI\Application->run()
#120 /home/runner/work/gestaodecustos/gestaodecustos/vendor/pestphp/pest/bin/pest(196): Pest\Kernel->handle()
#121 /home/runner/work/gestaodecustos/gestaodecustos/vendor/pestphp/pest/bin/pest(204): {closure}()
#122 /home/runner/work/gestaodecustos/gestaodecustos/vendor/bin/pest(119): include('...')
#123 {main}

Next Illuminate\View\ViewException: Unable to locate file in Vite manifest: resources/js/modal-controls.js. (View: /home/runner/work/gestaodecustos/gestaodecustos/resources/views/partials/head.blade.php) (View: /home/runner/work/gestaodecustos/gestaodecustos/resources/views/partials/head.blade.php) in /home/runner/work/gestaodecustos/gestaodecustos/vendor/laravel/framework/src/Illuminate/Foundation/Vite.php:1042
Stack trace:
#0 /home/runner/work/gestaodecustos/gestaodecustos/vendor/livewire/livewire/src/Mechanisms/ExtendBlade/ExtendedCompilerEngine.php(58): Illuminate\View\Engines\CompilerEngine->handleViewException()
#1 /home/runner/work/gestaodecustos/gestaodecustos/vendor/laravel/framework/src/Illuminate/View/Engines/PhpEngine.php(59): Livewire\Mechanisms\ExtendBlade\ExtendedCompilerEngine->handleViewException()
#2 /home/runner/work/gestaodecustos/gestaodecustos/vendor/livewire/livewire/src/Mechanisms/ExtendBlade/ExtendedCompilerEngine.php(22): Illuminate\View\Engines\PhpEngine->evaluatePath()
#3 /home/runner/work/gestaodecustos/gestaodecustos/vendor/laravel/framework/src/Illuminate/View/Engines/CompilerEngine.php(76): Livewire\Mechanisms\ExtendBlade\ExtendedCompilerEngine->evaluatePath()
#4 /home/runner/work/gestaodecustos/gestaodecustos/vendor/livewire/livewire/src/Mechanisms/ExtendBlade/ExtendedCompilerEngine.php(10): Illuminate\View\Engines\CompilerEngine->get()
#5 /home/runner/work/gestaodecustos/gestaodecustos/vendor/laravel/framework/src/Illuminate/View/View.php(208): Livewire\Mechanisms\ExtendBlade\ExtendedCompilerEngine->get()
#6 /home/runner/work/gestaodecustos/gestaodecustos/vendor/laravel/framework/src/Illuminate/View/View.php(191): Illuminate\View\View->getContents()
#7 /home/runner/work/gestaodecustos/gestaodecustos/vendor/laravel/framework/src/Illuminate/View/View.php(160): Illuminate\View\View->renderContents()
#8 /home/runner/work/gestaodecustos/gestaodecustos/vendor/laravel/framework/src/Illuminate/View/Concerns/ManagesComponents.php(103): Illuminate\View\View->render()
#9 /home/runner/work/gestaodecustos/gestaodecustos/storage/framework/views/801a63c08bf77827db6b9098dadda79d.php(17): Illuminate\View\Factory->renderComponent()
#10 /home/runner/work/gestaodecustos/gestaodecustos/vendor/laravel/framework/src/Illuminate/Filesystem/Filesystem.php(123): require('...')
#11 /home/runner/work/gestaodecustos/gestaodecustos/vendor/laravel/framework/src/Illuminate/Filesystem/Filesystem.php(124): Illuminate\Filesystem\Filesystem::Illuminate\Filesystem\{closure}()
#12 /home/runner/work/gestaodecustos/gestaodecustos/vendor/laravel/framework/src/Illuminate/View/Engines/PhpEngine.php(57): Illuminate\Filesystem\Filesystem->getRequire()
#13 /home/runner/work/gestaodecustos/gestaodecustos/vendor/livewire/livewire/src/Mechanisms/ExtendBlade/ExtendedCompilerEngine.php(22): Illuminate\View\Engines\PhpEngine->evaluatePath()
#14 /home/runner/work/gestaodecustos/gestaodecustos/vendor/laravel/framework/src/Illuminate/View/Engines/CompilerEngine.php(76): Livewire\Mechanisms\ExtendBlade\ExtendedCompilerEngine->evaluatePath()
#15 /home/runner/work/gestaodecustos/gestaodecustos/vendor/livewire/livewire/src/Mechanisms/ExtendBlade/ExtendedCompilerEngine.php(10): Illuminate\View\Engines\CompilerEngine->get()
#16 /home/runner/work/gestaodecustos/gestaodecustos/vendor/laravel/framework/src/Illuminate/View/View.php(208): Livewire\Mechanisms\ExtendBlade\ExtendedCompilerEngine->get()
#17 /home/runner/work/gestaodecustos/gestaodecustos/vendor/laravel/framework/src/Illuminate/View/View.php(191): Illuminate\View\View->getContents()
#18 /home/runner/work/gestaodecustos/gestaodecustos/vendor/laravel/framework/src/Illuminate/View/View.php(160): Illuminate\View\View->renderContents()
#19 /home/runner/work/gestaodecustos/gestaodecustos/vendor/laravel/framework/src/Illuminate/View/Compilers/BladeCompiler.php(361): Illuminate\View\View->render()
#20 /home/runner/work/gestaodecustos/gestaodecustos/vendor/laravel/framework/src/Illuminate/Support/Facades/Facade.php(364): Illuminate\View\Compilers\BladeCompiler::render()
#21 /home/runner/work/gestaodecustos/gestaodecustos/vendor/livewire/livewire/src/Features/SupportPageComponents/SupportPageComponents.php(162): Illuminate\Support\Facades\Facade::__callStatic()
#22 /home/runner/work/gestaodecustos/gestaodecustos/vendor/livewire/livewire/src/Features/SupportPageComponents/HandlesPageComponents.php(26): Livewire\Features\SupportPageComponents\SupportPageComponents::renderContentsIntoLayout()
#23 /home/runner/work/gestaodecustos/gestaodecustos/vendor/laravel/framework/src/Illuminate/Routing/ControllerDispatcher.php(46): Livewire\Component->__invoke()
#24 /home/runner/work/gestaodecustos/gestaodecustos/vendor/laravel/framework/src/Illuminate/Routing/Route.php(276): Illuminate\Routing\ControllerDispatcher->dispatch()
#25 /home/runner/work/gestaodecustos/gestaodecustos/vendor/laravel/framework/src/Illuminate/Routing/Route.php(216): Illuminate\Routing\Route->runController()
#26 /home/runner/work/gestaodecustos/gestaodecustos/vendor/laravel/framework/src/Illuminate/Routing/Router.php(822): Illuminate\Routing\Route->run()
#27 /home/runner/work/gestaodecustos/gestaodecustos/vendor/laravel/framework/src/Illuminate/Pipeline/Pipeline.php(180): Illuminate\Routing\Router->Illuminate\Routing\{closure}()
#28 /home/runner/work/gestaodecustos/gestaodecustos/vendor/laravel/framework/src/Illuminate/Auth/Middleware/EnsureEmailIsVerified.php(41): Illuminate\Pipeline\Pipeline->Illuminate\Pipeline\{closure}()
#29 /home/runner/work/gestaodecustos/gestaodecustos/vendor/laravel/framework/src/Illuminate/Pipeline/Pipeline.php(219): Illuminate\Auth\Middleware\EnsureEmailIsVerified->handle()
#30 /home/runner/work/gestaodecustos/gestaodecustos/app/Http/Middleware/ThrottleVerificationCode.php(27): Illuminate\Pipeline\Pipeline->Illuminate\Pipeline\{closure}()
#31 /home/runner/work/gestaodecustos/gestaodecustos/vendor/laravel/framework/src/Illuminate/Pipeline/Pipeline.php(219): App\Http\Middleware\ThrottleVerificationCode->handle()
#32 /home/runner/work/gestaodecustos/gestaodecustos/app/Http/Middleware/EnsureBusinessWorkspaceAccess.php(71): Illuminate\Pipeline\Pipeline->Illuminate\Pipeline\{closure}()
#33 /home/runner/work/gestaodecustos/gestaodecustos/vendor/laravel/framework/src/Illuminate/Pipeline/Pipeline.php(219): App\Http\Middleware\EnsureBusinessWorkspaceAccess->handle()
#34 /home/runner/work/gestaodecustos/gestaodecustos/app/Http/Middleware/EnsureImpersonationIsValid.php(20): Illuminate\Pipeline\Pipeline->Illuminate\Pipeline\{closure}()
#35 /home/runner/work/gestaodecustos/gestaodecustos/vendor/laravel/framework/src/Illuminate/Pipeline/Pipeline.php(219): App\Http\Middleware\EnsureImpersonationIsValid->handle()
#36 /home/runner/work/gestaodecustos/gestaodecustos/app/Http/Middleware/UpdateUserActivity.php(27): Illuminate\Pipeline\Pipeline->Illuminate\Pipeline\{closure}()
#37 /home/runner/work/gestaodecustos/gestaodecustos/vendor/laravel/framework/src/Illuminate/Pipeline/Pipeline.php(219): App\Http\Middleware\UpdateUserActivity->handle()
#38 /home/runner/work/gestaodecustos/gestaodecustos/app/Http/Middleware/CheckRegistrationStatus.php(25): Illuminate\Pipeline\Pipeline->Illuminate\Pipeline\{closure}()
#39 /home/runner/work/gestaodecustos/gestaodecustos/vendor/laravel/framework/src/Illuminate/Pipeline/Pipeline.php(219): App\Http\Middleware\CheckRegistrationStatus->handle()
#40 /home/runner/work/gestaodecustos/gestaodecustos/app/Http/Middleware/CheckMaintenanceMode.php(41): Illuminate\Pipeline\Pipeline->Illuminate\Pipeline\{closure}()
#41 /home/runner/work/gestaodecustos/gestaodecustos/vendor/laravel/framework/src/Illuminate/Pipeline/Pipeline.php(219): App\Http\Middleware\CheckMaintenanceMode->handle()
#42 /home/runner/work/gestaodecustos/gestaodecustos/app/Http/Middleware/SetLocale.php(30): Illuminate\Pipeline\Pipeline->Illuminate\Pipeline\{closure}()
#43 /home/runner/work/gestaodecustos/gestaodecustos/vendor/laravel/framework/src/Illuminate/Pipeline/Pipeline.php(219): App\Http\Middleware\SetLocale->handle()
#44 /home/runner/work/gestaodecustos/gestaodecustos/vendor/laravel/framework/src/Illuminate/Routing/Middleware/SubstituteBindings.php(52): Illuminate\Pipeline\Pipeline->Illuminate\Pipeline\{closure}()
#45 /home/runner/work/gestaodecustos/gestaodecustos/vendor/laravel/framework/src/Illuminate/Pipeline/Pipeline.php(219): Illuminate\Routing\Middleware\SubstituteBindings->handle()
#46 /home/runner/work/gestaodecustos/gestaodecustos/vendor/laravel/framework/src/Illuminate/Auth/Middleware/Authenticate.php(63): Illuminate\Pipeline\Pipeline->Illuminate\Pipeline\{closure}()
#47 /home/runner/work/gestaodecustos/gestaodecustos/vendor/laravel/framework/src/Illuminate/Pipeline/Pipeline.php(219): Illuminate\Auth\Middleware\Authenticate->handle()
#48 /home/runner/work/gestaodecustos/gestaodecustos/vendor/laravel/framework/src/Illuminate/Foundation/Http/Middleware/PreventRequestForgery.php(104): Illuminate\Pipeline\Pipeline->Illuminate\Pipeline\{closure}()
#49 /home/runner/work/gestaodecustos/gestaodecustos/vendor/laravel/framework/src/Illuminate/Pipeline/Pipeline.php(219): Illuminate\Foundation\Http\Middleware\PreventRequestForgery->handle()
#50 /home/runner/work/gestaodecustos/gestaodecustos/vendor/laravel/framework/src/Illuminate/View/Middleware/ShareErrorsFromSession.php(48): Illuminate\Pipeline\Pipeline->Illuminate\Pipeline\{closure}()
#51 /home/runner/work/gestaodecustos/gestaodecustos/vendor/laravel/framework/src/Illuminate/Pipeline/Pipeline.php(219): Illuminate\View\Middleware\ShareErrorsFromSession->handle()
#52 /home/runner/work/gestaodecustos/gestaodecustos/vendor/laravel/framework/src/Illuminate/Session/Middleware/StartSession.php(120): Illuminate\Pipeline\Pipeline->Illuminate\Pipeline\{closure}()
#53 /home/runner/work/gestaodecustos/gestaodecustos/vendor/laravel/framework/src/Illuminate/Session/Middleware/StartSession.php(63): Illuminate\Session\Middleware\StartSession->handleStatefulRequest()
#54 /home/runner/work/gestaodecustos/gestaodecustos/vendor/laravel/framework/src/Illuminate/Pipeline/Pipeline.php(219): Illuminate\Session\Middleware\StartSession->handle()
#55 /home/runner/work/gestaodecustos/gestaodecustos/vendor/laravel/framework/src/Illuminate/Cookie/Middleware/AddQueuedCookiesToResponse.php(36): Illuminate\Pipeline\Pipeline->Illuminate\Pipeline\{closure}()
#56 /home/runner/work/gestaodecustos/gestaodecustos/vendor/laravel/framework/src/Illuminate/Pipeline/Pipeline.php(219): Illuminate\Cookie\Middleware\AddQueuedCookiesToResponse->handle()
#57 /home/runner/work/gestaodecustos/gestaodecustos/vendor/laravel/framework/src/Illuminate/Cookie/Middleware/EncryptCookies.php(74): Illuminate\Pipeline\Pipeline->Illuminate\Pipeline\{closure}()
#58 /home/runner/work/gestaodecustos/gestaodecustos/vendor/laravel/framework/src/Illuminate/Pipeline/Pipeline.php(219): Illuminate\Cookie\Middleware\EncryptCookies->handle()
#59 /home/runner/work/gestaodecustos/gestaodecustos/vendor/laravel/framework/src/Illuminate/Pipeline/Pipeline.php(137): Illuminate\Pipeline\Pipeline->Illuminate\Pipeline\{closure}()
#60 /home/runner/work/gestaodecustos/gestaodecustos/vendor/laravel/framework/src/Illuminate/Routing/Router.php(821): Illuminate\Pipeline\Pipeline->then()
#61 /home/runner/work/gestaodecustos/gestaodecustos/vendor/laravel/framework/src/Illuminate/Routing/Router.php(800): Illuminate\Routing\Router->runRouteWithinStack()
#62 /home/runner/work/gestaodecustos/gestaodecustos/vendor/laravel/framework/src/Illuminate/Routing/Router.php(764): Illuminate\Routing\Router->runRoute()
#63 /home/runner/work/gestaodecustos/gestaodecustos/vendor/laravel/framework/src/Illuminate/Routing/Router.php(753): Illuminate\Routing\Router->dispatchToRoute()
#64 /home/runner/work/gestaodecustos/gestaodecustos/vendor/laravel/framework/src/Illuminate/Foundation/Http/Kernel.php(200): Illuminate\Routing\Router->dispatch()
#65 /home/runner/work/gestaodecustos/gestaodecustos/vendor/laravel/framework/src/Illuminate/Pipeline/Pipeline.php(180): Illuminate\Foundation\Http\Kernel->Illuminate\Foundation\Http\{closure}()
#66 /home/runner/work/gestaodecustos/gestaodecustos/vendor/livewire/livewire/src/Features/SupportDisablingBackButtonCache/DisableBackButtonCacheMiddleware.php(19): Illuminate\Pipeline\Pipeline->Illuminate\Pipeline\{closure}()
#67 /home/runner/work/gestaodecustos/gestaodecustos/vendor/laravel/framework/src/Illuminate/Pipeline/Pipeline.php(219): Livewire\Features\SupportDisablingBackButtonCache\DisableBackButtonCacheMiddleware->handle()
#68 /home/runner/work/gestaodecustos/gestaodecustos/vendor/laravel/framework/src/Illuminate/Foundation/Http/Middleware/TransformsRequest.php(21): Illuminate\Pipeline\Pipeline->Illuminate\Pipeline\{closure}()
#69 /home/runner/work/gestaodecustos/gestaodecustos/vendor/laravel/framework/src/Illuminate/Foundation/Http/Middleware/ConvertEmptyStringsToNull.php(31): Illuminate\Foundation\Http\Middleware\TransformsRequest->handle()
#70 /home/runner/work/gestaodecustos/gestaodecustos/vendor/laravel/framework/src/Illuminate/Pipeline/Pipeline.php(219): Illuminate\Foundation\Http\Middleware\ConvertEmptyStringsToNull->handle()
#71 /home/runner/work/gestaodecustos/gestaodecustos/vendor/laravel/framework/src/Illuminate/Foundation/Http/Middleware/TransformsRequest.php(21): Illuminate\Pipeline\Pipeline->Illuminate\Pipeline\{closure}()
#72 /home/runner/work/gestaodecustos/gestaodecustos/vendor/laravel/framework/src/Illuminate/Foundation/Http/Middleware/TrimStrings.php(51): Illuminate\Foundation\Http\Middleware\TransformsRequest->handle()
#73 /home/runner/work/gestaodecustos/gestaodecustos/vendor/laravel/framework/src/Illuminate/Pipeline/Pipeline.php(219): Illuminate\Foundation\Http\Middleware\TrimStrings->handle()
#74 /home/runner/work/gestaodecustos/gestaodecustos/vendor/laravel/framework/src/Illuminate/Http/Middleware/ValidatePostSize.php(27): Illuminate\Pipeline\Pipeline->Illuminate\Pipeline\{closure}()
#75 /home/runner/work/gestaodecustos/gestaodecustos/vendor/laravel/framework/src/Illuminate/Pipeline/Pipeline.php(219): Illuminate\Http\Middleware\ValidatePostSize->handle()
#76 /home/runner/work/gestaodecustos/gestaodecustos/vendor/laravel/framework/src/Illuminate/Foundation/Http/Middleware/PreventRequestsDuringMaintenance.php(110): Illuminate\Pipeline\Pipeline->Illuminate\Pipeline\{closure}()
#77 /home/runner/work/gestaodecustos/gestaodecustos/vendor/laravel/framework/src/Illuminate/Pipeline/Pipeline.php(219): Illuminate\Foundation\Http\Middleware\PreventRequestsDuringMaintenance->handle()
#78 /home/runner/work/gestaodecustos/gestaodecustos/vendor/laravel/framework/src/Illuminate/Http/Middleware/HandleCors.php(61): Illuminate\Pipeline\Pipeline->Illuminate\Pipeline\{closure}()
#79 /home/runner/work/gestaodecustos/gestaodecustos/vendor/laravel/framework/src/Illuminate/Pipeline/Pipeline.php(219): Illuminate\Http\Middleware\HandleCors->handle()
#80 /home/runner/work/gestaodecustos/gestaodecustos/vendor/laravel/framework/src/Illuminate/Http/Middleware/TrustProxies.php(58): Illuminate\Pipeline\Pipeline->Illuminate\Pipeline\{closure}()
#81 /home/runner/work/gestaodecustos/gestaodecustos/vendor/laravel/framework/src/Illuminate/Pipeline/Pipeline.php(219): Illuminate\Http\Middleware\TrustProxies->handle()
#82 /home/runner/work/gestaodecustos/gestaodecustos/vendor/laravel/framework/src/Illuminate/Foundation/Http/Middleware/InvokeDeferredCallbacks.php(22): Illuminate\Pipeline\Pipeline->Illuminate\Pipeline\{closure}()
#83 /home/runner/work/gestaodecustos/gestaodecustos/vendor/laravel/framework/src/Illuminate/Pipeline/Pipeline.php(219): Illuminate\Foundation\Http\Middleware\InvokeDeferredCallbacks->handle()
#84 /home/runner/work/gestaodecustos/gestaodecustos/vendor/laravel/framework/src/Illuminate/Http/Middleware/ValidatePathEncoding.php(28): Illuminate\Pipeline\Pipeline->Illuminate\Pipeline\{closure}()
#85 /home/runner/work/gestaodecustos/gestaodecustos/vendor/laravel/framework/src/Illuminate/Pipeline/Pipeline.php(219): Illuminate\Http\Middleware\ValidatePathEncoding->handle()
#86 /home/runner/work/gestaodecustos/gestaodecustos/vendor/laravel/framework/src/Illuminate/Pipeline/Pipeline.php(137): Illuminate\Pipeline\Pipeline->Illuminate\Pipeline\{closure}()
#87 /home/runner/work/gestaodecustos/gestaodecustos/vendor/laravel/framework/src/Illuminate/Foundation/Http/Kernel.php(175): Illuminate\Pipeline\Pipeline->then()
#88 /home/runner/work/gestaodecustos/gestaodecustos/vendor/laravel/framework/src/Illuminate/Foundation/Http/Kernel.php(144): Illuminate\Foundation\Http\Kernel->sendRequestThroughRouter()
#89 /home/runner/work/gestaodecustos/gestaodecustos/vendor/laravel/framework/src/Illuminate/Foundation/Testing/Concerns/MakesHttpRequests.php(638): Illuminate\Foundation\Http\Kernel->handle()
#90 /home/runner/work/gestaodecustos/gestaodecustos/vendor/laravel/framework/src/Illuminate/Foundation/Testing/Concerns/MakesHttpRequests.php(368): Illuminate\Foundation\Testing\TestCase->call()
#91 /home/runner/work/gestaodecustos/gestaodecustos/tests/Feature/DashboardTest.php(14): Illuminate\Foundation\Testing\TestCase->get()
#92 /home/runner/work/gestaodecustos/gestaodecustos/vendor/pestphp/pest/src/Factories/TestCaseMethodFactory.php(177): P\Tests\Feature\DashboardTest->{closure}()
#93 [internal function]: P\Tests\Feature\DashboardTest->Pest\Factories\{closure}()
#94 /home/runner/work/gestaodecustos/gestaodecustos/vendor/pestphp/pest/src/Concerns/Testable.php(514): call_user_func_array()
#95 /home/runner/work/gestaodecustos/gestaodecustos/vendor/pestphp/pest/src/Support/ExceptionTrace.php(26): P\Tests\Feature\DashboardTest->Pest\Concerns\{closure}()
#96 /home/runner/work/gestaodecustos/gestaodecustos/vendor/pestphp/pest/src/Concerns/Testable.php(514): Pest\Support\ExceptionTrace::ensure()
#97 /home/runner/work/gestaodecustos/gestaodecustos/vendor/pestphp/pest/src/Concerns/Testable.php(336): P\Tests\Feature\DashboardTest->__callClosure()
#98 /home/runner/work/gestaodecustos/gestaodecustos/vendor/pestphp/pest/src/Factories/TestCaseFactory.php(179) : eval()'d code(35): P\Tests\Feature\DashboardTest->__runTest()
#99 /home/runner/work/gestaodecustos/gestaodecustos/vendor/phpunit/phpunit/src/Framework/TestCase.php(1318): P\Tests\Feature\DashboardTest->__pest_evaluable_authenticated_users_can_visit_the_dashboard()
#100 /home/runner/work/gestaodecustos/gestaodecustos/vendor/phpunit/phpunit/src/Framework/TestCase.php(1355): PHPUnit\Framework\TestCase->invokeTestMethod()
#101 /home/runner/work/gestaodecustos/gestaodecustos/vendor/phpunit/phpunit/src/Framework/TestCase.php(521): PHPUnit\Framework\TestCase->runTest()
#102 /home/runner/work/gestaodecustos/gestaodecustos/vendor/phpunit/phpunit/src/Framework/TestRunner/TestRunner.php(99): PHPUnit\Framework\TestCase->runBare()
#103 /home/runner/work/gestaodecustos/gestaodecustos/vendor/phpunit/phpunit/src/Framework/TestCase.php(361): PHPUnit\Framework\TestRunner->run()
#104 /home/runner/work/gestaodecustos/gestaodecustos/vendor/phpunit/phpunit/src/Framework/TestSuite.php(374): PHPUnit\Framework\TestCase->run()
#105 /home/runner/work/gestaodecustos/gestaodecustos/vendor/phpunit/phpunit/src/Framework/TestSuite.php(374): PHPUnit\Framework\TestSuite->run()
#106 /home/runner/work/gestaodecustos/gestaodecustos/vendor/phpunit/phpunit/src/Framework/TestSuite.php(374): PHPUnit\Framework\TestSuite->run()
#107 /home/runner/work/gestaodecustos/gestaodecustos/vendor/phpunit/phpunit/src/TextUI/TestRunner.php(64): PHPUnit\Framework\TestSuite->run()
#108 /home/runner/work/gestaodecustos/gestaodecustos/vendor/phpunit/phpunit/src/TextUI/Application.php(229): PHPUnit\TextUI\TestRunner->run()
#109 /home/runner/work/gestaodecustos/gestaodecustos/vendor/pestphp/pest/src/Kernel.php(103): PHPUnit\TextUI\Application->run()
#110 /home/runner/work/gestaodecustos/gestaodecustos/vendor/pestphp/pest/bin/pest(196): Pest\Kernel->handle()
#111 /home/runner/work/gestaodecustos/gestaodecustos/vendor/pestphp/pest/bin/pest(204): {closure}()
#112 /home/runner/work/gestaodecustos/gestaodecustos/vendor/bin/pest(119): include('...')
#113 {main}

Next Illuminate\View\ViewException: Unable to locate file in Vite manifest: resources/js/modal-controls.js. (View: /home/runner/work/gestaodecustos/gestaodecustos/resources/views/partials/head.blade.php) (View: /home/runner/work/gestaodecustos/gestaodecustos/resources/views/partials/head.blade.php) (View: /home/runner/work/gestaodecustos/gestaodecustos/resources/views/partials/head.blade.php) in /home/runner/work/gestaodecustos/gestaodecustos/vendor/laravel/framework/src/Illuminate/Foundation/Vite.php:1042
Stack trace:
#0 /home/runner/work/gestaodecustos/gestaodecustos/vendor/livewire/livewire/src/Mechanisms/ExtendBlade/ExtendedCompilerEngine.php(58): Illuminate\View\Engines\CompilerEngine->handleViewException()
#1 /home/runner/work/gestaodecustos/gestaodecustos/vendor/laravel/framework/src/Illuminate/View/Engines/PhpEngine.php(59): Livewire\Mechanisms\ExtendBlade\ExtendedCompilerEngine->handleViewException()
#2 /home/runner/work/gestaodecustos/gestaodecustos/vendor/livewire/livewire/src/Mechanisms/ExtendBlade/ExtendedCompilerEngine.php(22): Illuminate\View\Engines\PhpEngine->evaluatePath()
#3 /home/runner/work/gestaodecustos/gestaodecustos/vendor/laravel/framework/src/Illuminate/View/Engines/CompilerEngine.php(76): Livewire\Mechanisms\ExtendBlade\ExtendedCompilerEngine->evaluatePath()
#4 /home/runner/work/gestaodecustos/gestaodecustos/vendor/livewire/livewire/src/Mechanisms/ExtendBlade/ExtendedCompilerEngine.php(10): Illuminate\View\Engines\CompilerEngine->get()
#5 /home/runner/work/gestaodecustos/gestaodecustos/vendor/laravel/framework/src/Illuminate/View/View.php(208): Livewire\Mechanisms\ExtendBlade\ExtendedCompilerEngine->get()
#6 /home/runner/work/gestaodecustos/gestaodecustos/vendor/laravel/framework/src/Illuminate/View/View.php(191): Illuminate\View\View->getContents()
#7 /home/runner/work/gestaodecustos/gestaodecustos/vendor/laravel/framework/src/Illuminate/View/View.php(160): Illuminate\View\View->renderContents()
#8 /home/runner/work/gestaodecustos/gestaodecustos/vendor/laravel/framework/src/Illuminate/View/Compilers/BladeCompiler.php(361): Illuminate\View\View->render()
#9 /home/runner/work/gestaodecustos/gestaodecustos/vendor/laravel/framework/src/Illuminate/Support/Facades/Facade.php(364): Illuminate\View\Compilers\BladeCompiler::render()
#10 /home/runner/work/gestaodecustos/gestaodecustos/vendor/livewire/livewire/src/Features/SupportPageComponents/SupportPageComponents.php(162): Illuminate\Support\Facades\Facade::__callStatic()
#11 /home/runner/work/gestaodecustos/gestaodecustos/vendor/livewire/livewire/src/Features/SupportPageComponents/HandlesPageComponents.php(26): Livewire\Features\SupportPageComponents\SupportPageComponents::renderContentsIntoLayout()
#12 /home/runner/work/gestaodecustos/gestaodecustos/vendor/laravel/framework/src/Illuminate/Routing/ControllerDispatcher.php(46): Livewire\Component->__invoke()
#13 /home/runner/work/gestaodecustos/gestaodecustos/vendor/laravel/framework/src/Illuminate/Routing/Route.php(276): Illuminate\Routing\ControllerDispatcher->dispatch()
#14 /home/runner/work/gestaodecustos/gestaodecustos/vendor/laravel/framework/src/Illuminate/Routing/Route.php(216): Illuminate\Routing\Route->runController()
#15 /home/runner/work/gestaodecustos/gestaodecustos/vendor/laravel/framework/src/Illuminate/Routing/Router.php(822): Illuminate\Routing\Route->run()
#16 /home/runner/work/gestaodecustos/gestaodecustos/vendor/laravel/framework/src/Illuminate/Pipeline/Pipeline.php(180): Illuminate\Routing\Router->Illuminate\Routing\{closure}()
#17 /home/runner/work/gestaodecustos/gestaodecustos/vendor/laravel/framework/src/Illuminate/Auth/Middleware/EnsureEmailIsVerified.php(41): Illuminate\Pipeline\Pipeline->Illuminate\Pipeline\{closure}()
#18 /home/runner/work/gestaodecustos/gestaodecustos/vendor/laravel/framework/src/Illuminate/Pipeline/Pipeline.php(219): Illuminate\Auth\Middleware\EnsureEmailIsVerified->handle()
#19 /home/runner/work/gestaodecustos/gestaodecustos/app/Http/Middleware/ThrottleVerificationCode.php(27): Illuminate\Pipeline\Pipeline->Illuminate\Pipeline\{closure}()
#20 /home/runner/work/gestaodecustos/gestaodecustos/vendor/laravel/framework/src/Illuminate/Pipeline/Pipeline.php(219): App\Http\Middleware\ThrottleVerificationCode->handle()
#21 /home/runner/work/gestaodecustos/gestaodecustos/app/Http/Middleware/EnsureBusinessWorkspaceAccess.php(71): Illuminate\Pipeline\Pipeline->Illuminate\Pipeline\{closure}()
#22 /home/runner/work/gestaodecustos/gestaodecustos/vendor/laravel/framework/src/Illuminate/Pipeline/Pipeline.php(219): App\Http\Middleware\EnsureBusinessWorkspaceAccess->handle()
#23 /home/runner/work/gestaodecustos/gestaodecustos/app/Http/Middleware/EnsureImpersonationIsValid.php(20): Illuminate\Pipeline\Pipeline->Illuminate\Pipeline\{closure}()
#24 /home/runner/work/gestaodecustos/gestaodecustos/vendor/laravel/framework/src/Illuminate/Pipeline/Pipeline.php(219): App\Http\Middleware\EnsureImpersonationIsValid->handle()
#25 /home/runner/work/gestaodecustos/gestaodecustos/app/Http/Middleware/UpdateUserActivity.php(27): Illuminate\Pipeline\Pipeline->Illuminate\Pipeline\{closure}()
#26 /home/runner/work/gestaodecustos/gestaodecustos/vendor/laravel/framework/src/Illuminate/Pipeline/Pipeline.php(219): App\Http\Middleware\UpdateUserActivity->handle()
#27 /home/runner/work/gestaodecustos/gestaodecustos/app/Http/Middleware/CheckRegistrationStatus.php(25): Illuminate\Pipeline\Pipeline->Illuminate\Pipeline\{closure}()
#28 /home/runner/work/gestaodecustos/gestaodecustos/vendor/laravel/framework/src/Illuminate/Pipeline/Pipeline.php(219): App\Http\Middleware\CheckRegistrationStatus->handle()
#29 /home/runner/work/gestaodecustos/gestaodecustos/app/Http/Middleware/CheckMaintenanceMode.php(41): Illuminate\Pipeline\Pipeline->Illuminate\Pipeline\{closure}()
#30 /home/runner/work/gestaodecustos/gestaodecustos/vendor/laravel/framework/src/Illuminate/Pipeline/Pipeline.php(219): App\Http\Middleware\CheckMaintenanceMode->handle()
#31 /home/runner/work/gestaodecustos/gestaodecustos/app/Http/Middleware/SetLocale.php(30): Illuminate\Pipeline\Pipeline->Illuminate\Pipeline\{closure}()
#32 /home/runner/work/gestaodecustos/gestaodecustos/vendor/laravel/framework/src/Illuminate/Pipeline/Pipeline.php(219): App\Http\Middleware\SetLocale->handle()
#33 /home/runner/work/gestaodecustos/gestaodecustos/vendor/laravel/framework/src/Illuminate/Routing/Middleware/SubstituteBindings.php(52): Illuminate\Pipeline\Pipeline->Illuminate\Pipeline\{closure}()
#34 /home/runner/work/gestaodecustos/gestaodecustos/vendor/laravel/framework/src/Illuminate/Pipeline/Pipeline.php(219): Illuminate\Routing\Middleware\SubstituteBindings->handle()
#35 /home/runner/work/gestaodecustos/gestaodecustos/vendor/laravel/framework/src/Illuminate/Auth/Middleware/Authenticate.php(63): Illuminate\Pipeline\Pipeline->Illuminate\Pipeline\{closure}()
#36 /home/runner/work/gestaodecustos/gestaodecustos/vendor/laravel/framework/src/Illuminate/Pipeline/Pipeline.php(219): Illuminate\Auth\Middleware\Authenticate->handle()
#37 /home/runner/work/gestaodecustos/gestaodecustos/vendor/laravel/framework/src/Illuminate/Foundation/Http/Middleware/PreventRequestForgery.php(104): Illuminate\Pipeline\Pipeline->Illuminate\Pipeline\{closure}()
#38 /home/runner/work/gestaodecustos/gestaodecustos/vendor/laravel/framework/src/Illuminate/Pipeline/Pipeline.php(219): Illuminate\Foundation\Http\Middleware\PreventRequestForgery->handle()
#39 /home/runner/work/gestaodecustos/gestaodecustos/vendor/laravel/framework/src/Illuminate/View/Middleware/ShareErrorsFromSession.php(48): Illuminate\Pipeline\Pipeline->Illuminate\Pipeline\{closure}()
#40 /home/runner/work/gestaodecustos/gestaodecustos/vendor/laravel/framework/src/Illuminate/Pipeline/Pipeline.php(219): Illuminate\View\Middleware\ShareErrorsFromSession->handle()
#41 /home/runner/work/gestaodecustos/gestaodecustos/vendor/laravel/framework/src/Illuminate/Session/Middleware/StartSession.php(120): Illuminate\Pipeline\Pipeline->Illuminate\Pipeline\{closure}()
#42 /home/runner/work/gestaodecustos/gestaodecustos/vendor/laravel/framework/src/Illuminate/Session/Middleware/StartSession.php(63): Illuminate\Session\Middleware\StartSession->handleStatefulRequest()
#43 /home/runner/work/gestaodecustos/gestaodecustos/vendor/laravel/framework/src/Illuminate/Pipeline/Pipeline.php(219): Illuminate\Session\Middleware\StartSession->handle()
#44 /home/runner/work/gestaodecustos/gestaodecustos/vendor/laravel/framework/src/Illuminate/Cookie/Middleware/AddQueuedCookiesToResponse.php(36): Illuminate\Pipeline\Pipeline->Illuminate\Pipeline\{closure}()
#45 /home/runner/work/gestaodecustos/gestaodecustos/vendor/laravel/framework/src/Illuminate/Pipeline/Pipeline.php(219): Illuminate\Cookie\Middleware\AddQueuedCookiesToResponse->handle()
#46 /home/runner/work/gestaodecustos/gestaodecustos/vendor/laravel/framework/src/Illuminate/Cookie/Middleware/EncryptCookies.php(74): Illuminate\Pipeline\Pipeline->Illuminate\Pipeline\{closure}()
#47 /home/runner/work/gestaodecustos/gestaodecustos/vendor/laravel/framework/src/Illuminate/Pipeline/Pipeline.php(219): Illuminate\Cookie\Middleware\EncryptCookies->handle()
#48 /home/runner/work/gestaodecustos/gestaodecustos/vendor/laravel/framework/src/Illuminate/Pipeline/Pipeline.php(137): Illuminate\Pipeline\Pipeline->Illuminate\Pipeline\{closure}()
#49 /home/runner/work/gestaodecustos/gestaodecustos/vendor/laravel/framework/src/Illuminate/Routing/Router.php(821): Illuminate\Pipeline\Pipeline->then()
#50 /home/runner/work/gestaodecustos/gestaodecustos/vendor/laravel/framework/src/Illuminate/Routing/Router.php(800): Illuminate\Routing\Router->runRouteWithinStack()
#51 /home/runner/work/gestaodecustos/gestaodecustos/vendor/laravel/framework/src/Illuminate/Routing/Router.php(764): Illuminate\Routing\Router->runRoute()
#52 /home/runner/work/gestaodecustos/gestaodecustos/vendor/laravel/framework/src/Illuminate/Routing/Router.php(753): Illuminate\Routing\Router->dispatchToRoute()
#53 /home/runner/work/gestaodecustos/gestaodecustos/vendor/laravel/framework/src/Illuminate/Foundation/Http/Kernel.php(200): Illuminate\Routing\Router->dispatch()
#54 /home/runner/work/gestaodecustos/gestaodecustos/vendor/laravel/framework/src/Illuminate/Pipeline/Pipeline.php(180): Illuminate\Foundation\Http\Kernel->Illuminate\Foundation\Http\{closure}()
#55 /home/runner/work/gestaodecustos/gestaodecustos/vendor/livewire/livewire/src/Features/SupportDisablingBackButtonCache/DisableBackButtonCacheMiddleware.php(19): Illuminate\Pipeline\Pipeline->Illuminate\Pipeline\{closure}()
#56 /home/runner/work/gestaodecustos/gestaodecustos/vendor/laravel/framework/src/Illuminate/Pipeline/Pipeline.php(219): Livewire\Features\SupportDisablingBackButtonCache\DisableBackButtonCacheMiddleware->handle()
#57 /home/runner/work/gestaodecustos/gestaodecustos/vendor/laravel/framework/src/Illuminate/Foundation/Http/Middleware/TransformsRequest.php(21): Illuminate\Pipeline\Pipeline->Illuminate\Pipeline\{closure}()
#58 /home/runner/work/gestaodecustos/gestaodecustos/vendor/laravel/framework/src/Illuminate/Foundation/Http/Middleware/ConvertEmptyStringsToNull.php(31): Illuminate\Foundation\Http\Middleware\TransformsRequest->handle()
#59 /home/runner/work/gestaodecustos/gestaodecustos/vendor/laravel/framework/src/Illuminate/Pipeline/Pipeline.php(219): Illuminate\Foundation\Http\Middleware\ConvertEmptyStringsToNull->handle()
#60 /home/runner/work/gestaodecustos/gestaodecustos/vendor/laravel/framework/src/Illuminate/Foundation/Http/Middleware/TransformsRequest.php(21): Illuminate\Pipeline\Pipeline->Illuminate\Pipeline\{closure}()
#61 /home/runner/work/gestaodecustos/gestaodecustos/vendor/laravel/framework/src/Illuminate/Foundation/Http/Middleware/TrimStrings.php(51): Illuminate\Foundation\Http\Middleware\TransformsRequest->handle()
#62 /home/runner/work/gestaodecustos/gestaodecustos/vendor/laravel/framework/src/Illuminate/Pipeline/Pipeline.php(219): Illuminate\Foundation\Http\Middleware\TrimStrings->handle()
#63 /home/runner/work/gestaodecustos/gestaodecustos/vendor/laravel/framework/src/Illuminate/Http/Middleware/ValidatePostSize.php(27): Illuminate\Pipeline\Pipeline->Illuminate\Pipeline\{closure}()
#64 /home/runner/work/gestaodecustos/gestaodecustos/vendor/laravel/framework/src/Illuminate/Pipeline/Pipeline.php(219): Illuminate\Http\Middleware\ValidatePostSize->handle()
#65 /home/runner/work/gestaodecustos/gestaodecustos/vendor/laravel/framework/src/Illuminate/Foundation/Http/Middleware/PreventRequestsDuringMaintenance.php(110): Illuminate\Pipeline\Pipeline->Illuminate\Pipeline\{closure}()
#66 /home/runner/work/gestaodecustos/gestaodecustos/vendor/laravel/framework/src/Illuminate/Pipeline/Pipeline.php(219): Illuminate\Foundation\Http\Middleware\PreventRequestsDuringMaintenance->handle()
#67 /home/runner/work/gestaodecustos/gestaodecustos/vendor/laravel/framework/src/Illuminate/Http/Middleware/HandleCors.php(61): Illuminate\Pipeline\Pipeline->Illuminate\Pipeline\{closure}()
#68 /home/runner/work/gestaodecustos/gestaodecustos/vendor/laravel/framework/src/Illuminate/Pipeline/Pipeline.php(219): Illuminate\Http\Middleware\HandleCors->handle()
#69 /home/runner/work/gestaodecustos/gestaodecustos/vendor/laravel/framework/src/Illuminate/Http/Middleware/TrustProxies.php(58): Illuminate\Pipeline\Pipeline->Illuminate\Pipeline\{closure}()
#70 /home/runner/work/gestaodecustos/gestaodecustos/vendor/laravel/framework/src/Illuminate/Pipeline/Pipeline.php(219): Illuminate\Http\Middleware\TrustProxies->handle()
#71 /home/runner/work/gestaodecustos/gestaodecustos/vendor/laravel/framework/src/Illuminate/Foundation/Http/Middleware/InvokeDeferredCallbacks.php(22): Illuminate\Pipeline\Pipeline->Illuminate\Pipeline\{closure}()
#72 /home/runner/work/gestaodecustos/gestaodecustos/vendor/laravel/framework/src/Illuminate/Pipeline/Pipeline.php(219): Illuminate\Foundation\Http\Middleware\InvokeDeferredCallbacks->handle()
#73 /home/runner/work/gestaodecustos/gestaodecustos/vendor/laravel/framework/src/Illuminate/Http/Middleware/ValidatePathEncoding.php(28): Illuminate\Pipeline\Pipeline->Illuminate\Pipeline\{closure}()
#74 /home/runner/work/gestaodecustos/gestaodecustos/vendor/laravel/framework/src/Illuminate/Pipeline/Pipeline.php(219): Illuminate\Http\Middleware\ValidatePathEncoding->handle()
#75 /home/runner/work/gestaodecustos/gestaodecustos/vendor/laravel/framework/src/Illuminate/Pipeline/Pipeline.php(137): Illuminate\Pipeline\Pipeline->Illuminate\Pipeline\{closure}()
#76 /home/runner/work/gestaodecustos/gestaodecustos/vendor/laravel/framework/src/Illuminate/Foundation/Http/Kernel.php(175): Illuminate\Pipeline\Pipeline->then()
#77 /home/runner/work/gestaodecustos/gestaodecustos/vendor/laravel/framework/src/Illuminate/Foundation/Http/Kernel.php(144): Illuminate\Foundation\Http\Kernel->sendRequestThroughRouter()
#78 /home/runner/work/gestaodecustos/gestaodecustos/vendor/laravel/framework/src/Illuminate/Foundation/Testing/Concerns/MakesHttpRequests.php(638): Illuminate\Foundation\Http\Kernel->handle()
#79 /home/runner/work/gestaodecustos/gestaodecustos/vendor/laravel/framework/src/Illuminate/Foundation/Testing/Concerns/MakesHttpRequests.php(368): Illuminate\Foundation\Testing\TestCase->call()
#80 /home/runner/work/gestaodecustos/gestaodecustos/tests/Feature/DashboardTest.php(14): Illuminate\Foundation\Testing\TestCase->get()
#81 /home/runner/work/gestaodecustos/gestaodecustos/vendor/pestphp/pest/src/Factories/TestCaseMethodFactory.php(177): P\Tests\Feature\DashboardTest->{closure}()
#82 [internal function]: P\Tests\Feature\DashboardTest->Pest\Factories\{closure}()
#83 /home/runner/work/gestaodecustos/gestaodecustos/vendor/pestphp/pest/src/Concerns/Testable.php(514): call_user_func_array()
#84 /home/runner/work/gestaodecustos/gestaodecustos/vendor/pestphp/pest/src/Support/ExceptionTrace.php(26): P\Tests\Feature\DashboardTest->Pest\Concerns\{closure}()
#85 /home/runner/work/gestaodecustos/gestaodecustos/vendor/pestphp/pest/src/Concerns/Testable.php(514): Pest\Support\ExceptionTrace::ensure()
#86 /home/runner/work/gestaodecustos/gestaodecustos/vendor/pestphp/pest/src/Concerns/Testable.php(336): P\Tests\Feature\DashboardTest->__callClosure()
#87 /home/runner/work/gestaodecustos/gestaodecustos/vendor/pestphp/pest/src/Factories/TestCaseFactory.php(179) : eval()'d code(35): P\Tests\Feature\DashboardTest->__runTest()
#88 /home/runner/work/gestaodecustos/gestaodecustos/vendor/phpunit/phpunit/src/Framework/TestCase.php(1318): P\Tests\Feature\DashboardTest->__pest_evaluable_authenticated_users_can_visit_the_dashboard()
#89 /home/runner/work/gestaodecustos/gestaodecustos/vendor/phpunit/phpunit/src/Framework/TestCase.php(1355): PHPUnit\Framework\TestCase->invokeTestMethod()
#90 /home/runner/work/gestaodecustos/gestaodecustos/vendor/phpunit/phpunit/src/Framework/TestCase.php(521): PHPUnit\Framework\TestCase->runTest()
#91 /home/runner/work/gestaodecustos/gestaodecustos/vendor/phpunit/phpunit/src/Framework/TestRunner/TestRunner.php(99): PHPUnit\Framework\TestCase->runBare()
#92 /home/runner/work/gestaodecustos/gestaodecustos/vendor/phpunit/phpunit/src/Framework/TestCase.php(361): PHPUnit\Framework\TestRunner->run()
#93 /home/runner/work/gestaodecustos/gestaodecustos/vendor/phpunit/phpunit/src/Framework/TestSuite.php(374): PHPUnit\Framework\TestCase->run()
#94 /home/runner/work/gestaodecustos/gestaodecustos/vendor/phpunit/phpunit/src/Framework/TestSuite.php(374): PHPUnit\Framework\TestSuite->run()
#95 /home/runner/work/gestaodecustos/gestaodecustos/vendor/phpunit/phpunit/src/Framework/TestSuite.php(374): PHPUnit\Framework\TestSuite->run()
#96 /home/runner/work/gestaodecustos/gestaodecustos/vendor/phpunit/phpunit/src/TextUI/TestRunner.php(64): PHPUnit\Framework\TestSuite->run()
#97 /home/runner/work/gestaodecustos/gestaodecustos/vendor/phpunit/phpunit/src/TextUI/Application.php(229): PHPUnit\TextUI\TestRunner->run()
#98 /home/runner/work/gestaodecustos/gestaodecustos/vendor/pestphp/pest/src/Kernel.php(103): PHPUnit\TextUI\Application->run()
#99 /home/runner/work/gestaodecustos/gestaodecustos/vendor/pestphp/pest/bin/pest(196): Pest\Kernel->handle()
#100 /home/runner/work/gestaodecustos/gestaodecustos/vendor/pestphp/pest/bin/pest(204): {closure}()
#101 /home/runner/work/gestaodecustos/gestaodecustos/vendor/bin/pest(119): include('...')
#102 {main}

----------------------------------------------------------------------------------

Unable to locate file in Vite manifest: resources/js/modal-controls.js. (View: /home/runner/work/gestaodecustos/gestaodecustos/resources/views/partials/head.blade.php) (View: /home/runner/work/gestaodecustos/gestaodecustos/resources/views/partials/head.blade.php) (View: /home/runner/work/gestaodecustos/gestaodecustos/resources/views/partials/head.blade.php)[39;22m

  at [32mtests/Feature/DashboardTest.php[39m:[32m15[39m
     11▕     $user = User::factory()->create();
     12▕     $this->actingAs($user);
     13▕ 
     14▕     $response = $this->get(route('dashboard'));
  ➜  15▕     $response->assertOk();
     16▕ });
     17▕ 
     18▕ test('free users can access the main planning and analysis routes', function () {
     19▕     $user = User::factory()->create(['plan' => 'free']);

  [31m────────────────────────────────────────────────────────────────────────────[39m  
  [41;1m FAILED [49;22m [1mTests\Feature\DashboardTest[22m [90m>[39m free users can access the main plan…   
[39;1m  Expected response status code [200] but received 500.
Failed asserting that 500 is identical to 200.

The following exception occurred during the last request:

Illuminate\Foundation\ViteException: Unable to locate file in Vite manifest: resources/js/modal-controls.js. in /home/runner/work/gestaodecustos/gestaodecustos/vendor/laravel/framework/src/Illuminate/Foundation/Vite.php:1042
Stack trace:
#0 /home/runner/work/gestaodecustos/gestaodecustos/vendor/laravel/framework/src/Illuminate/Foundation/Vite.php(404): Illuminate\Foundation\Vite->chunk()
#1 /home/runner/work/gestaodecustos/gestaodecustos/storage/framework/views/6ab657d568ef86e98d779cdaf4c30db4.php(14): Illuminate\Foundation\Vite->__invoke()
#2 /home/runner/work/gestaodecustos/gestaodecustos/vendor/laravel/framework/src/Illuminate/Filesystem/Filesystem.php(123): require('...')
#3 /home/runner/work/gestaodecustos/gestaodecustos/vendor/laravel/framework/src/Illuminate/Filesystem/Filesystem.php(124): Illuminate\Filesystem\Filesystem::Illuminate\Filesystem\{closure}()
#4 /home/runner/work/gestaodecustos/gestaodecustos/vendor/laravel/framework/src/Illuminate/View/Engines/PhpEngine.php(57): Illuminate\Filesystem\Filesystem->getRequire()
#5 /home/runner/work/gestaodecustos/gestaodecustos/vendor/livewire/livewire/src/Mechanisms/ExtendBlade/ExtendedCompilerEngine.php(22): Illuminate\View\Engines\PhpEngine->evaluatePath()
#6 /home/runner/work/gestaodecustos/gestaodecustos/vendor/laravel/framework/src/Illuminate/View/Engines/CompilerEngine.php(76): Livewire\Mechanisms\ExtendBlade\ExtendedCompilerEngine->evaluatePath()
#7 /home/runner/work/gestaodecustos/gestaodecustos/vendor/livewire/livewire/src/Mechanisms/ExtendBlade/ExtendedCompilerEngine.php(10): Illuminate\View\Engines\CompilerEngine->get()
#8 /home/runner/work/gestaodecustos/gestaodecustos/vendor/laravel/framework/src/Illuminate/View/View.php(208): Livewire\Mechanisms\ExtendBlade\ExtendedCompilerEngine->get()
#9 /home/runner/work/gestaodecustos/gestaodecustos/vendor/laravel/framework/src/Illuminate/View/View.php(191): Illuminate\View\View->getContents()
#10 /home/runner/work/gestaodecustos/gestaodecustos/vendor/laravel/framework/src/Illuminate/View/View.php(160): Illuminate\View\View->renderContents()
#11 /home/runner/work/gestaodecustos/gestaodecustos/storage/framework/views/836a8a15524c86ff37c2b633e40219d3.php(51): Illuminate\View\View->render()
#12 /home/runner/work/gestaodecustos/gestaodecustos/vendor/laravel/framework/src/Illuminate/Filesystem/Filesystem.php(123): require('...')
#13 /home/runner/work/gestaodecustos/gestaodecustos/vendor/laravel/framework/src/Illuminate/Filesystem/Filesystem.php(124): Illuminate\Filesystem\Filesystem::Illuminate\Filesystem\{closure}()
#14 /home/runner/work/gestaodecustos/gestaodecustos/vendor/laravel/framework/src/Illuminate/View/Engines/PhpEngine.php(57): Illuminate\Filesystem\Filesystem->getRequire()
#15 /home/runner/work/gestaodecustos/gestaodecustos/vendor/livewire/livewire/src/Mechanisms/ExtendBlade/ExtendedCompilerEngine.php(22): Illuminate\View\Engines\PhpEngine->evaluatePath()
#16 /home/runner/work/gestaodecustos/gestaodecustos/vendor/laravel/framework/src/Illuminate/View/Engines/CompilerEngine.php(76): Livewire\Mechanisms\ExtendBlade\ExtendedCompilerEngine->evaluatePath()
#17 /home/runner/work/gestaodecustos/gestaodecustos/vendor/livewire/livewire/src/Mechanisms/ExtendBlade/ExtendedCompilerEngine.php(10): Illuminate\View\Engines\CompilerEngine->get()
#18 /home/runner/work/gestaodecustos/gestaodecustos/vendor/laravel/framework/src/Illuminate/View/View.php(208): Livewire\Mechanisms\ExtendBlade\ExtendedCompilerEngine->get()
#19 /home/runner/work/gestaodecustos/gestaodecustos/vendor/laravel/framework/src/Illuminate/View/View.php(191): Illuminate\View\View->getContents()
#20 /home/runner/work/gestaodecustos/gestaodecustos/vendor/laravel/framework/src/Illuminate/View/View.php(160): Illuminate\View\View->renderContents()
#21 /home/runner/work/gestaodecustos/gestaodecustos/vendor/laravel/framework/src/Illuminate/View/Concerns/ManagesComponents.php(103): Illuminate\View\View->render()
#22 /home/runner/work/gestaodecustos/gestaodecustos/storage/framework/views/801a63c08bf77827db6b9098dadda79d.php(17): Illuminate\View\Factory->renderComponent()
#23 /home/runner/work/gestaodecustos/gestaodecustos/vendor/laravel/framework/src/Illuminate/Filesystem/Filesystem.php(123): require('...')
#24 /home/runner/work/gestaodecustos/gestaodecustos/vendor/laravel/framework/src/Illuminate/Filesystem/Filesystem.php(124): Illuminate\Filesystem\Filesystem::Illuminate\Filesystem\{closure}()
#25 /home/runner/work/gestaodecustos/gestaodecustos/vendor/laravel/framework/src/Illuminate/View/Engines/PhpEngine.php(57): Illuminate\Filesystem\Filesystem->getRequire()
#26 /home/runner/work/gestaodecustos/gestaodecustos/vendor/livewire/livewire/src/Mechanisms/ExtendBlade/ExtendedCompilerEngine.php(22): Illuminate\View\Engines\PhpEngine->evaluatePath()
#27 /home/runner/work/gestaodecustos/gestaodecustos/vendor/laravel/framework/src/Illuminate/View/Engines/CompilerEngine.php(76): Livewire\Mechanisms\ExtendBlade\ExtendedCompilerEngine->evaluatePath()
#28 /home/runner/work/gestaodecustos/gestaodecustos/vendor/livewire/livewire/src/Mechanisms/ExtendBlade/ExtendedCompilerEngine.php(10): Illuminate\View\Engines\CompilerEngine->get()
#29 /home/runner/work/gestaodecustos/gestaodecustos/vendor/laravel/framework/src/Illuminate/View/View.php(208): Livewire\Mechanisms\ExtendBlade\ExtendedCompilerEngine->get()
#30 /home/runner/work/gestaodecustos/gestaodecustos/vendor/laravel/framework/src/Illuminate/View/View.php(191): Illuminate\View\View->getContents()
#31 /home/runner/work/gestaodecustos/gestaodecustos/vendor/laravel/framework/src/Illuminate/View/View.php(160): Illuminate\View\View->renderContents()
#32 /home/runner/work/gestaodecustos/gestaodecustos/vendor/laravel/framework/src/Illuminate/View/Compilers/BladeCompiler.php(361): Illuminate\View\View->render()
#33 /home/runner/work/gestaodecustos/gestaodecustos/vendor/laravel/framework/src/Illuminate/Support/Facades/Facade.php(364): Illuminate\View\Compilers\BladeCompiler::render()
#34 /home/runner/work/gestaodecustos/gestaodecustos/vendor/livewire/livewire/src/Features/SupportPageComponents/SupportPageComponents.php(162): Illuminate\Support\Facades\Facade::__callStatic()
#35 /home/runner/work/gestaodecustos/gestaodecustos/vendor/livewire/livewire/src/Features/SupportPageComponents/HandlesPageComponents.php(26): Livewire\Features\SupportPageComponents\SupportPageComponents::renderContentsIntoLayout()
#36 /home/runner/work/gestaodecustos/gestaodecustos/vendor/laravel/framework/src/Illuminate/Routing/ControllerDispatcher.php(46): Livewire\Component->__invoke()
#37 /home/runner/work/gestaodecustos/gestaodecustos/vendor/laravel/framework/src/Illuminate/Routing/Route.php(276): Illuminate\Routing\ControllerDispatcher->dispatch()
#38 /home/runner/work/gestaodecustos/gestaodecustos/vendor/laravel/framework/src/Illuminate/Routing/Route.php(216): Illuminate\Routing\Route->runController()
#39 /home/runner/work/gestaodecustos/gestaodecustos/vendor/laravel/framework/src/Illuminate/Routing/Router.php(822): Illuminate\Routing\Route->run()
#40 /home/runner/work/gestaodecustos/gestaodecustos/vendor/laravel/framework/src/Illuminate/Pipeline/Pipeline.php(180): Illuminate\Routing\Router->Illuminate\Routing\{closure}()
#41 /home/runner/work/gestaodecustos/gestaodecustos/vendor/laravel/framework/src/Illuminate/Auth/Middleware/EnsureEmailIsVerified.php(41): Illuminate\Pipeline\Pipeline->Illuminate\Pipeline\{closure}()
#42 /home/runner/work/gestaodecustos/gestaodecustos/vendor/laravel/framework/src/Illuminate/Pipeline/Pipeline.php(219): Illuminate\Auth\Middleware\EnsureEmailIsVerified->handle()
#43 /home/runner/work/gestaodecustos/gestaodecustos/app/Http/Middleware/ThrottleVerificationCode.php(27): Illuminate\Pipeline\Pipeline->Illuminate\Pipeline\{closure}()
#44 /home/runner/work/gestaodecustos/gestaodecustos/vendor/laravel/framework/src/Illuminate/Pipeline/Pipeline.php(219): App\Http\Middleware\ThrottleVerificationCode->handle()
#45 /home/runner/work/gestaodecustos/gestaodecustos/app/Http/Middleware/EnsureBusinessWorkspaceAccess.php(71): Illuminate\Pipeline\Pipeline->Illuminate\Pipeline\{closure}()
#46 /home/runner/work/gestaodecustos/gestaodecustos/vendor/laravel/framework/src/Illuminate/Pipeline/Pipeline.php(219): App\Http\Middleware\EnsureBusinessWorkspaceAccess->handle()
#47 /home/runner/work/gestaodecustos/gestaodecustos/app/Http/Middleware/EnsureImpersonationIsValid.php(20): Illuminate\Pipeline\Pipeline->Illuminate\Pipeline\{closure}()
#48 /home/runner/work/gestaodecustos/gestaodecustos/vendor/laravel/framework/src/Illuminate/Pipeline/Pipeline.php(219): App\Http\Middleware\EnsureImpersonationIsValid->handle()
#49 /home/runner/work/gestaodecustos/gestaodecustos/app/Http/Middleware/UpdateUserActivity.php(27): Illuminate\Pipeline\Pipeline->Illuminate\Pipeline\{closure}()
#50 /home/runner/work/gestaodecustos/gestaodecustos/vendor/laravel/framework/src/Illuminate/Pipeline/Pipeline.php(219): App\Http\Middleware\UpdateUserActivity->handle()
#51 /home/runner/work/gestaodecustos/gestaodecustos/app/Http/Middleware/CheckRegistrationStatus.php(25): Illuminate\Pipeline\Pipeline->Illuminate\Pipeline\{closure}()
#52 /home/runner/work/gestaodecustos/gestaodecustos/vendor/laravel/framework/src/Illuminate/Pipeline/Pipeline.php(219): App\Http\Middleware\CheckRegistrationStatus->handle()
#53 /home/runner/work/gestaodecustos/gestaodecustos/app/Http/Middleware/CheckMaintenanceMode.php(41): Illuminate\Pipeline\Pipeline->Illuminate\Pipeline\{closure}()
#54 /home/runner/work/gestaodecustos/gestaodecustos/vendor/laravel/framework/src/Illuminate/Pipeline/Pipeline.php(219): App\Http\Middleware\CheckMaintenanceMode->handle()
#55 /home/runner/work/gestaodecustos/gestaodecustos/app/Http/Middleware/SetLocale.php(30): Illuminate\Pipeline\Pipeline->Illuminate\Pipeline\{closure}()
#56 /home/runner/work/gestaodecustos/gestaodecustos/vendor/laravel/framework/src/Illuminate/Pipeline/Pipeline.php(219): App\Http\Middleware\SetLocale->handle()
#57 /home/runner/work/gestaodecustos/gestaodecustos/vendor/laravel/framework/src/Illuminate/Routing/Middleware/SubstituteBindings.php(52): Illuminate\Pipeline\Pipeline->Illuminate\Pipeline\{closure}()
#58 /home/runner/work/gestaodecustos/gestaodecustos/vendor/laravel/framework/src/Illuminate/Pipeline/Pipeline.php(219): Illuminate\Routing\Middleware\SubstituteBindings->handle()
#59 /home/runner/work/gestaodecustos/gestaodecustos/vendor/laravel/framework/src/Illuminate/Auth/Middleware/Authenticate.php(63): Illuminate\Pipeline\Pipeline->Illuminate\Pipeline\{closure}()
#60 /home/runner/work/gestaodecustos/gestaodecustos/vendor/laravel/framework/src/Illuminate/Pipeline/Pipeline.php(219): Illuminate\Auth\Middleware\Authenticate->handle()
#61 /home/runner/work/gestaodecustos/gestaodecustos/vendor/laravel/framework/src/Illuminate/Foundation/Http/Middleware/PreventRequestForgery.php(104): Illuminate\Pipeline\Pipeline->Illuminate\Pipeline\{closure}()
#62 /home/runner/work/gestaodecustos/gestaodecustos/vendor/laravel/framework/src/Illuminate/Pipeline/Pipeline.php(219): Illuminate\Foundation\Http\Middleware\PreventRequestForgery->handle()
#63 /home/runner/work/gestaodecustos/gestaodecustos/vendor/laravel/framework/src/Illuminate/View/Middleware/ShareErrorsFromSession.php(48): Illuminate\Pipeline\Pipeline->Illuminate\Pipeline\{closure}()
#64 /home/runner/work/gestaodecustos/gestaodecustos/vendor/laravel/framework/src/Illuminate/Pipeline/Pipeline.php(219): Illuminate\View\Middleware\ShareErrorsFromSession->handle()
#65 /home/runner/work/gestaodecustos/gestaodecustos/vendor/laravel/framework/src/Illuminate/Session/Middleware/StartSession.php(120): Illuminate\Pipeline\Pipeline->Illuminate\Pipeline\{closure}()
#66 /home/runner/work/gestaodecustos/gestaodecustos/vendor/laravel/framework/src/Illuminate/Session/Middleware/StartSession.php(63): Illuminate\Session\Middleware\StartSession->handleStatefulRequest()
#67 /home/runner/work/gestaodecustos/gestaodecustos/vendor/laravel/framework/src/Illuminate/Pipeline/Pipeline.php(219): Illuminate\Session\Middleware\StartSession->handle()
#68 /home/runner/work/gestaodecustos/gestaodecustos/vendor/laravel/framework/src/Illuminate/Cookie/Middleware/AddQueuedCookiesToResponse.php(36): Illuminate\Pipeline\Pipeline->Illuminate\Pipeline\{closure}()
#69 /home/runner/work/gestaodecustos/gestaodecustos/vendor/laravel/framework/src/Illuminate/Pipeline/Pipeline.php(219): Illuminate\Cookie\Middleware\AddQueuedCookiesToResponse->handle()
#70 /home/runner/work/gestaodecustos/gestaodecustos/vendor/laravel/framework/src/Illuminate/Cookie/Middleware/EncryptCookies.php(74): Illuminate\Pipeline\Pipeline->Illuminate\Pipeline\{closure}()
#71 /home/runner/work/gestaodecustos/gestaodecustos/vendor/laravel/framework/src/Illuminate/Pipeline/Pipeline.php(219): Illuminate\Cookie\Middleware\EncryptCookies->handle()
#72 /home/runner/work/gestaodecustos/gestaodecustos/vendor/laravel/framework/src/Illuminate/Pipeline/Pipeline.php(137): Illuminate\Pipeline\Pipeline->Illuminate\Pipeline\{closure}()
#73 /home/runner/work/gestaodecustos/gestaodecustos/vendor/laravel/framework/src/Illuminate/Routing/Router.php(821): Illuminate\Pipeline\Pipeline->then()
#74 /home/runner/work/gestaodecustos/gestaodecustos/vendor/laravel/framework/src/Illuminate/Routing/Router.php(800): Illuminate\Routing\Router->runRouteWithinStack()
#75 /home/runner/work/gestaodecustos/gestaodecustos/vendor/laravel/framework/src/Illuminate/Routing/Router.php(764): Illuminate\Routing\Router->runRoute()
#76 /home/runner/work/gestaodecustos/gestaodecustos/vendor/laravel/framework/src/Illuminate/Routing/Router.php(753): Illuminate\Routing\Router->dispatchToRoute()
#77 /home/runner/work/gestaodecustos/gestaodecustos/vendor/laravel/framework/src/Illuminate/Foundation/Http/Kernel.php(200): Illuminate\Routing\Router->dispatch()
#78 /home/runner/work/gestaodecustos/gestaodecustos/vendor/laravel/framework/src/Illuminate/Pipeline/Pipeline.php(180): Illuminate\Foundation\Http\Kernel->Illuminate\Foundation\Http\{closure}()
#79 /home/runner/work/gestaodecustos/gestaodecustos/vendor/livewire/livewire/src/Features/SupportDisablingBackButtonCache/DisableBackButtonCacheMiddleware.php(19): Illuminate\Pipeline\Pipeline->Illuminate\Pipeline\{closure}()
#80 /home/runner/work/gestaodecustos/gestaodecustos/vendor/laravel/framework/src/Illuminate/Pipeline/Pipeline.php(219): Livewire\Features\SupportDisablingBackButtonCache\DisableBackButtonCacheMiddleware->handle()
#81 /home/runner/work/gestaodecustos/gestaodecustos/vendor/laravel/framework/src/Illuminate/Foundation/Http/Middleware/TransformsRequest.php(21): Illuminate\Pipeline\Pipeline->Illuminate\Pipeline\{closure}()
#82 /home/runner/work/gestaodecustos/gestaodecustos/vendor/laravel/framework/src/Illuminate/Foundation/Http/Middleware/ConvertEmptyStringsToNull.php(31): Illuminate\Foundation\Http\Middleware\TransformsRequest->handle()
#83 /home/runner/work/gestaodecustos/gestaodecustos/vendor/laravel/framework/src/Illuminate/Pipeline/Pipeline.php(219): Illuminate\Foundation\Http\Middleware\ConvertEmptyStringsToNull->handle()
#84 /home/runner/work/gestaodecustos/gestaodecustos/vendor/laravel/framework/src/Illuminate/Foundation/Http/Middleware/TransformsRequest.php(21): Illuminate\Pipeline\Pipeline->Illuminate\Pipeline\{closure}()
#85 /home/runner/work/gestaodecustos/gestaodecustos/vendor/laravel/framework/src/Illuminate/Foundation/Http/Middleware/TrimStrings.php(51): Illuminate\Foundation\Http\Middleware\TransformsRequest->handle()
#86 /home/runner/work/gestaodecustos/gestaodecustos/vendor/laravel/framework/src/Illuminate/Pipeline/Pipeline.php(219): Illuminate\Foundation\Http\Middleware\TrimStrings->handle()
#87 /home/runner/work/gestaodecustos/gestaodecustos/vendor/laravel/framework/src/Illuminate/Http/Middleware/ValidatePostSize.php(27): Illuminate\Pipeline\Pipeline->Illuminate\Pipeline\{closure}()
#88 /home/runner/work/gestaodecustos/gestaodecustos/vendor/laravel/framework/src/Illuminate/Pipeline/Pipeline.php(219): Illuminate\Http\Middleware\ValidatePostSize->handle()
#89 /home/runner/work/gestaodecustos/gestaodecustos/vendor/laravel/framework/src/Illuminate/Foundation/Http/Middleware/PreventRequestsDuringMaintenance.php(110): Illuminate\Pipeline\Pipeline->Illuminate\Pipeline\{closure}()
#90 /home/runner/work/gestaodecustos/gestaodecustos/vendor/laravel/framework/src/Illuminate/Pipeline/Pipeline.php(219): Illuminate\Foundation\Http\Middleware\PreventRequestsDuringMaintenance->handle()
#91 /home/runner/work/gestaodecustos/gestaodecustos/vendor/laravel/framework/src/Illuminate/Http/Middleware/HandleCors.php(61): Illuminate\Pipeline\Pipeline->Illuminate\Pipeline\{closure}()
#92 /home/runner/work/gestaodecustos/gestaodecustos/vendor/laravel/framework/src/Illuminate/Pipeline/Pipeline.php(219): Illuminate\Http\Middleware\HandleCors->handle()
#93 /home/runner/work/gestaodecustos/gestaodecustos/vendor/laravel/framework/src/Illuminate/Http/Middleware/TrustProxies.php(58): Illuminate\Pipeline\Pipeline->Illuminate\Pipeline\{closure}()
#94 /home/runner/work/gestaodecustos/gestaodecustos/vendor/laravel/framework/src/Illuminate/Pipeline/Pipeline.php(219): Illuminate\Http\Middleware\TrustProxies->handle()
#95 /home/runner/work/gestaodecustos/gestaodecustos/vendor/laravel/framework/src/Illuminate/Foundation/Http/Middleware/InvokeDeferredCallbacks.php(22): Illuminate\Pipeline\Pipeline->Illuminate\Pipeline\{closure}()
#96 /home/runner/work/gestaodecustos/gestaodecustos/vendor/laravel/framework/src/Illuminate/Pipeline/Pipeline.php(219): Illuminate\Foundation\Http\Middleware\InvokeDeferredCallbacks->handle()
#97 /home/runner/work/gestaodecustos/gestaodecustos/vendor/laravel/framework/src/Illuminate/Http/Middleware/ValidatePathEncoding.php(28): Illuminate\Pipeline\Pipeline->Illuminate\Pipeline\{closure}()
#98 /home/runner/work/gestaodecustos/gestaodecustos/vendor/laravel/framework/src/Illuminate/Pipeline/Pipeline.php(219): Illuminate\Http\Middleware\ValidatePathEncoding->handle()
#99 /home/runner/work/gestaodecustos/gestaodecustos/vendor/laravel/framework/src/Illuminate/Pipeline/Pipeline.php(137): Illuminate\Pipeline\Pipeline->Illuminate\Pipeline\{closure}()
#100 /home/runner/work/gestaodecustos/gestaodecustos/vendor/laravel/framework/src/Illuminate/Foundation/Http/Kernel.php(175): Illuminate\Pipeline\Pipeline->then()
#101 /home/runner/work/gestaodecustos/gestaodecustos/vendor/laravel/framework/src/Illuminate/Foundation/Http/Kernel.php(144): Illuminate\Foundation\Http\Kernel->sendRequestThroughRouter()
#102 /home/runner/work/gestaodecustos/gestaodecustos/vendor/laravel/framework/src/Illuminate/Foundation/Testing/Concerns/MakesHttpRequests.php(638): Illuminate\Foundation\Http\Kernel->handle()
#103 /home/runner/work/gestaodecustos/gestaodecustos/vendor/laravel/framework/src/Illuminate/Foundation/Testing/Concerns/MakesHttpRequests.php(368): Illuminate\Foundation\Testing\TestCase->call()
#104 /home/runner/work/gestaodecustos/gestaodecustos/tests/Feature/DashboardTest.php(33): Illuminate\Foundation\Testing\TestCase->get()
#105 /home/runner/work/gestaodecustos/gestaodecustos/vendor/laravel/framework/src/Illuminate/Collections/Traits/EnumeratesValues.php(275): P\Tests\Feature\DashboardTest->{closure}()
#106 /home/runner/work/gestaodecustos/gestaodecustos/tests/Feature/DashboardTest.php(32): Illuminate\Support\Collection->each()
#107 /home/runner/work/gestaodecustos/gestaodecustos/vendor/pestphp/pest/src/Factories/TestCaseMethodFactory.php(177): P\Tests\Feature\DashboardTest->{closure}()
#108 [internal function]: P\Tests\Feature\DashboardTest->Pest\Factories\{closure}()
#109 /home/runner/work/gestaodecustos/gestaodecustos/vendor/pestphp/pest/src/Concerns/Testable.php(514): call_user_func_array()
#110 /home/runner/work/gestaodecustos/gestaodecustos/vendor/pestphp/pest/src/Support/ExceptionTrace.php(26): P\Tests\Feature\DashboardTest->Pest\Concerns\{closure}()
#111 /home/runner/work/gestaodecustos/gestaodecustos/vendor/pestphp/pest/src/Concerns/Testable.php(514): Pest\Support\ExceptionTrace::ensure()
#112 /home/runner/work/gestaodecustos/gestaodecustos/vendor/pestphp/pest/src/Concerns/Testable.php(336): P\Tests\Feature\DashboardTest->__callClosure()
#113 /home/runner/work/gestaodecustos/gestaodecustos/vendor/pestphp/pest/src/Factories/TestCaseFactory.php(179) : eval()'d code(48): P\Tests\Feature\DashboardTest->__runTest()
#114 /home/runner/work/gestaodecustos/gestaodecustos/vendor/phpunit/phpunit/src/Framework/TestCase.php(1318): P\Tests\Feature\DashboardTest->__pest_evaluable_free_users_can_access_the_main_planning_and_analysis_routes()
#115 /home/runner/work/gestaodecustos/gestaodecustos/vendor/phpunit/phpunit/src/Framework/TestCase.php(1355): PHPUnit\Framework\TestCase->invokeTestMethod()
#116 /home/runner/work/gestaodecustos/gestaodecustos/vendor/phpunit/phpunit/src/Framework/TestCase.php(521): PHPUnit\Framework\TestCase->runTest()
#117 /home/runner/work/gestaodecustos/gestaodecustos/vendor/phpunit/phpunit/src/Framework/TestRunner/TestRunner.php(99): PHPUnit\Framework\TestCase->runBare()
#118 /home/runner/work/gestaodecustos/gestaodecustos/vendor/phpunit/phpunit/src/Framework/TestCase.php(361): PHPUnit\Framework\TestRunner->run()
#119 /home/runner/work/gestaodecustos/gestaodecustos/vendor/phpunit/phpunit/src/Framework/TestSuite.php(374): PHPUnit\Framework\TestCase->run()
#120 /home/runner/work/gestaodecustos/gestaodecustos/vendor/phpunit/phpunit/src/Framework/TestSuite.php(374): PHPUnit\Framework\TestSuite->run()
#121 /home/runner/work/gestaodecustos/gestaodecustos/vendor/phpunit/phpunit/src/Framework/TestSuite.php(374): PHPUnit\Framework\TestSuite->run()
#122 /home/runner/work/gestaodecustos/gestaodecustos/vendor/phpunit/phpunit/src/TextUI/TestRunner.php(64): PHPUnit\Framework\TestSuite->run()
#123 /home/runner/work/gestaodecustos/gestaodecustos/vendor/phpunit/phpunit/src/TextUI/Application.php(229): PHPUnit\TextUI\TestRunner->run()
#124 /home/runner/work/gestaodecustos/gestaodecustos/vendor/pestphp/pest/src/Kernel.php(103): PHPUnit\TextUI\Application->run()
#125 /home/runner/work/gestaodecustos/gestaodecustos/vendor/pestphp/pest/bin/pest(196): Pest\Kernel->handle()
#126 /home/runner/work/gestaodecustos/gestaodecustos/vendor/pestphp/pest/bin/pest(204): {closure}()
#127 /home/runner/work/gestaodecustos/gestaodecustos/vendor/bin/pest(119): include('...')
#128 {main}

Next Illuminate\View\ViewException: Unable to locate file in Vite manifest: resources/js/modal-controls.js. (View: /home/runner/work/gestaodecustos/gestaodecustos/resources/views/partials/head.blade.php) in /home/runner/work/gestaodecustos/gestaodecustos/vendor/laravel/framework/src/Illuminate/Foundation/Vite.php:1042
Stack trace:
#0 /home/runner/work/gestaodecustos/gestaodecustos/vendor/livewire/livewire/src/Mechanisms/ExtendBlade/ExtendedCompilerEngine.php(58): Illuminate\View\Engines\CompilerEngine->handleViewException()
#1 /home/runner/work/gestaodecustos/gestaodecustos/vendor/laravel/framework/src/Illuminate/View/Engines/PhpEngine.php(59): Livewire\Mechanisms\ExtendBlade\ExtendedCompilerEngine->handleViewException()
#2 /home/runner/work/gestaodecustos/gestaodecustos/vendor/livewire/livewire/src/Mechanisms/ExtendBlade/ExtendedCompilerEngine.php(22): Illuminate\View\Engines\PhpEngine->evaluatePath()
#3 /home/runner/work/gestaodecustos/gestaodecustos/vendor/laravel/framework/src/Illuminate/View/Engines/CompilerEngine.php(76): Livewire\Mechanisms\ExtendBlade\ExtendedCompilerEngine->evaluatePath()
#4 /home/runner/work/gestaodecustos/gestaodecustos/vendor/livewire/livewire/src/Mechanisms/ExtendBlade/ExtendedCompilerEngine.php(10): Illuminate\View\Engines\CompilerEngine->get()
#5 /home/runner/work/gestaodecustos/gestaodecustos/vendor/laravel/framework/src/Illuminate/View/View.php(208): Livewire\Mechanisms\ExtendBlade\ExtendedCompilerEngine->get()
#6 /home/runner/work/gestaodecustos/gestaodecustos/vendor/laravel/framework/src/Illuminate/View/View.php(191): Illuminate\View\View->getContents()
#7 /home/runner/work/gestaodecustos/gestaodecustos/vendor/laravel/framework/src/Illuminate/View/View.php(160): Illuminate\View\View->renderContents()
#8 /home/runner/work/gestaodecustos/gestaodecustos/storage/framework/views/836a8a15524c86ff37c2b633e40219d3.php(51): Illuminate\View\View->render()
#9 /home/runner/work/gestaodecustos/gestaodecustos/vendor/laravel/framework/src/Illuminate/Filesystem/Filesystem.php(123): require('...')
#10 /home/runner/work/gestaodecustos/gestaodecustos/vendor/laravel/framework/src/Illuminate/Filesystem/Filesystem.php(124): Illuminate\Filesystem\Filesystem::Illuminate\Filesystem\{closure}()
#11 /home/runner/work/gestaodecustos/gestaodecustos/vendor/laravel/framework/src/Illuminate/View/Engines/PhpEngine.php(57): Illuminate\Filesystem\Filesystem->getRequire()
#12 /home/runner/work/gestaodecustos/gestaodecustos/vendor/livewire/livewire/src/Mechanisms/ExtendBlade/ExtendedCompilerEngine.php(22): Illuminate\View\Engines\PhpEngine->evaluatePath()
#13 /home/runner/work/gestaodecustos/gestaodecustos/vendor/laravel/framework/src/Illuminate/View/Engines/CompilerEngine.php(76): Livewire\Mechanisms\ExtendBlade\ExtendedCompilerEngine->evaluatePath()
#14 /home/runner/work/gestaodecustos/gestaodecustos/vendor/livewire/livewire/src/Mechanisms/ExtendBlade/ExtendedCompilerEngine.php(10): Illuminate\View\Engines\CompilerEngine->get()
#15 /home/runner/work/gestaodecustos/gestaodecustos/vendor/laravel/framework/src/Illuminate/View/View.php(208): Livewire\Mechanisms\ExtendBlade\ExtendedCompilerEngine->get()
#16 /home/runner/work/gestaodecustos/gestaodecustos/vendor/laravel/framework/src/Illuminate/View/View.php(191): Illuminate\View\View->getContents()
#17 /home/runner/work/gestaodecustos/gestaodecustos/vendor/laravel/framework/src/Illuminate/View/View.php(160): Illuminate\View\View->renderContents()
#18 /home/runner/work/gestaodecustos/gestaodecustos/vendor/laravel/framework/src/Illuminate/View/Concerns/ManagesComponents.php(103): Illuminate\View\View->render()
#19 /home/runner/work/gestaodecustos/gestaodecustos/storage/framework/views/801a63c08bf77827db6b9098dadda79d.php(17): Illuminate\View\Factory->renderComponent()
#20 /home/runner/work/gestaodecustos/gestaodecustos/vendor/laravel/framework/src/Illuminate/Filesystem/Filesystem.php(123): require('...')
#21 /home/runner/work/gestaodecustos/gestaodecustos/vendor/laravel/framework/src/Illuminate/Filesystem/Filesystem.php(124): Illuminate\Filesystem\Filesystem::Illuminate\Filesystem\{closure}()
#22 /home/runner/work/gestaodecustos/gestaodecustos/vendor/laravel/framework/src/Illuminate/View/Engines/PhpEngine.php(57): Illuminate\Filesystem\Filesystem->getRequire()
#23 /home/runner/work/gestaodecustos/gestaodecustos/vendor/livewire/livewire/src/Mechanisms/ExtendBlade/ExtendedCompilerEngine.php(22): Illuminate\View\Engines\PhpEngine->evaluatePath()
#24 /home/runner/work/gestaodecustos/gestaodecustos/vendor/laravel/framework/src/Illuminate/View/Engines/CompilerEngine.php(76): Livewire\Mechanisms\ExtendBlade\ExtendedCompilerEngine->evaluatePath()
#25 /home/runner/work/gestaodecustos/gestaodecustos/vendor/livewire/livewire/src/Mechanisms/ExtendBlade/ExtendedCompilerEngine.php(10): Illuminate\View\Engines\CompilerEngine->get()
#26 /home/runner/work/gestaodecustos/gestaodecustos/vendor/laravel/framework/src/Illuminate/View/View.php(208): Livewire\Mechanisms\ExtendBlade\ExtendedCompilerEngine->get()
#27 /home/runner/work/gestaodecustos/gestaodecustos/vendor/laravel/framework/src/Illuminate/View/View.php(191): Illuminate\View\View->getContents()
#28 /home/runner/work/gestaodecustos/gestaodecustos/vendor/laravel/framework/src/Illuminate/View/View.php(160): Illuminate\View\View->renderContents()
#29 /home/runner/work/gestaodecustos/gestaodecustos/vendor/laravel/framework/src/Illuminate/View/Compilers/BladeCompiler.php(361): Illuminate\View\View->render()
#30 /home/runner/work/gestaodecustos/gestaodecustos/vendor/laravel/framework/src/Illuminate/Support/Facades/Facade.php(364): Illuminate\View\Compilers\BladeCompiler::render()
#31 /home/runner/work/gestaodecustos/gestaodecustos/vendor/livewire/livewire/src/Features/SupportPageComponents/SupportPageComponents.php(162): Illuminate\Support\Facades\Facade::__callStatic()
#32 /home/runner/work/gestaodecustos/gestaodecustos/vendor/livewire/livewire/src/Features/SupportPageComponents/HandlesPageComponents.php(26): Livewire\Features\SupportPageComponents\SupportPageComponents::renderContentsIntoLayout()
#33 /home/runner/work/gestaodecustos/gestaodecustos/vendor/laravel/framework/src/Illuminate/Routing/ControllerDispatcher.php(46): Livewire\Component->__invoke()
#34 /home/runner/work/gestaodecustos/gestaodecustos/vendor/laravel/framework/src/Illuminate/Routing/Route.php(276): Illuminate\Routing\ControllerDispatcher->dispatch()
#35 /home/runner/work/gestaodecustos/gestaodecustos/vendor/laravel/framework/src/Illuminate/Routing/Route.php(216): Illuminate\Routing\Route->runController()
#36 /home/runner/work/gestaodecustos/gestaodecustos/vendor/laravel/framework/src/Illuminate/Routing/Router.php(822): Illuminate\Routing\Route->run()
#37 /home/runner/work/gestaodecustos/gestaodecustos/vendor/laravel/framework/src/Illuminate/Pipeline/Pipeline.php(180): Illuminate\Routing\Router->Illuminate\Routing\{closure}()
#38 /home/runner/work/gestaodecustos/gestaodecustos/vendor/laravel/framework/src/Illuminate/Auth/Middleware/EnsureEmailIsVerified.php(41): Illuminate\Pipeline\Pipeline->Illuminate\Pipeline\{closure}()
#39 /home/runner/work/gestaodecustos/gestaodecustos/vendor/laravel/framework/src/Illuminate/Pipeline/Pipeline.php(219): Illuminate\Auth\Middleware\EnsureEmailIsVerified->handle()
#40 /home/runner/work/gestaodecustos/gestaodecustos/app/Http/Middleware/ThrottleVerificationCode.php(27): Illuminate\Pipeline\Pipeline->Illuminate\Pipeline\{closure}()
#41 /home/runner/work/gestaodecustos/gestaodecustos/vendor/laravel/framework/src/Illuminate/Pipeline/Pipeline.php(219): App\Http\Middleware\ThrottleVerificationCode->handle()
#42 /home/runner/work/gestaodecustos/gestaodecustos/app/Http/Middleware/EnsureBusinessWorkspaceAccess.php(71): Illuminate\Pipeline\Pipeline->Illuminate\Pipeline\{closure}()
#43 /home/runner/work/gestaodecustos/gestaodecustos/vendor/laravel/framework/src/Illuminate/Pipeline/Pipeline.php(219): App\Http\Middleware\EnsureBusinessWorkspaceAccess->handle()
#44 /home/runner/work/gestaodecustos/gestaodecustos/app/Http/Middleware/EnsureImpersonationIsValid.php(20): Illuminate\Pipeline\Pipeline->Illuminate\Pipeline\{closure}()
#45 /home/runner/work/gestaodecustos/gestaodecustos/vendor/laravel/framework/src/Illuminate/Pipeline/Pipeline.php(219): App\Http\Middleware\EnsureImpersonationIsValid->handle()
#46 /home/runner/work/gestaodecustos/gestaodecustos/app/Http/Middleware/UpdateUserActivity.php(27): Illuminate\Pipeline\Pipeline->Illuminate\Pipeline\{closure}()
#47 /home/runner/work/gestaodecustos/gestaodecustos/vendor/laravel/framework/src/Illuminate/Pipeline/Pipeline.php(219): App\Http\Middleware\UpdateUserActivity->handle()
#48 /home/runner/work/gestaodecustos/gestaodecustos/app/Http/Middleware/CheckRegistrationStatus.php(25): Illuminate\Pipeline\Pipeline->Illuminate\Pipeline\{closure}()
#49 /home/runner/work/gestaodecustos/gestaodecustos/vendor/laravel/framework/src/Illuminate/Pipeline/Pipeline.php(219): App\Http\Middleware\CheckRegistrationStatus->handle()
#50 /home/runner/work/gestaodecustos/gestaodecustos/app/Http/Middleware/CheckMaintenanceMode.php(41): Illuminate\Pipeline\Pipeline->Illuminate\Pipeline\{closure}()
#51 /home/runner/work/gestaodecustos/gestaodecustos/vendor/laravel/framework/src/Illuminate/Pipeline/Pipeline.php(219): App\Http\Middleware\CheckMaintenanceMode->handle()
#52 /home/runner/work/gestaodecustos/gestaodecustos/app/Http/Middleware/SetLocale.php(30): Illuminate\Pipeline\Pipeline->Illuminate\Pipeline\{closure}()
#53 /home/runner/work/gestaodecustos/gestaodecustos/vendor/laravel/framework/src/Illuminate/Pipeline/Pipeline.php(219): App\Http\Middleware\SetLocale->handle()
#54 /home/runner/work/gestaodecustos/gestaodecustos/vendor/laravel/framework/src/Illuminate/Routing/Middleware/SubstituteBindings.php(52): Illuminate\Pipeline\Pipeline->Illuminate\Pipeline\{closure}()
#55 /home/runner/work/gestaodecustos/gestaodecustos/vendor/laravel/framework/src/Illuminate/Pipeline/Pipeline.php(219): Illuminate\Routing\Middleware\SubstituteBindings->handle()
#56 /home/runner/work/gestaodecustos/gestaodecustos/vendor/laravel/framework/src/Illuminate/Auth/Middleware/Authenticate.php(63): Illuminate\Pipeline\Pipeline->Illuminate\Pipeline\{closure}()
#57 /home/runner/work/gestaodecustos/gestaodecustos/vendor/laravel/framework/src/Illuminate/Pipeline/Pipeline.php(219): Illuminate\Auth\Middleware\Authenticate->handle()
#58 /home/runner/work/gestaodecustos/gestaodecustos/vendor/laravel/framework/src/Illuminate/Foundation/Http/Middleware/PreventRequestForgery.php(104): Illuminate\Pipeline\Pipeline->Illuminate\Pipeline\{closure}()
#59 /home/runner/work/gestaodecustos/gestaodecustos/vendor/laravel/framework/src/Illuminate/Pipeline/Pipeline.php(219): Illuminate\Foundation\Http\Middleware\PreventRequestForgery->handle()
#60 /home/runner/work/gestaodecustos/gestaodecustos/vendor/laravel/framework/src/Illuminate/View/Middleware/ShareErrorsFromSession.php(48): Illuminate\Pipeline\Pipeline->Illuminate\Pipeline\{closure}()
#61 /home/runner/work/gestaodecustos/gestaodecustos/vendor/laravel/framework/src/Illuminate/Pipeline/Pipeline.php(219): Illuminate\View\Middleware\ShareErrorsFromSession->handle()
#62 /home/runner/work/gestaodecustos/gestaodecustos/vendor/laravel/framework/src/Illuminate/Session/Middleware/StartSession.php(120): Illuminate\Pipeline\Pipeline->Illuminate\Pipeline\{closure}()
#63 /home/runner/work/gestaodecustos/gestaodecustos/vendor/laravel/framework/src/Illuminate/Session/Middleware/StartSession.php(63): Illuminate\Session\Middleware\StartSession->handleStatefulRequest()
#64 /home/runner/work/gestaodecustos/gestaodecustos/vendor/laravel/framework/src/Illuminate/Pipeline/Pipeline.php(219): Illuminate\Session\Middleware\StartSession->handle()
#65 /home/runner/work/gestaodecustos/gestaodecustos/vendor/laravel/framework/src/Illuminate/Cookie/Middleware/AddQueuedCookiesToResponse.php(36): Illuminate\Pipeline\Pipeline->Illuminate\Pipeline\{closure}()
#66 /home/runner/work/gestaodecustos/gestaodecustos/vendor/laravel/framework/src/Illuminate/Pipeline/Pipeline.php(219): Illuminate\Cookie\Middleware\AddQueuedCookiesToResponse->handle()
#67 /home/runner/work/gestaodecustos/gestaodecustos/vendor/laravel/framework/src/Illuminate/Cookie/Middleware/EncryptCookies.php(74): Illuminate\Pipeline\Pipeline->Illuminate\Pipeline\{closure}()
#68 /home/runner/work/gestaodecustos/gestaodecustos/vendor/laravel/framework/src/Illuminate/Pipeline/Pipeline.php(219): Illuminate\Cookie\Middleware\EncryptCookies->handle()
#69 /home/runner/work/gestaodecustos/gestaodecustos/vendor/laravel/framework/src/Illuminate/Pipeline/Pipeline.php(137): Illuminate\Pipeline\Pipeline->Illuminate\Pipeline\{closure}()
#70 /home/runner/work/gestaodecustos/gestaodecustos/vendor/laravel/framework/src/Illuminate/Routing/Router.php(821): Illuminate\Pipeline\Pipeline->then()
#71 /home/runner/work/gestaodecustos/gestaodecustos/vendor/laravel/framework/src/Illuminate/Routing/Router.php(800): Illuminate\Routing\Router->runRouteWithinStack()
#72 /home/runner/work/gestaodecustos/gestaodecustos/vendor/laravel/framework/src/Illuminate/Routing/Router.php(764): Illuminate\Routing\Router->runRoute()
#73 /home/runner/work/gestaodecustos/gestaodecustos/vendor/laravel/framework/src/Illuminate/Routing/Router.php(753): Illuminate\Routing\Router->dispatchToRoute()
#74 /home/runner/work/gestaodecustos/gestaodecustos/vendor/laravel/framework/src/Illuminate/Foundation/Http/Kernel.php(200): Illuminate\Routing\Router->dispatch()
#75 /home/runner/work/gestaodecustos/gestaodecustos/vendor/laravel/framework/src/Illuminate/Pipeline/Pipeline.php(180): Illuminate\Foundation\Http\Kernel->Illuminate\Foundation\Http\{closure}()
#76 /home/runner/work/gestaodecustos/gestaodecustos/vendor/livewire/livewire/src/Features/SupportDisablingBackButtonCache/DisableBackButtonCacheMiddleware.php(19): Illuminate\Pipeline\Pipeline->Illuminate\Pipeline\{closure}()
#77 /home/runner/work/gestaodecustos/gestaodecustos/vendor/laravel/framework/src/Illuminate/Pipeline/Pipeline.php(219): Livewire\Features\SupportDisablingBackButtonCache\DisableBackButtonCacheMiddleware->handle()
#78 /home/runner/work/gestaodecustos/gestaodecustos/vendor/laravel/framework/src/Illuminate/Foundation/Http/Middleware/TransformsRequest.php(21): Illuminate\Pipeline\Pipeline->Illuminate\Pipeline\{closure}()
#79 /home/runner/work/gestaodecustos/gestaodecustos/vendor/laravel/framework/src/Illuminate/Foundation/Http/Middleware/ConvertEmptyStringsToNull.php(31): Illuminate\Foundation\Http\Middleware\TransformsRequest->handle()
#80 /home/runner/work/gestaodecustos/gestaodecustos/vendor/laravel/framework/src/Illuminate/Pipeline/Pipeline.php(219): Illuminate\Foundation\Http\Middleware\ConvertEmptyStringsToNull->handle()
#81 /home/runner/work/gestaodecustos/gestaodecustos/vendor/laravel/framework/src/Illuminate/Foundation/Http/Middleware/TransformsRequest.php(21): Illuminate\Pipeline\Pipeline->Illuminate\Pipeline\{closure}()
#82 /home/runner/work/gestaodecustos/gestaodecustos/vendor/laravel/framework/src/Illuminate/Foundation/Http/Middleware/TrimStrings.php(51): Illuminate\Foundation\Http\Middleware\TransformsRequest->handle()
#83 /home/runner/work/gestaodecustos/gestaodecustos/vendor/laravel/framework/src/Illuminate/Pipeline/Pipeline.php(219): Illuminate\Foundation\Http\Middleware\TrimStrings->handle()
#84 /home/runner/work/gestaodecustos/gestaodecustos/vendor/laravel/framework/src/Illuminate/Http/Middleware/ValidatePostSize.php(27): Illuminate\Pipeline\Pipeline->Illuminate\Pipeline\{closure}()
#85 /home/runner/work/gestaodecustos/gestaodecustos/vendor/laravel/framework/src/Illuminate/Pipeline/Pipeline.php(219): Illuminate\Http\Middleware\ValidatePostSize->handle()
#86 /home/runner/work/gestaodecustos/gestaodecustos/vendor/laravel/framework/src/Illuminate/Foundation/Http/Middleware/PreventRequestsDuringMaintenance.php(110): Illuminate\Pipeline\Pipeline->Illuminate\Pipeline\{closure}()
#87 /home/runner/work/gestaodecustos/gestaodecustos/vendor/laravel/framework/src/Illuminate/Pipeline/Pipeline.php(219): Illuminate\Foundation\Http\Middleware\PreventRequestsDuringMaintenance->handle()
#88 /home/runner/work/gestaodecustos/gestaodecustos/vendor/laravel/framework/src/Illuminate/Http/Middleware/HandleCors.php(61): Illuminate\Pipeline\Pipeline->Illuminate\Pipeline\{closure}()
#89 /home/runner/work/gestaodecustos/gestaodecustos/vendor/laravel/framework/src/Illuminate/Pipeline/Pipeline.php(219): Illuminate\Http\Middleware\HandleCors->handle()
#90 /home/runner/work/gestaodecustos/gestaodecustos/vendor/laravel/framework/src/Illuminate/Http/Middleware/TrustProxies.php(58): Illuminate\Pipeline\Pipeline->Illuminate\Pipeline\{closure}()
#91 /home/runner/work/gestaodecustos/gestaodecustos/vendor/laravel/framework/src/Illuminate/Pipeline/Pipeline.php(219): Illuminate\Http\Middleware\TrustProxies->handle()
#92 /home/runner/work/gestaodecustos/gestaodecustos/vendor/laravel/framework/src/Illuminate/Foundation/Http/Middleware/InvokeDeferredCallbacks.php(22): Illuminate\Pipeline\Pipeline->Illuminate\Pipeline\{closure}()
#93 /home/runner/work/gestaodecustos/gestaodecustos/vendor/laravel/framework/src/Illuminate/Pipeline/Pipeline.php(219): Illuminate\Foundation\Http\Middleware\InvokeDeferredCallbacks->handle()
#94 /home/runner/work/gestaodecustos/gestaodecustos/vendor/laravel/framework/src/Illuminate/Http/Middleware/ValidatePathEncoding.php(28): Illuminate\Pipeline\Pipeline->Illuminate\Pipeline\{closure}()
#95 /home/runner/work/gestaodecustos/gestaodecustos/vendor/laravel/framework/src/Illuminate/Pipeline/Pipeline.php(219): Illuminate\Http\Middleware\ValidatePathEncoding->handle()
#96 /home/runner/work/gestaodecustos/gestaodecustos/vendor/laravel/framework/src/Illuminate/Pipeline/Pipeline.php(137): Illuminate\Pipeline\Pipeline->Illuminate\Pipeline\{closure}()
#97 /home/runner/work/gestaodecustos/gestaodecustos/vendor/laravel/framework/src/Illuminate/Foundation/Http/Kernel.php(175): Illuminate\Pipeline\Pipeline->then()
#98 /home/runner/work/gestaodecustos/gestaodecustos/vendor/laravel/framework/src/Illuminate/Foundation/Http/Kernel.php(144): Illuminate\Foundation\Http\Kernel->sendRequestThroughRouter()
#99 /home/runner/work/gestaodecustos/gestaodecustos/vendor/laravel/framework/src/Illuminate/Foundation/Testing/Concerns/MakesHttpRequests.php(638): Illuminate\Foundation\Http\Kernel->handle()
#100 /home/runner/work/gestaodecustos/gestaodecustos/vendor/laravel/framework/src/Illuminate/Foundation/Testing/Concerns/MakesHttpRequests.php(368): Illuminate\Foundation\Testing\TestCase->call()
#101 /home/runner/work/gestaodecustos/gestaodecustos/tests/Feature/DashboardTest.php(33): Illuminate\Foundation\Testing\TestCase->get()
#102 /home/runner/work/gestaodecustos/gestaodecustos/vendor/laravel/framework/src/Illuminate/Collections/Traits/EnumeratesValues.php(275): P\Tests\Feature\DashboardTest->{closure}()
#103 /home/runner/work/gestaodecustos/gestaodecustos/tests/Feature/DashboardTest.php(32): Illuminate\Support\Collection->each()
#104 /home/runner/work/gestaodecustos/gestaodecustos/vendor/pestphp/pest/src/Factories/TestCaseMethodFactory.php(177): P\Tests\Feature\DashboardTest->{closure}()
#105 [internal function]: P\Tests\Feature\DashboardTest->Pest\Factories\{closure}()
#106 /home/runner/work/gestaodecustos/gestaodecustos/vendor/pestphp/pest/src/Concerns/Testable.php(514): call_user_func_array()
#107 /home/runner/work/gestaodecustos/gestaodecustos/vendor/pestphp/pest/src/Support/ExceptionTrace.php(26): P\Tests\Feature\DashboardTest->Pest\Concerns\{closure}()
#108 /home/runner/work/gestaodecustos/gestaodecustos/vendor/pestphp/pest/src/Concerns/Testable.php(514): Pest\Support\ExceptionTrace::ensure()
#109 /home/runner/work/gestaodecustos/gestaodecustos/vendor/pestphp/pest/src/Concerns/Testable.php(336): P\Tests\Feature\DashboardTest->__callClosure()
#110 /home/runner/work/gestaodecustos/gestaodecustos/vendor/pestphp/pest/src/Factories/TestCaseFactory.php(179) : eval()'d code(48): P\Tests\Feature\DashboardTest->__runTest()
#111 /home/runner/work/gestaodecustos/gestaodecustos/vendor/phpunit/phpunit/src/Framework/TestCase.php(1318): P\Tests\Feature\DashboardTest->__pest_evaluable_free_users_can_access_the_main_planning_and_analysis_routes()
#112 /home/runner/work/gestaodecustos/gestaodecustos/vendor/phpunit/phpunit/src/Framework/TestCase.php(1355): PHPUnit\Framework\TestCase->invokeTestMethod()
#113 /home/runner/work/gestaodecustos/gestaodecustos/vendor/phpunit/phpunit/src/Framework/TestCase.php(521): PHPUnit\Framework\TestCase->runTest()
#114 /home/runner/work/gestaodecustos/gestaodecustos/vendor/phpunit/phpunit/src/Framework/TestRunner/TestRunner.php(99): PHPUnit\Framework\TestCase->runBare()
#115 /home/runner/work/gestaodecustos/gestaodecustos/vendor/phpunit/phpunit/src/Framework/TestCase.php(361): PHPUnit\Framework\TestRunner->run()
#116 /home/runner/work/gestaodecustos/gestaodecustos/vendor/phpunit/phpunit/src/Framework/TestSuite.php(374): PHPUnit\Framework\TestCase->run()
#117 /home/runner/work/gestaodecustos/gestaodecustos/vendor/phpunit/phpunit/src/Framework/TestSuite.php(374): PHPUnit\Framework\TestSuite->run()
#118 /home/runner/work/gestaodecustos/gestaodecustos/vendor/phpunit/phpunit/src/Framework/TestSuite.php(374): PHPUnit\Framework\TestSuite->run()
#119 /home/runner/work/gestaodecustos/gestaodecustos/vendor/phpunit/phpunit/src/TextUI/TestRunner.php(64): PHPUnit\Framework\TestSuite->run()
#120 /home/runner/work/gestaodecustos/gestaodecustos/vendor/phpunit/phpunit/src/TextUI/Application.php(229): PHPUnit\TextUI\TestRunner->run()
#121 /home/runner/work/gestaodecustos/gestaodecustos/vendor/pestphp/pest/src/Kernel.php(103): PHPUnit\TextUI\Application->run()
#122 /home/runner/work/gestaodecustos/gestaodecustos/vendor/pestphp/pest/bin/pest(196): Pest\Kernel->handle()
#123 /home/runner/work/gestaodecustos/gestaodecustos/vendor/pestphp/pest/bin/pest(204): {closure}()
#124 /home/runner/work/gestaodecustos/gestaodecustos/vendor/bin/pest(119): include('...')
#125 {main}

Next Illuminate\View\ViewException: Unable to locate file in Vite manifest: resources/js/modal-controls.js. (View: /home/runner/work/gestaodecustos/gestaodecustos/resources/views/partials/head.blade.php) (View: /home/runner/work/gestaodecustos/gestaodecustos/resources/views/partials/head.blade.php) in /home/runner/work/gestaodecustos/gestaodecustos/vendor/laravel/framework/src/Illuminate/Foundation/Vite.php:1042
Stack trace:
#0 /home/runner/work/gestaodecustos/gestaodecustos/vendor/livewire/livewire/src/Mechanisms/ExtendBlade/ExtendedCompilerEngine.php(58): Illuminate\View\Engines\CompilerEngine->handleViewException()
#1 /home/runner/work/gestaodecustos/gestaodecustos/vendor/laravel/framework/src/Illuminate/View/Engines/PhpEngine.php(59): Livewire\Mechanisms\ExtendBlade\ExtendedCompilerEngine->handleViewException()
#2 /home/runner/work/gestaodecustos/gestaodecustos/vendor/livewire/livewire/src/Mechanisms/ExtendBlade/ExtendedCompilerEngine.php(22): Illuminate\View\Engines\PhpEngine->evaluatePath()
#3 /home/runner/work/gestaodecustos/gestaodecustos/vendor/laravel/framework/src/Illuminate/View/Engines/CompilerEngine.php(76): Livewire\Mechanisms\ExtendBlade\ExtendedCompilerEngine->evaluatePath()
#4 /home/runner/work/gestaodecustos/gestaodecustos/vendor/livewire/livewire/src/Mechanisms/ExtendBlade/ExtendedCompilerEngine.php(10): Illuminate\View\Engines\CompilerEngine->get()
#5 /home/runner/work/gestaodecustos/gestaodecustos/vendor/laravel/framework/src/Illuminate/View/View.php(208): Livewire\Mechanisms\ExtendBlade\ExtendedCompilerEngine->get()
#6 /home/runner/work/gestaodecustos/gestaodecustos/vendor/laravel/framework/src/Illuminate/View/View.php(191): Illuminate\View\View->getContents()
#7 /home/runner/work/gestaodecustos/gestaodecustos/vendor/laravel/framework/src/Illuminate/View/View.php(160): Illuminate\View\View->renderContents()
#8 /home/runner/work/gestaodecustos/gestaodecustos/vendor/laravel/framework/src/Illuminate/View/Concerns/ManagesComponents.php(103): Illuminate\View\View->render()
#9 /home/runner/work/gestaodecustos/gestaodecustos/storage/framework/views/801a63c08bf77827db6b9098dadda79d.php(17): Illuminate\View\Factory->renderComponent()
#10 /home/runner/work/gestaodecustos/gestaodecustos/vendor/laravel/framework/src/Illuminate/Filesystem/Filesystem.php(123): require('...')
#11 /home/runner/work/gestaodecustos/gestaodecustos/vendor/laravel/framework/src/Illuminate/Filesystem/Filesystem.php(124): Illuminate\Filesystem\Filesystem::Illuminate\Filesystem\{closure}()
#12 /home/runner/work/gestaodecustos/gestaodecustos/vendor/laravel/framework/src/Illuminate/View/Engines/PhpEngine.php(57): Illuminate\Filesystem\Filesystem->getRequire()
#13 /home/runner/work/gestaodecustos/gestaodecustos/vendor/livewire/livewire/src/Mechanisms/ExtendBlade/ExtendedCompilerEngine.php(22): Illuminate\View\Engines\PhpEngine->evaluatePath()
#14 /home/runner/work/gestaodecustos/gestaodecustos/vendor/laravel/framework/src/Illuminate/View/Engines/CompilerEngine.php(76): Livewire\Mechanisms\ExtendBlade\ExtendedCompilerEngine->evaluatePath()
#15 /home/runner/work/gestaodecustos/gestaodecustos/vendor/livewire/livewire/src/Mechanisms/ExtendBlade/ExtendedCompilerEngine.php(10): Illuminate\View\Engines\CompilerEngine->get()
#16 /home/runner/work/gestaodecustos/gestaodecustos/vendor/laravel/framework/src/Illuminate/View/View.php(208): Livewire\Mechanisms\ExtendBlade\ExtendedCompilerEngine->get()
#17 /home/runner/work/gestaodecustos/gestaodecustos/vendor/laravel/framework/src/Illuminate/View/View.php(191): Illuminate\View\View->getContents()
#18 /home/runner/work/gestaodecustos/gestaodecustos/vendor/laravel/framework/src/Illuminate/View/View.php(160): Illuminate\View\View->renderContents()
#19 /home/runner/work/gestaodecustos/gestaodecustos/vendor/laravel/framework/src/Illuminate/View/Compilers/BladeCompiler.php(361): Illuminate\View\View->render()
#20 /home/runner/work/gestaodecustos/gestaodecustos/vendor/laravel/framework/src/Illuminate/Support/Facades/Facade.php(364): Illuminate\View\Compilers\BladeCompiler::render()
#21 /home/runner/work/gestaodecustos/gestaodecustos/vendor/livewire/livewire/src/Features/SupportPageComponents/SupportPageComponents.php(162): Illuminate\Support\Facades\Facade::__callStatic()
#22 /home/runner/work/gestaodecustos/gestaodecustos/vendor/livewire/livewire/src/Features/SupportPageComponents/HandlesPageComponents.php(26): Livewire\Features\SupportPageComponents\SupportPageComponents::renderContentsIntoLayout()
#23 /home/runner/work/gestaodecustos/gestaodecustos/vendor/laravel/framework/src/Illuminate/Routing/ControllerDispatcher.php(46): Livewire\Component->__invoke()
#24 /home/runner/work/gestaodecustos/gestaodecustos/vendor/laravel/framework/src/Illuminate/Routing/Route.php(276): Illuminate\Routing\ControllerDispatcher->dispatch()
#25 /home/runner/work/gestaodecustos/gestaodecustos/vendor/laravel/framework/src/Illuminate/Routing/Route.php(216): Illuminate\Routing\Route->runController()
#26 /home/runner/work/gestaodecustos/gestaodecustos/vendor/laravel/framework/src/Illuminate/Routing/Router.php(822): Illuminate\Routing\Route->run()
#27 /home/runner/work/gestaodecustos/gestaodecustos/vendor/laravel/framework/src/Illuminate/Pipeline/Pipeline.php(180): Illuminate\Routing\Router->Illuminate\Routing\{closure}()
#28 /home/runner/work/gestaodecustos/gestaodecustos/vendor/laravel/framework/src/Illuminate/Auth/Middleware/EnsureEmailIsVerified.php(41): Illuminate\Pipeline\Pipeline->Illuminate\Pipeline\{closure}()
#29 /home/runner/work/gestaodecustos/gestaodecustos/vendor/laravel/framework/src/Illuminate/Pipeline/Pipeline.php(219): Illuminate\Auth\Middleware\EnsureEmailIsVerified->handle()
#30 /home/runner/work/gestaodecustos/gestaodecustos/app/Http/Middleware/ThrottleVerificationCode.php(27): Illuminate\Pipeline\Pipeline->Illuminate\Pipeline\{closure}()
#31 /home/runner/work/gestaodecustos/gestaodecustos/vendor/laravel/framework/src/Illuminate/Pipeline/Pipeline.php(219): App\Http\Middleware\ThrottleVerificationCode->handle()
#32 /home/runner/work/gestaodecustos/gestaodecustos/app/Http/Middleware/EnsureBusinessWorkspaceAccess.php(71): Illuminate\Pipeline\Pipeline->Illuminate\Pipeline\{closure}()
#33 /home/runner/work/gestaodecustos/gestaodecustos/vendor/laravel/framework/src/Illuminate/Pipeline/Pipeline.php(219): App\Http\Middleware\EnsureBusinessWorkspaceAccess->handle()
#34 /home/runner/work/gestaodecustos/gestaodecustos/app/Http/Middleware/EnsureImpersonationIsValid.php(20): Illuminate\Pipeline\Pipeline->Illuminate\Pipeline\{closure}()
#35 /home/runner/work/gestaodecustos/gestaodecustos/vendor/laravel/framework/src/Illuminate/Pipeline/Pipeline.php(219): App\Http\Middleware\EnsureImpersonationIsValid->handle()
#36 /home/runner/work/gestaodecustos/gestaodecustos/app/Http/Middleware/UpdateUserActivity.php(27): Illuminate\Pipeline\Pipeline->Illuminate\Pipeline\{closure}()
#37 /home/runner/work/gestaodecustos/gestaodecustos/vendor/laravel/framework/src/Illuminate/Pipeline/Pipeline.php(219): App\Http\Middleware\UpdateUserActivity->handle()
#38 /home/runner/work/gestaodecustos/gestaodecustos/app/Http/Middleware/CheckRegistrationStatus.php(25): Illuminate\Pipeline\Pipeline->Illuminate\Pipeline\{closure}()
#39 /home/runner/work/gestaodecustos/gestaodecustos/vendor/laravel/framework/src/Illuminate/Pipeline/Pipeline.php(219): App\Http\Middleware\CheckRegistrationStatus->handle()
#40 /home/runner/work/gestaodecustos/gestaodecustos/app/Http/Middleware/CheckMaintenanceMode.php(41): Illuminate\Pipeline\Pipeline->Illuminate\Pipeline\{closure}()
#41 /home/runner/work/gestaodecustos/gestaodecustos/vendor/laravel/framework/src/Illuminate/Pipeline/Pipeline.php(219): App\Http\Middleware\CheckMaintenanceMode->handle()
#42 /home/runner/work/gestaodecustos/gestaodecustos/app/Http/Middleware/SetLocale.php(30): Illuminate\Pipeline\Pipeline->Illuminate\Pipeline\{closure}()
#43 /home/runner/work/gestaodecustos/gestaodecustos/vendor/laravel/framework/src/Illuminate/Pipeline/Pipeline.php(219): App\Http\Middleware\SetLocale->handle()
#44 /home/runner/work/gestaodecustos/gestaodecustos/vendor/laravel/framework/src/Illuminate/Routing/Middleware/SubstituteBindings.php(52): Illuminate\Pipeline\Pipeline->Illuminate\Pipeline\{closure}()
#45 /home/runner/work/gestaodecustos/gestaodecustos/vendor/laravel/framework/src/Illuminate/Pipeline/Pipeline.php(219): Illuminate\Routing\Middleware\SubstituteBindings->handle()
#46 /home/runner/work/gestaodecustos/gestaodecustos/vendor/laravel/framework/src/Illuminate/Auth/Middleware/Authenticate.php(63): Illuminate\Pipeline\Pipeline->Illuminate\Pipeline\{closure}()
#47 /home/runner/work/gestaodecustos/gestaodecustos/vendor/laravel/framework/src/Illuminate/Pipeline/Pipeline.php(219): Illuminate\Auth\Middleware\Authenticate->handle()
#48 /home/runner/work/gestaodecustos/gestaodecustos/vendor/laravel/framework/src/Illuminate/Foundation/Http/Middleware/PreventRequestForgery.php(104): Illuminate\Pipeline\Pipeline->Illuminate\Pipeline\{closure}()
#49 /home/runner/work/gestaodecustos/gestaodecustos/vendor/laravel/framework/src/Illuminate/Pipeline/Pipeline.php(219): Illuminate\Foundation\Http\Middleware\PreventRequestForgery->handle()
#50 /home/runner/work/gestaodecustos/gestaodecustos/vendor/laravel/framework/src/Illuminate/View/Middleware/ShareErrorsFromSession.php(48): Illuminate\Pipeline\Pipeline->Illuminate\Pipeline\{closure}()
#51 /home/runner/work/gestaodecustos/gestaodecustos/vendor/laravel/framework/src/Illuminate/Pipeline/Pipeline.php(219): Illuminate\View\Middleware\ShareErrorsFromSession->handle()
#52 /home/runner/work/gestaodecustos/gestaodecustos/vendor/laravel/framework/src/Illuminate/Session/Middleware/StartSession.php(120): Illuminate\Pipeline\Pipeline->Illuminate\Pipeline\{closure}()
#53 /home/runner/work/gestaodecustos/gestaodecustos/vendor/laravel/framework/src/Illuminate/Session/Middleware/StartSession.php(63): Illuminate\Session\Middleware\StartSession->handleStatefulRequest()
#54 /home/runner/work/gestaodecustos/gestaodecustos/vendor/laravel/framework/src/Illuminate/Pipeline/Pipeline.php(219): Illuminate\Session\Middleware\StartSession->handle()
#55 /home/runner/work/gestaodecustos/gestaodecustos/vendor/laravel/framework/src/Illuminate/Cookie/Middleware/AddQueuedCookiesToResponse.php(36): Illuminate\Pipeline\Pipeline->Illuminate\Pipeline\{closure}()
#56 /home/runner/work/gestaodecustos/gestaodecustos/vendor/laravel/framework/src/Illuminate/Pipeline/Pipeline.php(219): Illuminate\Cookie\Middleware\AddQueuedCookiesToResponse->handle()
#57 /home/runner/work/gestaodecustos/gestaodecustos/vendor/laravel/framework/src/Illuminate/Cookie/Middleware/EncryptCookies.php(74): Illuminate\Pipeline\Pipeline->Illuminate\Pipeline\{closure}()
#58 /home/runner/work/gestaodecustos/gestaodecustos/vendor/laravel/framework/src/Illuminate/Pipeline/Pipeline.php(219): Illuminate\Cookie\Middleware\EncryptCookies->handle()
#59 /home/runner/work/gestaodecustos/gestaodecustos/vendor/laravel/framework/src/Illuminate/Pipeline/Pipeline.php(137): Illuminate\Pipeline\Pipeline->Illuminate\Pipeline\{closure}()
#60 /home/runner/work/gestaodecustos/gestaodecustos/vendor/laravel/framework/src/Illuminate/Routing/Router.php(821): Illuminate\Pipeline\Pipeline->then()
#61 /home/runner/work/gestaodecustos/gestaodecustos/vendor/laravel/framework/src/Illuminate/Routing/Router.php(800): Illuminate\Routing\Router->runRouteWithinStack()
#62 /home/runner/work/gestaodecustos/gestaodecustos/vendor/laravel/framework/src/Illuminate/Routing/Router.php(764): Illuminate\Routing\Router->runRoute()
#63 /home/runner/work/gestaodecustos/gestaodecustos/vendor/laravel/framework/src/Illuminate/Routing/Router.php(753): Illuminate\Routing\Router->dispatchToRoute()
#64 /home/runner/work/gestaodecustos/gestaodecustos/vendor/laravel/framework/src/Illuminate/Foundation/Http/Kernel.php(200): Illuminate\Routing\Router->dispatch()
#65 /home/runner/work/gestaodecustos/gestaodecustos/vendor/laravel/framework/src/Illuminate/Pipeline/Pipeline.php(180): Illuminate\Foundation\Http\Kernel->Illuminate\Foundation\Http\{closure}()
#66 /home/runner/work/gestaodecustos/gestaodecustos/vendor/livewire/livewire/src/Features/SupportDisablingBackButtonCache/DisableBackButtonCacheMiddleware.php(19): Illuminate\Pipeline\Pipeline->Illuminate\Pipeline\{closure}()
#67 /home/runner/work/gestaodecustos/gestaodecustos/vendor/laravel/framework/src/Illuminate/Pipeline/Pipeline.php(219): Livewire\Features\SupportDisablingBackButtonCache\DisableBackButtonCacheMiddleware->handle()
#68 /home/runner/work/gestaodecustos/gestaodecustos/vendor/laravel/framework/src/Illuminate/Foundation/Http/Middleware/TransformsRequest.php(21): Illuminate\Pipeline\Pipeline->Illuminate\Pipeline\{closure}()
#69 /home/runner/work/gestaodecustos/gestaodecustos/vendor/laravel/framework/src/Illuminate/Foundation/Http/Middleware/ConvertEmptyStringsToNull.php(31): Illuminate\Foundation\Http\Middleware\TransformsRequest->handle()
#70 /home/runner/work/gestaodecustos/gestaodecustos/vendor/laravel/framework/src/Illuminate/Pipeline/Pipeline.php(219): Illuminate\Foundation\Http\Middleware\ConvertEmptyStringsToNull->handle()
#71 /home/runner/work/gestaodecustos/gestaodecustos/vendor/laravel/framework/src/Illuminate/Foundation/Http/Middleware/TransformsRequest.php(21): Illuminate\Pipeline\Pipeline->Illuminate\Pipeline\{closure}()
#72 /home/runner/work/gestaodecustos/gestaodecustos/vendor/laravel/framework/src/Illuminate/Foundation/Http/Middleware/TrimStrings.php(51): Illuminate\Foundation\Http\Middleware\TransformsRequest->handle()
#73 /home/runner/work/gestaodecustos/gestaodecustos/vendor/laravel/framework/src/Illuminate/Pipeline/Pipeline.php(219): Illuminate\Foundation\Http\Middleware\TrimStrings->handle()
#74 /home/runner/work/gestaodecustos/gestaodecustos/vendor/laravel/framework/src/Illuminate/Http/Middleware/ValidatePostSize.php(27): Illuminate\Pipeline\Pipeline->Illuminate\Pipeline\{closure}()
#75 /home/runner/work/gestaodecustos/gestaodecustos/vendor/laravel/framework/src/Illuminate/Pipeline/Pipeline.php(219): Illuminate\Http\Middleware\ValidatePostSize->handle()
#76 /home/runner/work/gestaodecustos/gestaodecustos/vendor/laravel/framework/src/Illuminate/Foundation/Http/Middleware/PreventRequestsDuringMaintenance.php(110): Illuminate\Pipeline\Pipeline->Illuminate\Pipeline\{closure}()
#77 /home/runner/work/gestaodecustos/gestaodecustos/vendor/laravel/framework/src/Illuminate/Pipeline/Pipeline.php(219): Illuminate\Foundation\Http\Middleware\PreventRequestsDuringMaintenance->handle()
#78 /home/runner/work/gestaodecustos/gestaodecustos/vendor/laravel/framework/src/Illuminate/Http/Middleware/HandleCors.php(61): Illuminate\Pipeline\Pipeline->Illuminate\Pipeline\{closure}()
#79 /home/runner/work/gestaodecustos/gestaodecustos/vendor/laravel/framework/src/Illuminate/Pipeline/Pipeline.php(219): Illuminate\Http\Middleware\HandleCors->handle()
#80 /home/runner/work/gestaodecustos/gestaodecustos/vendor/laravel/framework/src/Illuminate/Http/Middleware/TrustProxies.php(58): Illuminate\Pipeline\Pipeline->Illuminate\Pipeline\{closure}()
#81 /home/runner/work/gestaodecustos/gestaodecustos/vendor/laravel/framework/src/Illuminate/Pipeline/Pipeline.php(219): Illuminate\Http\Middleware\TrustProxies->handle()
#82 /home/runner/work/gestaodecustos/gestaodecustos/vendor/laravel/framework/src/Illuminate/Foundation/Http/Middleware/InvokeDeferredCallbacks.php(22): Illuminate\Pipeline\Pipeline->Illuminate\Pipeline\{closure}()
#83 /home/runner/work/gestaodecustos/gestaodecustos/vendor/laravel/framework/src/Illuminate/Pipeline/Pipeline.php(219): Illuminate\Foundation\Http\Middleware\InvokeDeferredCallbacks->handle()
#84 /home/runner/work/gestaodecustos/gestaodecustos/vendor/laravel/framework/src/Illuminate/Http/Middleware/ValidatePathEncoding.php(28): Illuminate\Pipeline\Pipeline->Illuminate\Pipeline\{closure}()
#85 /home/runner/work/gestaodecustos/gestaodecustos/vendor/laravel/framework/src/Illuminate/Pipeline/Pipeline.php(219): Illuminate\Http\Middleware\ValidatePathEncoding->handle()
#86 /home/runner/work/gestaodecustos/gestaodecustos/vendor/laravel/framework/src/Illuminate/Pipeline/Pipeline.php(137): Illuminate\Pipeline\Pipeline->Illuminate\Pipeline\{closure}()
#87 /home/runner/work/gestaodecustos/gestaodecustos/vendor/laravel/framework/src/Illuminate/Foundation/Http/Kernel.php(175): Illuminate\Pipeline\Pipeline->then()
#88 /home/runner/work/gestaodecustos/gestaodecustos/vendor/laravel/framework/src/Illuminate/Foundation/Http/Kernel.php(144): Illuminate\Foundation\Http\Kernel->sendRequestThroughRouter()
#89 /home/runner/work/gestaodecustos/gestaodecustos/vendor/laravel/framework/src/Illuminate/Foundation/Testing/Concerns/MakesHttpRequests.php(638): Illuminate\Foundation\Http\Kernel->handle()
#90 /home/runner/work/gestaodecustos/gestaodecustos/vendor/laravel/framework/src/Illuminate/Foundation/Testing/Concerns/MakesHttpRequests.php(368): Illuminate\Foundation\Testing\TestCase->call()
#91 /home/runner/work/gestaodecustos/gestaodecustos/tests/Feature/DashboardTest.php(33): Illuminate\Foundation\Testing\TestCase->get()
#92 /home/runner/work/gestaodecustos/gestaodecustos/vendor/laravel/framework/src/Illuminate/Collections/Traits/EnumeratesValues.php(275): P\Tests\Feature\DashboardTest->{closure}()
#93 /home/runner/work/gestaodecustos/gestaodecustos/tests/Feature/DashboardTest.php(32): Illuminate\Support\Collection->each()
#94 /home/runner/work/gestaodecustos/gestaodecustos/vendor/pestphp/pest/src/Factories/TestCaseMethodFactory.php(177): P\Tests\Feature\DashboardTest->{closure}()
#95 [internal function]: P\Tests\Feature\DashboardTest->Pest\Factories\{closure}()
#96 /home/runner/work/gestaodecustos/gestaodecustos/vendor/pestphp/pest/src/Concerns/Testable.php(514): call_user_func_array()
#97 /home/runner/work/gestaodecustos/gestaodecustos/vendor/pestphp/pest/src/Support/ExceptionTrace.php(26): P\Tests\Feature\DashboardTest->Pest\Concerns\{closure}()
#98 /home/runner/work/gestaodecustos/gestaodecustos/vendor/pestphp/pest/src/Concerns/Testable.php(514): Pest\Support\ExceptionTrace::ensure()
#99 /home/runner/work/gestaodecustos/gestaodecustos/vendor/pestphp/pest/src/Concerns/Testable.php(336): P\Tests\Feature\DashboardTest->__callClosure()
#100 /home/runner/work/gestaodecustos/gestaodecustos/vendor/pestphp/pest/src/Factories/TestCaseFactory.php(179) : eval()'d code(48): P\Tests\Feature\DashboardTest->__runTest()
#101 /home/runner/work/gestaodecustos/gestaodecustos/vendor/phpunit/phpunit/src/Framework/TestCase.php(1318): P\Tests\Feature\DashboardTest->__pest_evaluable_free_users_can_access_the_main_planning_and_analysis_routes()
#102 /home/runner/work/gestaodecustos/gestaodecustos/vendor/phpunit/phpunit/src/Framework/TestCase.php(1355): PHPUnit\Framework\TestCase->invokeTestMethod()
#103 /home/runner/work/gestaodecustos/gestaodecustos/vendor/phpunit/phpunit/src/Framework/TestCase.php(521): PHPUnit\Framework\TestCase->runTest()
#104 /home/runner/work/gestaodecustos/gestaodecustos/vendor/phpunit/phpunit/src/Framework/TestRunner/TestRunner.php(99): PHPUnit\Framework\TestCase->runBare()
#105 /home/runner/work/gestaodecustos/gestaodecustos/vendor/phpunit/phpunit/src/Framework/TestCase.php(361): PHPUnit\Framework\TestRunner->run()
#106 /home/runner/work/gestaodecustos/gestaodecustos/vendor/phpunit/phpunit/src/Framework/TestSuite.php(374): PHPUnit\Framework\TestCase->run()
#107 /home/runner/work/gestaodecustos/gestaodecustos/vendor/phpunit/phpunit/src/Framework/TestSuite.php(374): PHPUnit\Framework\TestSuite->run()
#108 /home/runner/work/gestaodecustos/gestaodecustos/vendor/phpunit/phpunit/src/Framework/TestSuite.php(374): PHPUnit\Framework\TestSuite->run()
#109 /home/runner/work/gestaodecustos/gestaodecustos/vendor/phpunit/phpunit/src/TextUI/TestRunner.php(64): PHPUnit\Framework\TestSuite->run()
#110 /home/runner/work/gestaodecustos/gestaodecustos/vendor/phpunit/phpunit/src/TextUI/Application.php(229): PHPUnit\TextUI\TestRunner->run()
#111 /home/runner/work/gestaodecustos/gestaodecustos/vendor/pestphp/pest/src/Kernel.php(103): PHPUnit\TextUI\Application->run()
#112 /home/runner/work/gestaodecustos/gestaodecustos/vendor/pestphp/pest/bin/pest(196): Pest\Kernel->handle()
#113 /home/runner/work/gestaodecustos/gestaodecustos/vendor/pestphp/pest/bin/pest(204): {closure}()
#114 /home/runner/work/gestaodecustos/gestaodecustos/vendor/bin/pest(119): include('...')
#115 {main}

Next Illuminate\View\ViewException: Unable to locate file in Vite manifest: resources/js/modal-controls.js. (View: /home/runner/work/gestaodecustos/gestaodecustos/resources/views/partials/head.blade.php) (View: /home/runner/work/gestaodecustos/gestaodecustos/resources/views/partials/head.blade.php) (View: /home/runner/work/gestaodecustos/gestaodecustos/resources/views/partials/head.blade.php) in /home/runner/work/gestaodecustos/gestaodecustos/vendor/laravel/framework/src/Illuminate/Foundation/Vite.php:1042
Stack trace:
#0 /home/runner/work/gestaodecustos/gestaodecustos/vendor/livewire/livewire/src/Mechanisms/ExtendBlade/ExtendedCompilerEngine.php(58): Illuminate\View\Engines\CompilerEngine->handleViewException()
#1 /home/runner/work/gestaodecustos/gestaodecustos/vendor/laravel/framework/src/Illuminate/View/Engines/PhpEngine.php(59): Livewire\Mechanisms\ExtendBlade\ExtendedCompilerEngine->handleViewException()
#2 /home/runner/work/gestaodecustos/gestaodecustos/vendor/livewire/livewire/src/Mechanisms/ExtendBlade/ExtendedCompilerEngine.php(22): Illuminate\View\Engines\PhpEngine->evaluatePath()
#3 /home/runner/work/gestaodecustos/gestaodecustos/vendor/laravel/framework/src/Illuminate/View/Engines/CompilerEngine.php(76): Livewire\Mechanisms\ExtendBlade\ExtendedCompilerEngine->evaluatePath()
#4 /home/runner/work/gestaodecustos/gestaodecustos/vendor/livewire/livewire/src/Mechanisms/ExtendBlade/ExtendedCompilerEngine.php(10): Illuminate\View\Engines\CompilerEngine->get()
#5 /home/runner/work/gestaodecustos/gestaodecustos/vendor/laravel/framework/src/Illuminate/View/View.php(208): Livewire\Mechanisms\ExtendBlade\ExtendedCompilerEngine->get()
#6 /home/runner/work/gestaodecustos/gestaodecustos/vendor/laravel/framework/src/Illuminate/View/View.php(191): Illuminate\View\View->getContents()
#7 /home/runner/work/gestaodecustos/gestaodecustos/vendor/laravel/framework/src/Illuminate/View/View.php(160): Illuminate\View\View->renderContents()
#8 /home/runner/work/gestaodecustos/gestaodecustos/vendor/laravel/framework/src/Illuminate/View/Compilers/BladeCompiler.php(361): Illuminate\View\View->render()
#9 /home/runner/work/gestaodecustos/gestaodecustos/vendor/laravel/framework/src/Illuminate/Support/Facades/Facade.php(364): Illuminate\View\Compilers\BladeCompiler::render()
#10 /home/runner/work/gestaodecustos/gestaodecustos/vendor/livewire/livewire/src/Features/SupportPageComponents/SupportPageComponents.php(162): Illuminate\Support\Facades\Facade::__callStatic()
#11 /home/runner/work/gestaodecustos/gestaodecustos/vendor/livewire/livewire/src/Features/SupportPageComponents/HandlesPageComponents.php(26): Livewire\Features\SupportPageComponents\SupportPageComponents::renderContentsIntoLayout()
#12 /home/runner/work/gestaodecustos/gestaodecustos/vendor/laravel/framework/src/Illuminate/Routing/ControllerDispatcher.php(46): Livewire\Component->__invoke()
#13 /home/runner/work/gestaodecustos/gestaodecustos/vendor/laravel/framework/src/Illuminate/Routing/Route.php(276): Illuminate\Routing\ControllerDispatcher->dispatch()
#14 /home/runner/work/gestaodecustos/gestaodecustos/vendor/laravel/framework/src/Illuminate/Routing/Route.php(216): Illuminate\Routing\Route->runController()
#15 /home/runner/work/gestaodecustos/gestaodecustos/vendor/laravel/framework/src/Illuminate/Routing/Router.php(822): Illuminate\Routing\Route->run()
#16 /home/runner/work/gestaodecustos/gestaodecustos/vendor/laravel/framework/src/Illuminate/Pipeline/Pipeline.php(180): Illuminate\Routing\Router->Illuminate\Routing\{closure}()
#17 /home/runner/work/gestaodecustos/gestaodecustos/vendor/laravel/framework/src/Illuminate/Auth/Middleware/EnsureEmailIsVerified.php(41): Illuminate\Pipeline\Pipeline->Illuminate\Pipeline\{closure}()
#18 /home/runner/work/gestaodecustos/gestaodecustos/vendor/laravel/framework/src/Illuminate/Pipeline/Pipeline.php(219): Illuminate\Auth\Middleware\EnsureEmailIsVerified->handle()
#19 /home/runner/work/gestaodecustos/gestaodecustos/app/Http/Middleware/ThrottleVerificationCode.php(27): Illuminate\Pipeline\Pipeline->Illuminate\Pipeline\{closure}()
#20 /home/runner/work/gestaodecustos/gestaodecustos/vendor/laravel/framework/src/Illuminate/Pipeline/Pipeline.php(219): App\Http\Middleware\ThrottleVerificationCode->handle()
#21 /home/runner/work/gestaodecustos/gestaodecustos/app/Http/Middleware/EnsureBusinessWorkspaceAccess.php(71): Illuminate\Pipeline\Pipeline->Illuminate\Pipeline\{closure}()
#22 /home/runner/work/gestaodecustos/gestaodecustos/vendor/laravel/framework/src/Illuminate/Pipeline/Pipeline.php(219): App\Http\Middleware\EnsureBusinessWorkspaceAccess->handle()
#23 /home/runner/work/gestaodecustos/gestaodecustos/app/Http/Middleware/EnsureImpersonationIsValid.php(20): Illuminate\Pipeline\Pipeline->Illuminate\Pipeline\{closure}()
#24 /home/runner/work/gestaodecustos/gestaodecustos/vendor/laravel/framework/src/Illuminate/Pipeline/Pipeline.php(219): App\Http\Middleware\EnsureImpersonationIsValid->handle()
#25 /home/runner/work/gestaodecustos/gestaodecustos/app/Http/Middleware/UpdateUserActivity.php(27): Illuminate\Pipeline\Pipeline->Illuminate\Pipeline\{closure}()
#26 /home/runner/work/gestaodecustos/gestaodecustos/vendor/laravel/framework/src/Illuminate/Pipeline/Pipeline.php(219): App\Http\Middleware\UpdateUserActivity->handle()
#27 /home/runner/work/gestaodecustos/gestaodecustos/app/Http/Middleware/CheckRegistrationStatus.php(25): Illuminate\Pipeline\Pipeline->Illuminate\Pipeline\{closure}()
#28 /home/runner/work/gestaodecustos/gestaodecustos/vendor/laravel/framework/src/Illuminate/Pipeline/Pipeline.php(219): App\Http\Middleware\CheckRegistrationStatus->handle()
#29 /home/runner/work/gestaodecustos/gestaodecustos/app/Http/Middleware/CheckMaintenanceMode.php(41): Illuminate\Pipeline\Pipeline->Illuminate\Pipeline\{closure}()
#30 /home/runner/work/gestaodecustos/gestaodecustos/vendor/laravel/framework/src/Illuminate/Pipeline/Pipeline.php(219): App\Http\Middleware\CheckMaintenanceMode->handle()
#31 /home/runner/work/gestaodecustos/gestaodecustos/app/Http/Middleware/SetLocale.php(30): Illuminate\Pipeline\Pipeline->Illuminate\Pipeline\{closure}()
#32 /home/runner/work/gestaodecustos/gestaodecustos/vendor/laravel/framework/src/Illuminate/Pipeline/Pipeline.php(219): App\Http\Middleware\SetLocale->handle()
#33 /home/runner/work/gestaodecustos/gestaodecustos/vendor/laravel/framework/src/Illuminate/Routing/Middleware/SubstituteBindings.php(52): Illuminate\Pipeline\Pipeline->Illuminate\Pipeline\{closure}()
#34 /home/runner/work/gestaodecustos/gestaodecustos/vendor/laravel/framework/src/Illuminate/Pipeline/Pipeline.php(219): Illuminate\Routing\Middleware\SubstituteBindings->handle()
#35 /home/runner/work/gestaodecustos/gestaodecustos/vendor/laravel/framework/src/Illuminate/Auth/Middleware/Authenticate.php(63): Illuminate\Pipeline\Pipeline->Illuminate\Pipeline\{closure}()
#36 /home/runner/work/gestaodecustos/gestaodecustos/vendor/laravel/framework/src/Illuminate/Pipeline/Pipeline.php(219): Illuminate\Auth\Middleware\Authenticate->handle()
#37 /home/runner/work/gestaodecustos/gestaodecustos/vendor/laravel/framework/src/Illuminate/Foundation/Http/Middleware/PreventRequestForgery.php(104): Illuminate\Pipeline\Pipeline->Illuminate\Pipeline\{closure}()
#38 /home/runner/work/gestaodecustos/gestaodecustos/vendor/laravel/framework/src/Illuminate/Pipeline/Pipeline.php(219): Illuminate\Foundation\Http\Middleware\PreventRequestForgery->handle()
#39 /home/runner/work/gestaodecustos/gestaodecustos/vendor/laravel/framework/src/Illuminate/View/Middleware/ShareErrorsFromSession.php(48): Illuminate\Pipeline\Pipeline->Illuminate\Pipeline\{closure}()
#40 /home/runner/work/gestaodecustos/gestaodecustos/vendor/laravel/framework/src/Illuminate/Pipeline/Pipeline.php(219): Illuminate\View\Middleware\ShareErrorsFromSession->handle()
#41 /home/runner/work/gestaodecustos/gestaodecustos/vendor/laravel/framework/src/Illuminate/Session/Middleware/StartSession.php(120): Illuminate\Pipeline\Pipeline->Illuminate\Pipeline\{closure}()
#42 /home/runner/work/gestaodecustos/gestaodecustos/vendor/laravel/framework/src/Illuminate/Session/Middleware/StartSession.php(63): Illuminate\Session\Middleware\StartSession->handleStatefulRequest()
#43 /home/runner/work/gestaodecustos/gestaodecustos/vendor/laravel/framework/src/Illuminate/Pipeline/Pipeline.php(219): Illuminate\Session\Middleware\StartSession->handle()
#44 /home/runner/work/gestaodecustos/gestaodecustos/vendor/laravel/framework/src/Illuminate/Cookie/Middleware/AddQueuedCookiesToResponse.php(36): Illuminate\Pipeline\Pipeline->Illuminate\Pipeline\{closure}()
#45 /home/runner/work/gestaodecustos/gestaodecustos/vendor/laravel/framework/src/Illuminate/Pipeline/Pipeline.php(219): Illuminate\Cookie\Middleware\AddQueuedCookiesToResponse->handle()
#46 /home/runner/work/gestaodecustos/gestaodecustos/vendor/laravel/framework/src/Illuminate/Cookie/Middleware/EncryptCookies.php(74): Illuminate\Pipeline\Pipeline->Illuminate\Pipeline\{closure}()
#47 /home/runner/work/gestaodecustos/gestaodecustos/vendor/laravel/framework/src/Illuminate/Pipeline/Pipeline.php(219): Illuminate\Cookie\Middleware\EncryptCookies->handle()
#48 /home/runner/work/gestaodecustos/gestaodecustos/vendor/laravel/framework/src/Illuminate/Pipeline/Pipeline.php(137): Illuminate\Pipeline\Pipeline->Illuminate\Pipeline\{closure}()
#49 /home/runner/work/gestaodecustos/gestaodecustos/vendor/laravel/framework/src/Illuminate/Routing/Router.php(821): Illuminate\Pipeline\Pipeline->then()
#50 /home/runner/work/gestaodecustos/gestaodecustos/vendor/laravel/framework/src/Illuminate/Routing/Router.php(800): Illuminate\Routing\Router->runRouteWithinStack()
#51 /home/runner/work/gestaodecustos/gestaodecustos/vendor/laravel/framework/src/Illuminate/Routing/Router.php(764): Illuminate\Routing\Router->runRoute()
#52 /home/runner/work/gestaodecustos/gestaodecustos/vendor/laravel/framework/src/Illuminate/Routing/Router.php(753): Illuminate\Routing\Router->dispatchToRoute()
#53 /home/runner/work/gestaodecustos/gestaodecustos/vendor/laravel/framework/src/Illuminate/Foundation/Http/Kernel.php(200): Illuminate\Routing\Router->dispatch()
#54 /home/runner/work/gestaodecustos/gestaodecustos/vendor/laravel/framework/src/Illuminate/Pipeline/Pipeline.php(180): Illuminate\Foundation\Http\Kernel->Illuminate\Foundation\Http\{closure}()
#55 /home/runner/work/gestaodecustos/gestaodecustos/vendor/livewire/livewire/src/Features/SupportDisablingBackButtonCache/DisableBackButtonCacheMiddleware.php(19): Illuminate\Pipeline\Pipeline->Illuminate\Pipeline\{closure}()
#56 /home/runner/work/gestaodecustos/gestaodecustos/vendor/laravel/framework/src/Illuminate/Pipeline/Pipeline.php(219): Livewire\Features\SupportDisablingBackButtonCache\DisableBackButtonCacheMiddleware->handle()
#57 /home/runner/work/gestaodecustos/gestaodecustos/vendor/laravel/framework/src/Illuminate/Foundation/Http/Middleware/TransformsRequest.php(21): Illuminate\Pipeline\Pipeline->Illuminate\Pipeline\{closure}()
#58 /home/runner/work/gestaodecustos/gestaodecustos/vendor/laravel/framework/src/Illuminate/Foundation/Http/Middleware/ConvertEmptyStringsToNull.php(31): Illuminate\Foundation\Http\Middleware\TransformsRequest->handle()
#59 /home/runner/work/gestaodecustos/gestaodecustos/vendor/laravel/framework/src/Illuminate/Pipeline/Pipeline.php(219): Illuminate\Foundation\Http\Middleware\ConvertEmptyStringsToNull->handle()
#60 /home/runner/work/gestaodecustos/gestaodecustos/vendor/laravel/framework/src/Illuminate/Foundation/Http/Middleware/TransformsRequest.php(21): Illuminate\Pipeline\Pipeline->Illuminate\Pipeline\{closure}()
#61 /home/runner/work/gestaodecustos/gestaodecustos/vendor/laravel/framework/src/Illuminate/Foundation/Http/Middleware/TrimStrings.php(51): Illuminate\Foundation\Http\Middleware\TransformsRequest->handle()
#62 /home/runner/work/gestaodecustos/gestaodecustos/vendor/laravel/framework/src/Illuminate/Pipeline/Pipeline.php(219): Illuminate\Foundation\Http\Middleware\TrimStrings->handle()
#63 /home/runner/work/gestaodecustos/gestaodecustos/vendor/laravel/framework/src/Illuminate/Http/Middleware/ValidatePostSize.php(27): Illuminate\Pipeline\Pipeline->Illuminate\Pipeline\{closure}()
#64 /home/runner/work/gestaodecustos/gestaodecustos/vendor/laravel/framework/src/Illuminate/Pipeline/Pipeline.php(219): Illuminate\Http\Middleware\ValidatePostSize->handle()
#65 /home/runner/work/gestaodecustos/gestaodecustos/vendor/laravel/framework/src/Illuminate/Foundation/Http/Middleware/PreventRequestsDuringMaintenance.php(110): Illuminate\Pipeline\Pipeline->Illuminate\Pipeline\{closure}()
#66 /home/runner/work/gestaodecustos/gestaodecustos/vendor/laravel/framework/src/Illuminate/Pipeline/Pipeline.php(219): Illuminate\Foundation\Http\Middleware\PreventRequestsDuringMaintenance->handle()
#67 /home/runner/work/gestaodecustos/gestaodecustos/vendor/laravel/framework/src/Illuminate/Http/Middleware/HandleCors.php(61): Illuminate\Pipeline\Pipeline->Illuminate\Pipeline\{closure}()
#68 /home/runner/work/gestaodecustos/gestaodecustos/vendor/laravel/framework/src/Illuminate/Pipeline/Pipeline.php(219): Illuminate\Http\Middleware\HandleCors->handle()
#69 /home/runner/work/gestaodecustos/gestaodecustos/vendor/laravel/framework/src/Illuminate/Http/Middleware/TrustProxies.php(58): Illuminate\Pipeline\Pipeline->Illuminate\Pipeline\{closure}()
#70 /home/runner/work/gestaodecustos/gestaodecustos/vendor/laravel/framework/src/Illuminate/Pipeline/Pipeline.php(219): Illuminate\Http\Middleware\TrustProxies->handle()
#71 /home/runner/work/gestaodecustos/gestaodecustos/vendor/laravel/framework/src/Illuminate/Foundation/Http/Middleware/InvokeDeferredCallbacks.php(22): Illuminate\Pipeline\Pipeline->Illuminate\Pipeline\{closure}()
#72 /home/runner/work/gestaodecustos/gestaodecustos/vendor/laravel/framework/src/Illuminate/Pipeline/Pipeline.php(219): Illuminate\Foundation\Http\Middleware\InvokeDeferredCallbacks->handle()
#73 /home/runner/work/gestaodecustos/gestaodecustos/vendor/laravel/framework/src/Illuminate/Http/Middleware/ValidatePathEncoding.php(28): Illuminate\Pipeline\Pipeline->Illuminate\Pipeline\{closure}()
#74 /home/runner/work/gestaodecustos/gestaodecustos/vendor/laravel/framework/src/Illuminate/Pipeline/Pipeline.php(219): Illuminate\Http\Middleware\ValidatePathEncoding->handle()
#75 /home/runner/work/gestaodecustos/gestaodecustos/vendor/laravel/framework/src/Illuminate/Pipeline/Pipeline.php(137): Illuminate\Pipeline\Pipeline->Illuminate\Pipeline\{closure}()
#76 /home/runner/work/gestaodecustos/gestaodecustos/vendor/laravel/framework/src/Illuminate/Foundation/Http/Kernel.php(175): Illuminate\Pipeline\Pipeline->then()
#77 /home/runner/work/gestaodecustos/gestaodecustos/vendor/laravel/framework/src/Illuminate/Foundation/Http/Kernel.php(144): Illuminate\Foundation\Http\Kernel->sendRequestThroughRouter()
#78 /home/runner/work/gestaodecustos/gestaodecustos/vendor/laravel/framework/src/Illuminate/Foundation/Testing/Concerns/MakesHttpRequests.php(638): Illuminate\Foundation\Http\Kernel->handle()
#79 /home/runner/work/gestaodecustos/gestaodecustos/vendor/laravel/framework/src/Illuminate/Foundation/Testing/Concerns/MakesHttpRequests.php(368): Illuminate\Foundation\Testing\TestCase->call()
#80 /home/runner/work/gestaodecustos/gestaodecustos/tests/Feature/DashboardTest.php(33): Illuminate\Foundation\Testing\TestCase->get()
#81 /home/runner/work/gestaodecustos/gestaodecustos/vendor/laravel/framework/src/Illuminate/Collections/Traits/EnumeratesValues.php(275): P\Tests\Feature\DashboardTest->{closure}()
#82 /home/runner/work/gestaodecustos/gestaodecustos/tests/Feature/DashboardTest.php(32): Illuminate\Support\Collection->each()
#83 /home/runner/work/gestaodecustos/gestaodecustos/vendor/pestphp/pest/src/Factories/TestCaseMethodFactory.php(177): P\Tests\Feature\DashboardTest->{closure}()
#84 [internal function]: P\Tests\Feature\DashboardTest->Pest\Factories\{closure}()
#85 /home/runner/work/gestaodecustos/gestaodecustos/vendor/pestphp/pest/src/Concerns/Testable.php(514): call_user_func_array()
#86 /home/runner/work/gestaodecustos/gestaodecustos/vendor/pestphp/pest/src/Support/ExceptionTrace.php(26): P\Tests\Feature\DashboardTest->Pest\Concerns\{closure}()
#87 /home/runner/work/gestaodecustos/gestaodecustos/vendor/pestphp/pest/src/Concerns/Testable.php(514): Pest\Support\ExceptionTrace::ensure()
#88 /home/runner/work/gestaodecustos/gestaodecustos/vendor/pestphp/pest/src/Concerns/Testable.php(336): P\Tests\Feature\DashboardTest->__callClosure()
#89 /home/runner/work/gestaodecustos/gestaodecustos/vendor/pestphp/pest/src/Factories/TestCaseFactory.php(179) : eval()'d code(48): P\Tests\Feature\DashboardTest->__runTest()
#90 /home/runner/work/gestaodecustos/gestaodecustos/vendor/phpunit/phpunit/src/Framework/TestCase.php(1318): P\Tests\Feature\DashboardTest->__pest_evaluable_free_users_can_access_the_main_planning_and_analysis_routes()
#91 /home/runner/work/gestaodecustos/gestaodecustos/vendor/phpunit/phpunit/src/Framework/TestCase.php(1355): PHPUnit\Framework\TestCase->invokeTestMethod()
#92 /home/runner/work/gestaodecustos/gestaodecustos/vendor/phpunit/phpunit/src/Framework/TestCase.php(521): PHPUnit\Framework\TestCase->runTest()
#93 /home/runner/work/gestaodecustos/gestaodecustos/vendor/phpunit/phpunit/src/Framework/TestRunner/TestRunner.php(99): PHPUnit\Framework\TestCase->runBare()
#94 /home/runner/work/gestaodecustos/gestaodecustos/vendor/phpunit/phpunit/src/Framework/TestCase.php(361): PHPUnit\Framework\TestRunner->run()
#95 /home/runner/work/gestaodecustos/gestaodecustos/vendor/phpunit/phpunit/src/Framework/TestSuite.php(374): PHPUnit\Framework\TestCase->run()
#96 /home/runner/work/gestaodecustos/gestaodecustos/vendor/phpunit/phpunit/src/Framework/TestSuite.php(374): PHPUnit\Framework\TestSuite->run()
#97 /home/runner/work/gestaodecustos/gestaodecustos/vendor/phpunit/phpunit/src/Framework/TestSuite.php(374): PHPUnit\Framework\TestSuite->run()
#98 /home/runner/work/gestaodecustos/gestaodecustos/vendor/phpunit/phpunit/src/TextUI/TestRunner.php(64): PHPUnit\Framework\TestSuite->run()
#99 /home/runner/work/gestaodecustos/gestaodecustos/vendor/phpunit/phpunit/src/TextUI/Application.php(229): PHPUnit\TextUI\TestRunner->run()
#100 /home/runner/work/gestaodecustos/gestaodecustos/vendor/pestphp/pest/src/Kernel.php(103): PHPUnit\TextUI\Application->run()
#101 /home/runner/work/gestaodecustos/gestaodecustos/vendor/pestphp/pest/bin/pest(196): Pest\Kernel->handle()
#102 /home/runner/work/gestaodecustos/gestaodecustos/vendor/pestphp/pest/bin/pest(204): {closure}()
#103 /home/runner/work/gestaodecustos/gestaodecustos/vendor/bin/pest(119): include('...')
#104 {main}

----------------------------------------------------------------------------------

Unable to locate file in Vite manifest: resources/js/modal-controls.js. (View: /home/runner/work/gestaodecustos/gestaodecustos/resources/views/partials/head.blade.php) (View: /home/runner/work/gestaodecustos/gestaodecustos/resources/views/partials/head.blade.php) (View: /home/runner/work/gestaodecustos/gestaodecustos/resources/views/partials/head.blade.php)[39;22m

  at [32mtests/Feature/DashboardTest.php[39m:[32m33[39m
     29▕         route('hub.networth'),
     30▕         route('hub.retirement'),
     31▕         route('hub.inflation'),
     32▕     ])->each(function (string $url) {
  ➜  33▕         $this->get($url)->assertOk();
     34▕     });
     35▕ });
     36▕

      [2m+1 vendor frames [22m
  [33m2   [39m[39;1mtests/Feature/DashboardTest.php[39;22m:[39;1m32[39;22m

  [31m────────────────────────────────────────────────────────────────────────────[39m  
  [41;1m FAILED [49;22m [1mTests\Feature\ExampleTest[22m [90m>[39m it returns a successful response         
[39;1m  Expected response status code [200] but received 500.
Failed asserting that 500 is identical to 200.

The following exception occurred during the last request:

Illuminate\Foundation\ViteException: Unable to locate file in Vite manifest: resources/js/modal-controls.js. in /home/runner/work/gestaodecustos/gestaodecustos/vendor/laravel/framework/src/Illuminate/Foundation/Vite.php:1042
Stack trace:
#0 /home/runner/work/gestaodecustos/gestaodecustos/vendor/laravel/framework/src/Illuminate/Foundation/Vite.php(404): Illuminate\Foundation\Vite->chunk()
#1 /home/runner/work/gestaodecustos/gestaodecustos/storage/framework/views/6ab657d568ef86e98d779cdaf4c30db4.php(14): Illuminate\Foundation\Vite->__invoke()
#2 /home/runner/work/gestaodecustos/gestaodecustos/vendor/laravel/framework/src/Illuminate/Filesystem/Filesystem.php(123): require('...')
#3 /home/runner/work/gestaodecustos/gestaodecustos/vendor/laravel/framework/src/Illuminate/Filesystem/Filesystem.php(124): Illuminate\Filesystem\Filesystem::Illuminate\Filesystem\{closure}()
#4 /home/runner/work/gestaodecustos/gestaodecustos/vendor/laravel/framework/src/Illuminate/View/Engines/PhpEngine.php(57): Illuminate\Filesystem\Filesystem->getRequire()
#5 /home/runner/work/gestaodecustos/gestaodecustos/vendor/livewire/livewire/src/Mechanisms/ExtendBlade/ExtendedCompilerEngine.php(22): Illuminate\View\Engines\PhpEngine->evaluatePath()
#6 /home/runner/work/gestaodecustos/gestaodecustos/vendor/laravel/framework/src/Illuminate/View/Engines/CompilerEngine.php(76): Livewire\Mechanisms\ExtendBlade\ExtendedCompilerEngine->evaluatePath()
#7 /home/runner/work/gestaodecustos/gestaodecustos/vendor/livewire/livewire/src/Mechanisms/ExtendBlade/ExtendedCompilerEngine.php(10): Illuminate\View\Engines\CompilerEngine->get()
#8 /home/runner/work/gestaodecustos/gestaodecustos/vendor/laravel/framework/src/Illuminate/View/View.php(208): Livewire\Mechanisms\ExtendBlade\ExtendedCompilerEngine->get()
#9 /home/runner/work/gestaodecustos/gestaodecustos/vendor/laravel/framework/src/Illuminate/View/View.php(191): Illuminate\View\View->getContents()
#10 /home/runner/work/gestaodecustos/gestaodecustos/vendor/laravel/framework/src/Illuminate/View/View.php(160): Illuminate\View\View->renderContents()
#11 /home/runner/work/gestaodecustos/gestaodecustos/storage/framework/views/dfb762f3e3d7d40d2fef5606c156de9b.php(38): Illuminate\View\View->render()
#12 /home/runner/work/gestaodecustos/gestaodecustos/vendor/laravel/framework/src/Illuminate/Filesystem/Filesystem.php(123): require('...')
#13 /home/runner/work/gestaodecustos/gestaodecustos/vendor/laravel/framework/src/Illuminate/Filesystem/Filesystem.php(124): Illuminate\Filesystem\Filesystem::Illuminate\Filesystem\{closure}()
#14 /home/runner/work/gestaodecustos/gestaodecustos/vendor/laravel/framework/src/Illuminate/View/Engines/PhpEngine.php(57): Illuminate\Filesystem\Filesystem->getRequire()
#15 /home/runner/work/gestaodecustos/gestaodecustos/vendor/livewire/livewire/src/Mechanisms/ExtendBlade/ExtendedCompilerEngine.php(22): Illuminate\View\Engines\PhpEngine->evaluatePath()
#16 /home/runner/work/gestaodecustos/gestaodecustos/vendor/laravel/framework/src/Illuminate/View/Engines/CompilerEngine.php(76): Livewire\Mechanisms\ExtendBlade\ExtendedCompilerEngine->evaluatePath()
#17 /home/runner/work/gestaodecustos/gestaodecustos/vendor/livewire/livewire/src/Mechanisms/ExtendBlade/ExtendedCompilerEngine.php(10): Illuminate\View\Engines\CompilerEngine->get()
#18 /home/runner/work/gestaodecustos/gestaodecustos/vendor/laravel/framework/src/Illuminate/View/View.php(208): Livewire\Mechanisms\ExtendBlade\ExtendedCompilerEngine->get()
#19 /home/runner/work/gestaodecustos/gestaodecustos/vendor/laravel/framework/src/Illuminate/View/View.php(191): Illuminate\View\View->getContents()
#20 /home/runner/work/gestaodecustos/gestaodecustos/vendor/laravel/framework/src/Illuminate/View/View.php(160): Illuminate\View\View->renderContents()
#21 /home/runner/work/gestaodecustos/gestaodecustos/vendor/laravel/framework/src/Illuminate/Http/Response.php(82): Illuminate\View\View->render()
#22 /home/runner/work/gestaodecustos/gestaodecustos/vendor/laravel/framework/src/Illuminate/Http/Response.php(40): Illuminate\Http\Response->setContent()
#23 /home/runner/work/gestaodecustos/gestaodecustos/vendor/laravel/framework/src/Illuminate/Routing/ResponseFactory.php(61): Illuminate\Http\Response->__construct()
#24 /home/runner/work/gestaodecustos/gestaodecustos/vendor/laravel/framework/src/Illuminate/Routing/ResponseFactory.php(91): Illuminate\Routing\ResponseFactory->make()
#25 /home/runner/work/gestaodecustos/gestaodecustos/vendor/laravel/framework/src/Illuminate/Routing/ViewController.php(40): Illuminate\Routing\ResponseFactory->view()
#26 /home/runner/work/gestaodecustos/gestaodecustos/vendor/laravel/framework/src/Illuminate/Routing/ViewController.php(57): Illuminate\Routing\ViewController->__invoke()
#27 /home/runner/work/gestaodecustos/gestaodecustos/vendor/laravel/framework/src/Illuminate/Routing/ControllerDispatcher.php(43): Illuminate\Routing\ViewController->callAction()
#28 /home/runner/work/gestaodecustos/gestaodecustos/vendor/laravel/framework/src/Illuminate/Routing/Route.php(276): Illuminate\Routing\ControllerDispatcher->dispatch()
#29 /home/runner/work/gestaodecustos/gestaodecustos/vendor/laravel/framework/src/Illuminate/Routing/Route.php(216): Illuminate\Routing\Route->runController()
#30 /home/runner/work/gestaodecustos/gestaodecustos/vendor/laravel/framework/src/Illuminate/Routing/Router.php(822): Illuminate\Routing\Route->run()
#31 /home/runner/work/gestaodecustos/gestaodecustos/vendor/laravel/framework/src/Illuminate/Pipeline/Pipeline.php(180): Illuminate\Routing\Router->Illuminate\Routing\{closure}()
#32 /home/runner/work/gestaodecustos/gestaodecustos/app/Http/Middleware/ThrottleVerificationCode.php(27): Illuminate\Pipeline\Pipeline->Illuminate\Pipeline\{closure}()
#33 /home/runner/work/gestaodecustos/gestaodecustos/vendor/laravel/framework/src/Illuminate/Pipeline/Pipeline.php(219): App\Http\Middleware\ThrottleVerificationCode->handle()
#34 /home/runner/work/gestaodecustos/gestaodecustos/app/Http/Middleware/EnsureBusinessWorkspaceAccess.php(71): Illuminate\Pipeline\Pipeline->Illuminate\Pipeline\{closure}()
#35 /home/runner/work/gestaodecustos/gestaodecustos/vendor/laravel/framework/src/Illuminate/Pipeline/Pipeline.php(219): App\Http\Middleware\EnsureBusinessWorkspaceAccess->handle()
#36 /home/runner/work/gestaodecustos/gestaodecustos/app/Http/Middleware/EnsureImpersonationIsValid.php(20): Illuminate\Pipeline\Pipeline->Illuminate\Pipeline\{closure}()
#37 /home/runner/work/gestaodecustos/gestaodecustos/vendor/laravel/framework/src/Illuminate/Pipeline/Pipeline.php(219): App\Http\Middleware\EnsureImpersonationIsValid->handle()
#38 /home/runner/work/gestaodecustos/gestaodecustos/app/Http/Middleware/UpdateUserActivity.php(27): Illuminate\Pipeline\Pipeline->Illuminate\Pipeline\{closure}()
#39 /home/runner/work/gestaodecustos/gestaodecustos/vendor/laravel/framework/src/Illuminate/Pipeline/Pipeline.php(219): App\Http\Middleware\UpdateUserActivity->handle()
#40 /home/runner/work/gestaodecustos/gestaodecustos/app/Http/Middleware/CheckRegistrationStatus.php(25): Illuminate\Pipeline\Pipeline->Illuminate\Pipeline\{closure}()
#41 /home/runner/work/gestaodecustos/gestaodecustos/vendor/laravel/framework/src/Illuminate/Pipeline/Pipeline.php(219): App\Http\Middleware\CheckRegistrationStatus->handle()
#42 /home/runner/work/gestaodecustos/gestaodecustos/app/Http/Middleware/CheckMaintenanceMode.php(41): Illuminate\Pipeline\Pipeline->Illuminate\Pipeline\{closure}()
#43 /home/runner/work/gestaodecustos/gestaodecustos/vendor/laravel/framework/src/Illuminate/Pipeline/Pipeline.php(219): App\Http\Middleware\CheckMaintenanceMode->handle()
#44 /home/runner/work/gestaodecustos/gestaodecustos/app/Http/Middleware/SetLocale.php(30): Illuminate\Pipeline\Pipeline->Illuminate\Pipeline\{closure}()
#45 /home/runner/work/gestaodecustos/gestaodecustos/vendor/laravel/framework/src/Illuminate/Pipeline/Pipeline.php(219): App\Http\Middleware\SetLocale->handle()
#46 /home/runner/work/gestaodecustos/gestaodecustos/vendor/laravel/framework/src/Illuminate/Routing/Middleware/SubstituteBindings.php(52): Illuminate\Pipeline\Pipeline->Illuminate\Pipeline\{closure}()
#47 /home/runner/work/gestaodecustos/gestaodecustos/vendor/laravel/framework/src/Illuminate/Pipeline/Pipeline.php(219): Illuminate\Routing\Middleware\SubstituteBindings->handle()
#48 /home/runner/work/gestaodecustos/gestaodecustos/vendor/laravel/framework/src/Illuminate/Foundation/Http/Middleware/PreventRequestForgery.php(104): Illuminate\Pipeline\Pipeline->Illuminate\Pipeline\{closure}()
#49 /home/runner/work/gestaodecustos/gestaodecustos/vendor/laravel/framework/src/Illuminate/Pipeline/Pipeline.php(219): Illuminate\Foundation\Http\Middleware\PreventRequestForgery->handle()
#50 /home/runner/work/gestaodecustos/gestaodecustos/vendor/laravel/framework/src/Illuminate/View/Middleware/ShareErrorsFromSession.php(48): Illuminate\Pipeline\Pipeline->Illuminate\Pipeline\{closure}()
#51 /home/runner/work/gestaodecustos/gestaodecustos/vendor/laravel/framework/src/Illuminate/Pipeline/Pipeline.php(219): Illuminate\View\Middleware\ShareErrorsFromSession->handle()
#52 /home/runner/work/gestaodecustos/gestaodecustos/vendor/laravel/framework/src/Illuminate/Session/Middleware/StartSession.php(120): Illuminate\Pipeline\Pipeline->Illuminate\Pipeline\{closure}()
#53 /home/runner/work/gestaodecustos/gestaodecustos/vendor/laravel/framework/src/Illuminate/Session/Middleware/StartSession.php(63): Illuminate\Session\Middleware\StartSession->handleStatefulRequest()
#54 /home/runner/work/gestaodecustos/gestaodecustos/vendor/laravel/framework/src/Illuminate/Pipeline/Pipeline.php(219): Illuminate\Session\Middleware\StartSession->handle()
#55 /home/runner/work/gestaodecustos/gestaodecustos/vendor/laravel/framework/src/Illuminate/Cookie/Middleware/AddQueuedCookiesToResponse.php(36): Illuminate\Pipeline\Pipeline->Illuminate\Pipeline\{closure}()
#56 /home/runner/work/gestaodecustos/gestaodecustos/vendor/laravel/framework/src/Illuminate/Pipeline/Pipeline.php(219): Illuminate\Cookie\Middleware\AddQueuedCookiesToResponse->handle()
#57 /home/runner/work/gestaodecustos/gestaodecustos/vendor/laravel/framework/src/Illuminate/Cookie/Middleware/EncryptCookies.php(74): Illuminate\Pipeline\Pipeline->Illuminate\Pipeline\{closure}()
#58 /home/runner/work/gestaodecustos/gestaodecustos/vendor/laravel/framework/src/Illuminate/Pipeline/Pipeline.php(219): Illuminate\Cookie\Middleware\EncryptCookies->handle()
#59 /home/runner/work/gestaodecustos/gestaodecustos/vendor/laravel/framework/src/Illuminate/Pipeline/Pipeline.php(137): Illuminate\Pipeline\Pipeline->Illuminate\Pipeline\{closure}()
#60 /home/runner/work/gestaodecustos/gestaodecustos/vendor/laravel/framework/src/Illuminate/Routing/Router.php(821): Illuminate\Pipeline\Pipeline->then()
#61 /home/runner/work/gestaodecustos/gestaodecustos/vendor/laravel/framework/src/Illuminate/Routing/Router.php(800): Illuminate\Routing\Router->runRouteWithinStack()
#62 /home/runner/work/gestaodecustos/gestaodecustos/vendor/laravel/framework/src/Illuminate/Routing/Router.php(764): Illuminate\Routing\Router->runRoute()
#63 /home/runner/work/gestaodecustos/gestaodecustos/vendor/laravel/framework/src/Illuminate/Routing/Router.php(753): Illuminate\Routing\Router->dispatchToRoute()
#64 /home/runner/work/gestaodecustos/gestaodecustos/vendor/laravel/framework/src/Illuminate/Foundation/Http/Kernel.php(200): Illuminate\Routing\Router->dispatch()
#65 /home/runner/work/gestaodecustos/gestaodecustos/vendor/laravel/framework/src/Illuminate/Pipeline/Pipeline.php(180): Illuminate\Foundation\Http\Kernel->Illuminate\Foundation\Http\{closure}()
#66 /home/runner/work/gestaodecustos/gestaodecustos/vendor/livewire/livewire/src/Features/SupportDisablingBackButtonCache/DisableBackButtonCacheMiddleware.php(19): Illuminate\Pipeline\Pipeline->Illuminate\Pipeline\{closure}()
#67 /home/runner/work/gestaodecustos/gestaodecustos/vendor/laravel/framework/src/Illuminate/Pipeline/Pipeline.php(219): Livewire\Features\SupportDisablingBackButtonCache\DisableBackButtonCacheMiddleware->handle()
#68 /home/runner/work/gestaodecustos/gestaodecustos/vendor/laravel/framework/src/Illuminate/Foundation/Http/Middleware/TransformsRequest.php(21): Illuminate\Pipeline\Pipeline->Illuminate\Pipeline\{closure}()
#69 /home/runner/work/gestaodecustos/gestaodecustos/vendor/laravel/framework/src/Illuminate/Foundation/Http/Middleware/ConvertEmptyStringsToNull.php(31): Illuminate\Foundation\Http\Middleware\TransformsRequest->handle()
#70 /home/runner/work/gestaodecustos/gestaodecustos/vendor/laravel/framework/src/Illuminate/Pipeline/Pipeline.php(219): Illuminate\Foundation\Http\Middleware\ConvertEmptyStringsToNull->handle()
#71 /home/runner/work/gestaodecustos/gestaodecustos/vendor/laravel/framework/src/Illuminate/Foundation/Http/Middleware/TransformsRequest.php(21): Illuminate\Pipeline\Pipeline->Illuminate\Pipeline\{closure}()
#72 /home/runner/work/gestaodecustos/gestaodecustos/vendor/laravel/framework/src/Illuminate/Foundation/Http/Middleware/TrimStrings.php(51): Illuminate\Foundation\Http\Middleware\TransformsRequest->handle()
#73 /home/runner/work/gestaodecustos/gestaodecustos/vendor/laravel/framework/src/Illuminate/Pipeline/Pipeline.php(219): Illuminate\Foundation\Http\Middleware\TrimStrings->handle()
#74 /home/runner/work/gestaodecustos/gestaodecustos/vendor/laravel/framework/src/Illuminate/Http/Middleware/ValidatePostSize.php(27): Illuminate\Pipeline\Pipeline->Illuminate\Pipeline\{closure}()
#75 /home/runner/work/gestaodecustos/gestaodecustos/vendor/laravel/framework/src/Illuminate/Pipeline/Pipeline.php(219): Illuminate\Http\Middleware\ValidatePostSize->handle()
#76 /home/runner/work/gestaodecustos/gestaodecustos/vendor/laravel/framework/src/Illuminate/Foundation/Http/Middleware/PreventRequestsDuringMaintenance.php(110): Illuminate\Pipeline\Pipeline->Illuminate\Pipeline\{closure}()
#77 /home/runner/work/gestaodecustos/gestaodecustos/vendor/laravel/framework/src/Illuminate/Pipeline/Pipeline.php(219): Illuminate\Foundation\Http\Middleware\PreventRequestsDuringMaintenance->handle()
#78 /home/runner/work/gestaodecustos/gestaodecustos/vendor/laravel/framework/src/Illuminate/Http/Middleware/HandleCors.php(61): Illuminate\Pipeline\Pipeline->Illuminate\Pipeline\{closure}()
#79 /home/runner/work/gestaodecustos/gestaodecustos/vendor/laravel/framework/src/Illuminate/Pipeline/Pipeline.php(219): Illuminate\Http\Middleware\HandleCors->handle()
#80 /home/runner/work/gestaodecustos/gestaodecustos/vendor/laravel/framework/src/Illuminate/Http/Middleware/TrustProxies.php(58): Illuminate\Pipeline\Pipeline->Illuminate\Pipeline\{closure}()
#81 /home/runner/work/gestaodecustos/gestaodecustos/vendor/laravel/framework/src/Illuminate/Pipeline/Pipeline.php(219): Illuminate\Http\Middleware\TrustProxies->handle()
#82 /home/runner/work/gestaodecustos/gestaodecustos/vendor/laravel/framework/src/Illuminate/Foundation/Http/Middleware/InvokeDeferredCallbacks.php(22): Illuminate\Pipeline\Pipeline->Illuminate\Pipeline\{closure}()
#83 /home/runner/work/gestaodecustos/gestaodecustos/vendor/laravel/framework/src/Illuminate/Pipeline/Pipeline.php(219): Illuminate\Foundation\Http\Middleware\InvokeDeferredCallbacks->handle()
#84 /home/runner/work/gestaodecustos/gestaodecustos/vendor/laravel/framework/src/Illuminate/Http/Middleware/ValidatePathEncoding.php(28): Illuminate\Pipeline\Pipeline->Illuminate\Pipeline\{closure}()
#85 /home/runner/work/gestaodecustos/gestaodecustos/vendor/laravel/framework/src/Illuminate/Pipeline/Pipeline.php(219): Illuminate\Http\Middleware\ValidatePathEncoding->handle()
#86 /home/runner/work/gestaodecustos/gestaodecustos/vendor/laravel/framework/src/Illuminate/Pipeline/Pipeline.php(137): Illuminate\Pipeline\Pipeline->Illuminate\Pipeline\{closure}()
#87 /home/runner/work/gestaodecustos/gestaodecustos/vendor/laravel/framework/src/Illuminate/Foundation/Http/Kernel.php(175): Illuminate\Pipeline\Pipeline->then()
#88 /home/runner/work/gestaodecustos/gestaodecustos/vendor/laravel/framework/src/Illuminate/Foundation/Http/Kernel.php(144): Illuminate\Foundation\Http\Kernel->sendRequestThroughRouter()
#89 /home/runner/work/gestaodecustos/gestaodecustos/vendor/laravel/framework/src/Illuminate/Foundation/Testing/Concerns/MakesHttpRequests.php(638): Illuminate\Foundation\Http\Kernel->handle()
#90 /home/runner/work/gestaodecustos/gestaodecustos/vendor/laravel/framework/src/Illuminate/Foundation/Testing/Concerns/MakesHttpRequests.php(368): Illuminate\Foundation\Testing\TestCase->call()
#91 /home/runner/work/gestaodecustos/gestaodecustos/tests/Feature/ExampleTest.php(4): Illuminate\Foundation\Testing\TestCase->get()
#92 /home/runner/work/gestaodecustos/gestaodecustos/vendor/pestphp/pest/src/Factories/TestCaseMethodFactory.php(177): P\Tests\Feature\ExampleTest->{closure}()
#93 [internal function]: P\Tests\Feature\ExampleTest->Pest\Factories\{closure}()
#94 /home/runner/work/gestaodecustos/gestaodecustos/vendor/pestphp/pest/src/Concerns/Testable.php(514): call_user_func_array()
#95 /home/runner/work/gestaodecustos/gestaodecustos/vendor/pestphp/pest/src/Support/ExceptionTrace.php(26): P\Tests\Feature\ExampleTest->Pest\Concerns\{closure}()
#96 /home/runner/work/gestaodecustos/gestaodecustos/vendor/pestphp/pest/src/Concerns/Testable.php(514): Pest\Support\ExceptionTrace::ensure()
#97 /home/runner/work/gestaodecustos/gestaodecustos/vendor/pestphp/pest/src/Concerns/Testable.php(336): P\Tests\Feature\ExampleTest->__callClosure()
#98 /home/runner/work/gestaodecustos/gestaodecustos/vendor/pestphp/pest/src/Factories/TestCaseFactory.php(179) : eval()'d code(22): P\Tests\Feature\ExampleTest->__runTest()
#99 /home/runner/work/gestaodecustos/gestaodecustos/vendor/phpunit/phpunit/src/Framework/TestCase.php(1318): P\Tests\Feature\ExampleTest->__pest_evaluable_it_returns_a_successful_response()
#100 /home/runner/work/gestaodecustos/gestaodecustos/vendor/phpunit/phpunit/src/Framework/TestCase.php(1355): PHPUnit\Framework\TestCase->invokeTestMethod()
#101 /home/runner/work/gestaodecustos/gestaodecustos/vendor/phpunit/phpunit/src/Framework/TestCase.php(521): PHPUnit\Framework\TestCase->runTest()
#102 /home/runner/work/gestaodecustos/gestaodecustos/vendor/phpunit/phpunit/src/Framework/TestRunner/TestRunner.php(99): PHPUnit\Framework\TestCase->runBare()
#103 /home/runner/work/gestaodecustos/gestaodecustos/vendor/phpunit/phpunit/src/Framework/TestCase.php(361): PHPUnit\Framework\TestRunner->run()
#104 /home/runner/work/gestaodecustos/gestaodecustos/vendor/phpunit/phpunit/src/Framework/TestSuite.php(374): PHPUnit\Framework\TestCase->run()
#105 /home/runner/work/gestaodecustos/gestaodecustos/vendor/phpunit/phpunit/src/Framework/TestSuite.php(374): PHPUnit\Framework\TestSuite->run()
#106 /home/runner/work/gestaodecustos/gestaodecustos/vendor/phpunit/phpunit/src/Framework/TestSuite.php(374): PHPUnit\Framework\TestSuite->run()
#107 /home/runner/work/gestaodecustos/gestaodecustos/vendor/phpunit/phpunit/src/TextUI/TestRunner.php(64): PHPUnit\Framework\TestSuite->run()
#108 /home/runner/work/gestaodecustos/gestaodecustos/vendor/phpunit/phpunit/src/TextUI/Application.php(229): PHPUnit\TextUI\TestRunner->run()
#109 /home/runner/work/gestaodecustos/gestaodecustos/vendor/pestphp/pest/src/Kernel.php(103): PHPUnit\TextUI\Application->run()
#110 /home/runner/work/gestaodecustos/gestaodecustos/vendor/pestphp/pest/bin/pest(196): Pest\Kernel->handle()
#111 /home/runner/work/gestaodecustos/gestaodecustos/vendor/pestphp/pest/bin/pest(204): {closure}()
#112 /home/runner/work/gestaodecustos/gestaodecustos/vendor/bin/pest(119): include('...')
#113 {main}

Next Illuminate\View\ViewException: Unable to locate file in Vite manifest: resources/js/modal-controls.js. (View: /home/runner/work/gestaodecustos/gestaodecustos/resources/views/partials/head.blade.php) in /home/runner/work/gestaodecustos/gestaodecustos/vendor/laravel/framework/src/Illuminate/Foundation/Vite.php:1042
Stack trace:
#0 /home/runner/work/gestaodecustos/gestaodecustos/vendor/livewire/livewire/src/Mechanisms/ExtendBlade/ExtendedCompilerEngine.php(58): Illuminate\View\Engines\CompilerEngine->handleViewException()
#1 /home/runner/work/gestaodecustos/gestaodecustos/vendor/laravel/framework/src/Illuminate/View/Engines/PhpEngine.php(59): Livewire\Mechanisms\ExtendBlade\ExtendedCompilerEngine->handleViewException()
#2 /home/runner/work/gestaodecustos/gestaodecustos/vendor/livewire/livewire/src/Mechanisms/ExtendBlade/ExtendedCompilerEngine.php(22): Illuminate\View\Engines\PhpEngine->evaluatePath()
#3 /home/runner/work/gestaodecustos/gestaodecustos/vendor/laravel/framework/src/Illuminate/View/Engines/CompilerEngine.php(76): Livewire\Mechanisms\ExtendBlade\ExtendedCompilerEngine->evaluatePath()
#4 /home/runner/work/gestaodecustos/gestaodecustos/vendor/livewire/livewire/src/Mechanisms/ExtendBlade/ExtendedCompilerEngine.php(10): Illuminate\View\Engines\CompilerEngine->get()
#5 /home/runner/work/gestaodecustos/gestaodecustos/vendor/laravel/framework/src/Illuminate/View/View.php(208): Livewire\Mechanisms\ExtendBlade\ExtendedCompilerEngine->get()
#6 /home/runner/work/gestaodecustos/gestaodecustos/vendor/laravel/framework/src/Illuminate/View/View.php(191): Illuminate\View\View->getContents()
#7 /home/runner/work/gestaodecustos/gestaodecustos/vendor/laravel/framework/src/Illuminate/View/View.php(160): Illuminate\View\View->renderContents()
#8 /home/runner/work/gestaodecustos/gestaodecustos/storage/framework/views/dfb762f3e3d7d40d2fef5606c156de9b.php(38): Illuminate\View\View->render()
#9 /home/runner/work/gestaodecustos/gestaodecustos/vendor/laravel/framework/src/Illuminate/Filesystem/Filesystem.php(123): require('...')
#10 /home/runner/work/gestaodecustos/gestaodecustos/vendor/laravel/framework/src/Illuminate/Filesystem/Filesystem.php(124): Illuminate\Filesystem\Filesystem::Illuminate\Filesystem\{closure}()
#11 /home/runner/work/gestaodecustos/gestaodecustos/vendor/laravel/framework/src/Illuminate/View/Engines/PhpEngine.php(57): Illuminate\Filesystem\Filesystem->getRequire()
#12 /home/runner/work/gestaodecustos/gestaodecustos/vendor/livewire/livewire/src/Mechanisms/ExtendBlade/ExtendedCompilerEngine.php(22): Illuminate\View\Engines\PhpEngine->evaluatePath()
#13 /home/runner/work/gestaodecustos/gestaodecustos/vendor/laravel/framework/src/Illuminate/View/Engines/CompilerEngine.php(76): Livewire\Mechanisms\ExtendBlade\ExtendedCompilerEngine->evaluatePath()
#14 /home/runner/work/gestaodecustos/gestaodecustos/vendor/livewire/livewire/src/Mechanisms/ExtendBlade/ExtendedCompilerEngine.php(10): Illuminate\View\Engines\CompilerEngine->get()
#15 /home/runner/work/gestaodecustos/gestaodecustos/vendor/laravel/framework/src/Illuminate/View/View.php(208): Livewire\Mechanisms\ExtendBlade\ExtendedCompilerEngine->get()
#16 /home/runner/work/gestaodecustos/gestaodecustos/vendor/laravel/framework/src/Illuminate/View/View.php(191): Illuminate\View\View->getContents()
#17 /home/runner/work/gestaodecustos/gestaodecustos/vendor/laravel/framework/src/Illuminate/View/View.php(160): Illuminate\View\View->renderContents()
#18 /home/runner/work/gestaodecustos/gestaodecustos/vendor/laravel/framework/src/Illuminate/Http/Response.php(82): Illuminate\View\View->render()
#19 /home/runner/work/gestaodecustos/gestaodecustos/vendor/laravel/framework/src/Illuminate/Http/Response.php(40): Illuminate\Http\Response->setContent()
#20 /home/runner/work/gestaodecustos/gestaodecustos/vendor/laravel/framework/src/Illuminate/Routing/ResponseFactory.php(61): Illuminate\Http\Response->__construct()
#21 /home/runner/work/gestaodecustos/gestaodecustos/vendor/laravel/framework/src/Illuminate/Routing/ResponseFactory.php(91): Illuminate\Routing\ResponseFactory->make()
#22 /home/runner/work/gestaodecustos/gestaodecustos/vendor/laravel/framework/src/Illuminate/Routing/ViewController.php(40): Illuminate\Routing\ResponseFactory->view()
#23 /home/runner/work/gestaodecustos/gestaodecustos/vendor/laravel/framework/src/Illuminate/Routing/ViewController.php(57): Illuminate\Routing\ViewController->__invoke()
#24 /home/runner/work/gestaodecustos/gestaodecustos/vendor/laravel/framework/src/Illuminate/Routing/ControllerDispatcher.php(43): Illuminate\Routing\ViewController->callAction()
#25 /home/runner/work/gestaodecustos/gestaodecustos/vendor/laravel/framework/src/Illuminate/Routing/Route.php(276): Illuminate\Routing\ControllerDispatcher->dispatch()
#26 /home/runner/work/gestaodecustos/gestaodecustos/vendor/laravel/framework/src/Illuminate/Routing/Route.php(216): Illuminate\Routing\Route->runController()
#27 /home/runner/work/gestaodecustos/gestaodecustos/vendor/laravel/framework/src/Illuminate/Routing/Router.php(822): Illuminate\Routing\Route->run()
#28 /home/runner/work/gestaodecustos/gestaodecustos/vendor/laravel/framework/src/Illuminate/Pipeline/Pipeline.php(180): Illuminate\Routing\Router->Illuminate\Routing\{closure}()
#29 /home/runner/work/gestaodecustos/gestaodecustos/app/Http/Middleware/ThrottleVerificationCode.php(27): Illuminate\Pipeline\Pipeline->Illuminate\Pipeline\{closure}()
#30 /home/runner/work/gestaodecustos/gestaodecustos/vendor/laravel/framework/src/Illuminate/Pipeline/Pipeline.php(219): App\Http\Middleware\ThrottleVerificationCode->handle()
#31 /home/runner/work/gestaodecustos/gestaodecustos/app/Http/Middleware/EnsureBusinessWorkspaceAccess.php(71): Illuminate\Pipeline\Pipeline->Illuminate\Pipeline\{closure}()
#32 /home/runner/work/gestaodecustos/gestaodecustos/vendor/laravel/framework/src/Illuminate/Pipeline/Pipeline.php(219): App\Http\Middleware\EnsureBusinessWorkspaceAccess->handle()
#33 /home/runner/work/gestaodecustos/gestaodecustos/app/Http/Middleware/EnsureImpersonationIsValid.php(20): Illuminate\Pipeline\Pipeline->Illuminate\Pipeline\{closure}()
#34 /home/runner/work/gestaodecustos/gestaodecustos/vendor/laravel/framework/src/Illuminate/Pipeline/Pipeline.php(219): App\Http\Middleware\EnsureImpersonationIsValid->handle()
#35 /home/runner/work/gestaodecustos/gestaodecustos/app/Http/Middleware/UpdateUserActivity.php(27): Illuminate\Pipeline\Pipeline->Illuminate\Pipeline\{closure}()
#36 /home/runner/work/gestaodecustos/gestaodecustos/vendor/laravel/framework/src/Illuminate/Pipeline/Pipeline.php(219): App\Http\Middleware\UpdateUserActivity->handle()
#37 /home/runner/work/gestaodecustos/gestaodecustos/app/Http/Middleware/CheckRegistrationStatus.php(25): Illuminate\Pipeline\Pipeline->Illuminate\Pipeline\{closure}()
#38 /home/runner/work/gestaodecustos/gestaodecustos/vendor/laravel/framework/src/Illuminate/Pipeline/Pipeline.php(219): App\Http\Middleware\CheckRegistrationStatus->handle()
#39 /home/runner/work/gestaodecustos/gestaodecustos/app/Http/Middleware/CheckMaintenanceMode.php(41): Illuminate\Pipeline\Pipeline->Illuminate\Pipeline\{closure}()
#40 /home/runner/work/gestaodecustos/gestaodecustos/vendor/laravel/framework/src/Illuminate/Pipeline/Pipeline.php(219): App\Http\Middleware\CheckMaintenanceMode->handle()
#41 /home/runner/work/gestaodecustos/gestaodecustos/app/Http/Middleware/SetLocale.php(30): Illuminate\Pipeline\Pipeline->Illuminate\Pipeline\{closure}()
#42 /home/runner/work/gestaodecustos/gestaodecustos/vendor/laravel/framework/src/Illuminate/Pipeline/Pipeline.php(219): App\Http\Middleware\SetLocale->handle()
#43 /home/runner/work/gestaodecustos/gestaodecustos/vendor/laravel/framework/src/Illuminate/Routing/Middleware/SubstituteBindings.php(52): Illuminate\Pipeline\Pipeline->Illuminate\Pipeline\{closure}()
#44 /home/runner/work/gestaodecustos/gestaodecustos/vendor/laravel/framework/src/Illuminate/Pipeline/Pipeline.php(219): Illuminate\Routing\Middleware\SubstituteBindings->handle()
#45 /home/runner/work/gestaodecustos/gestaodecustos/vendor/laravel/framework/src/Illuminate/Foundation/Http/Middleware/PreventRequestForgery.php(104): Illuminate\Pipeline\Pipeline->Illuminate\Pipeline\{closure}()
#46 /home/runner/work/gestaodecustos/gestaodecustos/vendor/laravel/framework/src/Illuminate/Pipeline/Pipeline.php(219): Illuminate\Foundation\Http\Middleware\PreventRequestForgery->handle()
#47 /home/runner/work/gestaodecustos/gestaodecustos/vendor/laravel/framework/src/Illuminate/View/Middleware/ShareErrorsFromSession.php(48): Illuminate\Pipeline\Pipeline->Illuminate\Pipeline\{closure}()
#48 /home/runner/work/gestaodecustos/gestaodecustos/vendor/laravel/framework/src/Illuminate/Pipeline/Pipeline.php(219): Illuminate\View\Middleware\ShareErrorsFromSession->handle()
#49 /home/runner/work/gestaodecustos/gestaodecustos/vendor/laravel/framework/src/Illuminate/Session/Middleware/StartSession.php(120): Illuminate\Pipeline\Pipeline->Illuminate\Pipeline\{closure}()
#50 /home/runner/work/gestaodecustos/gestaodecustos/vendor/laravel/framework/src/Illuminate/Session/Middleware/StartSession.php(63): Illuminate\Session\Middleware\StartSession->handleStatefulRequest()
#51 /home/runner/work/gestaodecustos/gestaodecustos/vendor/laravel/framework/src/Illuminate/Pipeline/Pipeline.php(219): Illuminate\Session\Middleware\StartSession->handle()
#52 /home/runner/work/gestaodecustos/gestaodecustos/vendor/laravel/framework/src/Illuminate/Cookie/Middleware/AddQueuedCookiesToResponse.php(36): Illuminate\Pipeline\Pipeline->Illuminate\Pipeline\{closure}()
#53 /home/runner/work/gestaodecustos/gestaodecustos/vendor/laravel/framework/src/Illuminate/Pipeline/Pipeline.php(219): Illuminate\Cookie\Middleware\AddQueuedCookiesToResponse->handle()
#54 /home/runner/work/gestaodecustos/gestaodecustos/vendor/laravel/framework/src/Illuminate/Cookie/Middleware/EncryptCookies.php(74): Illuminate\Pipeline\Pipeline->Illuminate\Pipeline\{closure}()
#55 /home/runner/work/gestaodecustos/gestaodecustos/vendor/laravel/framework/src/Illuminate/Pipeline/Pipeline.php(219): Illuminate\Cookie\Middleware\EncryptCookies->handle()
#56 /home/runner/work/gestaodecustos/gestaodecustos/vendor/laravel/framework/src/Illuminate/Pipeline/Pipeline.php(137): Illuminate\Pipeline\Pipeline->Illuminate\Pipeline\{closure}()
#57 /home/runner/work/gestaodecustos/gestaodecustos/vendor/laravel/framework/src/Illuminate/Routing/Router.php(821): Illuminate\Pipeline\Pipeline->then()
#58 /home/runner/work/gestaodecustos/gestaodecustos/vendor/laravel/framework/src/Illuminate/Routing/Router.php(800): Illuminate\Routing\Router->runRouteWithinStack()
#59 /home/runner/work/gestaodecustos/gestaodecustos/vendor/laravel/framework/src/Illuminate/Routing/Router.php(764): Illuminate\Routing\Router->runRoute()
#60 /home/runner/work/gestaodecustos/gestaodecustos/vendor/laravel/framework/src/Illuminate/Routing/Router.php(753): Illuminate\Routing\Router->dispatchToRoute()
#61 /home/runner/work/gestaodecustos/gestaodecustos/vendor/laravel/framework/src/Illuminate/Foundation/Http/Kernel.php(200): Illuminate\Routing\Router->dispatch()
#62 /home/runner/work/gestaodecustos/gestaodecustos/vendor/laravel/framework/src/Illuminate/Pipeline/Pipeline.php(180): Illuminate\Foundation\Http\Kernel->Illuminate\Foundation\Http\{closure}()
#63 /home/runner/work/gestaodecustos/gestaodecustos/vendor/livewire/livewire/src/Features/SupportDisablingBackButtonCache/DisableBackButtonCacheMiddleware.php(19): Illuminate\Pipeline\Pipeline->Illuminate\Pipeline\{closure}()
#64 /home/runner/work/gestaodecustos/gestaodecustos/vendor/laravel/framework/src/Illuminate/Pipeline/Pipeline.php(219): Livewire\Features\SupportDisablingBackButtonCache\DisableBackButtonCacheMiddleware->handle()
#65 /home/runner/work/gestaodecustos/gestaodecustos/vendor/laravel/framework/src/Illuminate/Foundation/Http/Middleware/TransformsRequest.php(21): Illuminate\Pipeline\Pipeline->Illuminate\Pipeline\{closure}()
#66 /home/runner/work/gestaodecustos/gestaodecustos/vendor/laravel/framework/src/Illuminate/Foundation/Http/Middleware/ConvertEmptyStringsToNull.php(31): Illuminate\Foundation\Http\Middleware\TransformsRequest->handle()
#67 /home/runner/work/gestaodecustos/gestaodecustos/vendor/laravel/framework/src/Illuminate/Pipeline/Pipeline.php(219): Illuminate\Foundation\Http\Middleware\ConvertEmptyStringsToNull->handle()
#68 /home/runner/work/gestaodecustos/gestaodecustos/vendor/laravel/framework/src/Illuminate/Foundation/Http/Middleware/TransformsRequest.php(21): Illuminate\Pipeline\Pipeline->Illuminate\Pipeline\{closure}()
#69 /home/runner/work/gestaodecustos/gestaodecustos/vendor/laravel/framework/src/Illuminate/Foundation/Http/Middleware/TrimStrings.php(51): Illuminate\Foundation\Http\Middleware\TransformsRequest->handle()
#70 /home/runner/work/gestaodecustos/gestaodecustos/vendor/laravel/framework/src/Illuminate/Pipeline/Pipeline.php(219): Illuminate\Foundation\Http\Middleware\TrimStrings->handle()
#71 /home/runner/work/gestaodecustos/gestaodecustos/vendor/laravel/framework/src/Illuminate/Http/Middleware/ValidatePostSize.php(27): Illuminate\Pipeline\Pipeline->Illuminate\Pipeline\{closure}()
#72 /home/runner/work/gestaodecustos/gestaodecustos/vendor/laravel/framework/src/Illuminate/Pipeline/Pipeline.php(219): Illuminate\Http\Middleware\ValidatePostSize->handle()
#73 /home/runner/work/gestaodecustos/gestaodecustos/vendor/laravel/framework/src/Illuminate/Foundation/Http/Middleware/PreventRequestsDuringMaintenance.php(110): Illuminate\Pipeline\Pipeline->Illuminate\Pipeline\{closure}()
#74 /home/runner/work/gestaodecustos/gestaodecustos/vendor/laravel/framework/src/Illuminate/Pipeline/Pipeline.php(219): Illuminate\Foundation\Http\Middleware\PreventRequestsDuringMaintenance->handle()
#75 /home/runner/work/gestaodecustos/gestaodecustos/vendor/laravel/framework/src/Illuminate/Http/Middleware/HandleCors.php(61): Illuminate\Pipeline\Pipeline->Illuminate\Pipeline\{closure}()
#76 /home/runner/work/gestaodecustos/gestaodecustos/vendor/laravel/framework/src/Illuminate/Pipeline/Pipeline.php(219): Illuminate\Http\Middleware\HandleCors->handle()
#77 /home/runner/work/gestaodecustos/gestaodecustos/vendor/laravel/framework/src/Illuminate/Http/Middleware/TrustProxies.php(58): Illuminate\Pipeline\Pipeline->Illuminate\Pipeline\{closure}()
#78 /home/runner/work/gestaodecustos/gestaodecustos/vendor/laravel/framework/src/Illuminate/Pipeline/Pipeline.php(219): Illuminate\Http\Middleware\TrustProxies->handle()
#79 /home/runner/work/gestaodecustos/gestaodecustos/vendor/laravel/framework/src/Illuminate/Foundation/Http/Middleware/InvokeDeferredCallbacks.php(22): Illuminate\Pipeline\Pipeline->Illuminate\Pipeline\{closure}()
#80 /home/runner/work/gestaodecustos/gestaodecustos/vendor/laravel/framework/src/Illuminate/Pipeline/Pipeline.php(219): Illuminate\Foundation\Http\Middleware\InvokeDeferredCallbacks->handle()
#81 /home/runner/work/gestaodecustos/gestaodecustos/vendor/laravel/framework/src/Illuminate/Http/Middleware/ValidatePathEncoding.php(28): Illuminate\Pipeline\Pipeline->Illuminate\Pipeline\{closure}()
#82 /home/runner/work/gestaodecustos/gestaodecustos/vendor/laravel/framework/src/Illuminate/Pipeline/Pipeline.php(219): Illuminate\Http\Middleware\ValidatePathEncoding->handle()
#83 /home/runner/work/gestaodecustos/gestaodecustos/vendor/laravel/framework/src/Illuminate/Pipeline/Pipeline.php(137): Illuminate\Pipeline\Pipeline->Illuminate\Pipeline\{closure}()
#84 /home/runner/work/gestaodecustos/gestaodecustos/vendor/laravel/framework/src/Illuminate/Foundation/Http/Kernel.php(175): Illuminate\Pipeline\Pipeline->then()
#85 /home/runner/work/gestaodecustos/gestaodecustos/vendor/laravel/framework/src/Illuminate/Foundation/Http/Kernel.php(144): Illuminate\Foundation\Http\Kernel->sendRequestThroughRouter()
#86 /home/runner/work/gestaodecustos/gestaodecustos/vendor/laravel/framework/src/Illuminate/Foundation/Testing/Concerns/MakesHttpRequests.php(638): Illuminate\Foundation\Http\Kernel->handle()
#87 /home/runner/work/gestaodecustos/gestaodecustos/vendor/laravel/framework/src/Illuminate/Foundation/Testing/Concerns/MakesHttpRequests.php(368): Illuminate\Foundation\Testing\TestCase->call()
#88 /home/runner/work/gestaodecustos/gestaodecustos/tests/Feature/ExampleTest.php(4): Illuminate\Foundation\Testing\TestCase->get()
#89 /home/runner/work/gestaodecustos/gestaodecustos/vendor/pestphp/pest/src/Factories/TestCaseMethodFactory.php(177): P\Tests\Feature\ExampleTest->{closure}()
#90 [internal function]: P\Tests\Feature\ExampleTest->Pest\Factories\{closure}()
#91 /home/runner/work/gestaodecustos/gestaodecustos/vendor/pestphp/pest/src/Concerns/Testable.php(514): call_user_func_array()
#92 /home/runner/work/gestaodecustos/gestaodecustos/vendor/pestphp/pest/src/Support/ExceptionTrace.php(26): P\Tests\Feature\ExampleTest->Pest\Concerns\{closure}()
#93 /home/runner/work/gestaodecustos/gestaodecustos/vendor/pestphp/pest/src/Concerns/Testable.php(514): Pest\Support\ExceptionTrace::ensure()
#94 /home/runner/work/gestaodecustos/gestaodecustos/vendor/pestphp/pest/src/Concerns/Testable.php(336): P\Tests\Feature\ExampleTest->__callClosure()
#95 /home/runner/work/gestaodecustos/gestaodecustos/vendor/pestphp/pest/src/Factories/TestCaseFactory.php(179) : eval()'d code(22): P\Tests\Feature\ExampleTest->__runTest()
#96 /home/runner/work/gestaodecustos/gestaodecustos/vendor/phpunit/phpunit/src/Framework/TestCase.php(1318): P\Tests\Feature\ExampleTest->__pest_evaluable_it_returns_a_successful_response()
#97 /home/runner/work/gestaodecustos/gestaodecustos/vendor/phpunit/phpunit/src/Framework/TestCase.php(1355): PHPUnit\Framework\TestCase->invokeTestMethod()
#98 /home/runner/work/gestaodecustos/gestaodecustos/vendor/phpunit/phpunit/src/Framework/TestCase.php(521): PHPUnit\Framework\TestCase->runTest()
#99 /home/runner/work/gestaodecustos/gestaodecustos/vendor/phpunit/phpunit/src/Framework/TestRunner/TestRunner.php(99): PHPUnit\Framework\TestCase->runBare()
#100 /home/runner/work/gestaodecustos/gestaodecustos/vendor/phpunit/phpunit/src/Framework/TestCase.php(361): PHPUnit\Framework\TestRunner->run()
#101 /home/runner/work/gestaodecustos/gestaodecustos/vendor/phpunit/phpunit/src/Framework/TestSuite.php(374): PHPUnit\Framework\TestCase->run()
#102 /home/runner/work/gestaodecustos/gestaodecustos/vendor/phpunit/phpunit/src/Framework/TestSuite.php(374): PHPUnit\Framework\TestSuite->run()
#103 /home/runner/work/gestaodecustos/gestaodecustos/vendor/phpunit/phpunit/src/Framework/TestSuite.php(374): PHPUnit\Framework\TestSuite->run()
#104 /home/runner/work/gestaodecustos/gestaodecustos/vendor/phpunit/phpunit/src/TextUI/TestRunner.php(64): PHPUnit\Framework\TestSuite->run()
#105 /home/runner/work/gestaodecustos/gestaodecustos/vendor/phpunit/phpunit/src/TextUI/Application.php(229): PHPUnit\TextUI\TestRunner->run()
#106 /home/runner/work/gestaodecustos/gestaodecustos/vendor/pestphp/pest/src/Kernel.php(103): PHPUnit\TextUI\Application->run()
#107 /home/runner/work/gestaodecustos/gestaodecustos/vendor/pestphp/pest/bin/pest(196): Pest\Kernel->handle()
#108 /home/runner/work/gestaodecustos/gestaodecustos/vendor/pestphp/pest/bin/pest(204): {closure}()
#109 /home/runner/work/gestaodecustos/gestaodecustos/vendor/bin/pest(119): include('...')
#110 {main}

Next Illuminate\View\ViewException: Unable to locate file in Vite manifest: resources/js/modal-controls.js. (View: /home/runner/work/gestaodecustos/gestaodecustos/resources/views/partials/head.blade.php) (View: /home/runner/work/gestaodecustos/gestaodecustos/resources/views/partials/head.blade.php) in /home/runner/work/gestaodecustos/gestaodecustos/vendor/laravel/framework/src/Illuminate/Foundation/Vite.php:1042
Stack trace:
#0 /home/runner/work/gestaodecustos/gestaodecustos/vendor/livewire/livewire/src/Mechanisms/ExtendBlade/ExtendedCompilerEngine.php(58): Illuminate\View\Engines\CompilerEngine->handleViewException()
#1 /home/runner/work/gestaodecustos/gestaodecustos/vendor/laravel/framework/src/Illuminate/View/Engines/PhpEngine.php(59): Livewire\Mechanisms\ExtendBlade\ExtendedCompilerEngine->handleViewException()
#2 /home/runner/work/gestaodecustos/gestaodecustos/vendor/livewire/livewire/src/Mechanisms/ExtendBlade/ExtendedCompilerEngine.php(22): Illuminate\View\Engines\PhpEngine->evaluatePath()
#3 /home/runner/work/gestaodecustos/gestaodecustos/vendor/laravel/framework/src/Illuminate/View/Engines/CompilerEngine.php(76): Livewire\Mechanisms\ExtendBlade\ExtendedCompilerEngine->evaluatePath()
#4 /home/runner/work/gestaodecustos/gestaodecustos/vendor/livewire/livewire/src/Mechanisms/ExtendBlade/ExtendedCompilerEngine.php(10): Illuminate\View\Engines\CompilerEngine->get()
#5 /home/runner/work/gestaodecustos/gestaodecustos/vendor/laravel/framework/src/Illuminate/View/View.php(208): Livewire\Mechanisms\ExtendBlade\ExtendedCompilerEngine->get()
#6 /home/runner/work/gestaodecustos/gestaodecustos/vendor/laravel/framework/src/Illuminate/View/View.php(191): Illuminate\View\View->getContents()
#7 /home/runner/work/gestaodecustos/gestaodecustos/vendor/laravel/framework/src/Illuminate/View/View.php(160): Illuminate\View\View->renderContents()
#8 /home/runner/work/gestaodecustos/gestaodecustos/vendor/laravel/framework/src/Illuminate/Http/Response.php(82): Illuminate\View\View->render()
#9 /home/runner/work/gestaodecustos/gestaodecustos/vendor/laravel/framework/src/Illuminate/Http/Response.php(40): Illuminate\Http\Response->setContent()
#10 /home/runner/work/gestaodecustos/gestaodecustos/vendor/laravel/framework/src/Illuminate/Routing/ResponseFactory.php(61): Illuminate\Http\Response->__construct()
#11 /home/runner/work/gestaodecustos/gestaodecustos/vendor/laravel/framework/src/Illuminate/Routing/ResponseFactory.php(91): Illuminate\Routing\ResponseFactory->make()
#12 /home/runner/work/gestaodecustos/gestaodecustos/vendor/laravel/framework/src/Illuminate/Routing/ViewController.php(40): Illuminate\Routing\ResponseFactory->view()
#13 /home/runner/work/gestaodecustos/gestaodecustos/vendor/laravel/framework/src/Illuminate/Routing/ViewController.php(57): Illuminate\Routing\ViewController->__invoke()
#14 /home/runner/work/gestaodecustos/gestaodecustos/vendor/laravel/framework/src/Illuminate/Routing/ControllerDispatcher.php(43): Illuminate\Routing\ViewController->callAction()
#15 /home/runner/work/gestaodecustos/gestaodecustos/vendor/laravel/framework/src/Illuminate/Routing/Route.php(276): Illuminate\Routing\ControllerDispatcher->dispatch()
#16 /home/runner/work/gestaodecustos/gestaodecustos/vendor/laravel/framework/src/Illuminate/Routing/Route.php(216): Illuminate\Routing\Route->runController()
#17 /home/runner/work/gestaodecustos/gestaodecustos/vendor/laravel/framework/src/Illuminate/Routing/Router.php(822): Illuminate\Routing\Route->run()
#18 /home/runner/work/gestaodecustos/gestaodecustos/vendor/laravel/framework/src/Illuminate/Pipeline/Pipeline.php(180): Illuminate\Routing\Router->Illuminate\Routing\{closure}()
#19 /home/runner/work/gestaodecustos/gestaodecustos/app/Http/Middleware/ThrottleVerificationCode.php(27): Illuminate\Pipeline\Pipeline->Illuminate\Pipeline\{closure}()
#20 /home/runner/work/gestaodecustos/gestaodecustos/vendor/laravel/framework/src/Illuminate/Pipeline/Pipeline.php(219): App\Http\Middleware\ThrottleVerificationCode->handle()
#21 /home/runner/work/gestaodecustos/gestaodecustos/app/Http/Middleware/EnsureBusinessWorkspaceAccess.php(71): Illuminate\Pipeline\Pipeline->Illuminate\Pipeline\{closure}()
#22 /home/runner/work/gestaodecustos/gestaodecustos/vendor/laravel/framework/src/Illuminate/Pipeline/Pipeline.php(219): App\Http\Middleware\EnsureBusinessWorkspaceAccess->handle()
#23 /home/runner/work/gestaodecustos/gestaodecustos/app/Http/Middleware/EnsureImpersonationIsValid.php(20): Illuminate\Pipeline\Pipeline->Illuminate\Pipeline\{closure}()
#24 /home/runner/work/gestaodecustos/gestaodecustos/vendor/laravel/framework/src/Illuminate/Pipeline/Pipeline.php(219): App\Http\Middleware\EnsureImpersonationIsValid->handle()
#25 /home/runner/work/gestaodecustos/gestaodecustos/app/Http/Middleware/UpdateUserActivity.php(27): Illuminate\Pipeline\Pipeline->Illuminate\Pipeline\{closure}()
#26 /home/runner/work/gestaodecustos/gestaodecustos/vendor/laravel/framework/src/Illuminate/Pipeline/Pipeline.php(219): App\Http\Middleware\UpdateUserActivity->handle()
#27 /home/runner/work/gestaodecustos/gestaodecustos/app/Http/Middleware/CheckRegistrationStatus.php(25): Illuminate\Pipeline\Pipeline->Illuminate\Pipeline\{closure}()
#28 /home/runner/work/gestaodecustos/gestaodecustos/vendor/laravel/framework/src/Illuminate/Pipeline/Pipeline.php(219): App\Http\Middleware\CheckRegistrationStatus->handle()
#29 /home/runner/work/gestaodecustos/gestaodecustos/app/Http/Middleware/CheckMaintenanceMode.php(41): Illuminate\Pipeline\Pipeline->Illuminate\Pipeline\{closure}()
#30 /home/runner/work/gestaodecustos/gestaodecustos/vendor/laravel/framework/src/Illuminate/Pipeline/Pipeline.php(219): App\Http\Middleware\CheckMaintenanceMode->handle()
#31 /home/runner/work/gestaodecustos/gestaodecustos/app/Http/Middleware/SetLocale.php(30): Illuminate\Pipeline\Pipeline->Illuminate\Pipeline\{closure}()
#32 /home/runner/work/gestaodecustos/gestaodecustos/vendor/laravel/framework/src/Illuminate/Pipeline/Pipeline.php(219): App\Http\Middleware\SetLocale->handle()
#33 /home/runner/work/gestaodecustos/gestaodecustos/vendor/laravel/framework/src/Illuminate/Routing/Middleware/SubstituteBindings.php(52): Illuminate\Pipeline\Pipeline->Illuminate\Pipeline\{closure}()
#34 /home/runner/work/gestaodecustos/gestaodecustos/vendor/laravel/framework/src/Illuminate/Pipeline/Pipeline.php(219): Illuminate\Routing\Middleware\SubstituteBindings->handle()
#35 /home/runner/work/gestaodecustos/gestaodecustos/vendor/laravel/framework/src/Illuminate/Foundation/Http/Middleware/PreventRequestForgery.php(104): Illuminate\Pipeline\Pipeline->Illuminate\Pipeline\{closure}()
#36 /home/runner/work/gestaodecustos/gestaodecustos/vendor/laravel/framework/src/Illuminate/Pipeline/Pipeline.php(219): Illuminate\Foundation\Http\Middleware\PreventRequestForgery->handle()
#37 /home/runner/work/gestaodecustos/gestaodecustos/vendor/laravel/framework/src/Illuminate/View/Middleware/ShareErrorsFromSession.php(48): Illuminate\Pipeline\Pipeline->Illuminate\Pipeline\{closure}()
#38 /home/runner/work/gestaodecustos/gestaodecustos/vendor/laravel/framework/src/Illuminate/Pipeline/Pipeline.php(219): Illuminate\View\Middleware\ShareErrorsFromSession->handle()
#39 /home/runner/work/gestaodecustos/gestaodecustos/vendor/laravel/framework/src/Illuminate/Session/Middleware/StartSession.php(120): Illuminate\Pipeline\Pipeline->Illuminate\Pipeline\{closure}()
#40 /home/runner/work/gestaodecustos/gestaodecustos/vendor/laravel/framework/src/Illuminate/Session/Middleware/StartSession.php(63): Illuminate\Session\Middleware\StartSession->handleStatefulRequest()
#41 /home/runner/work/gestaodecustos/gestaodecustos/vendor/laravel/framework/src/Illuminate/Pipeline/Pipeline.php(219): Illuminate\Session\Middleware\StartSession->handle()
#42 /home/runner/work/gestaodecustos/gestaodecustos/vendor/laravel/framework/src/Illuminate/Cookie/Middleware/AddQueuedCookiesToResponse.php(36): Illuminate\Pipeline\Pipeline->Illuminate\Pipeline\{closure}()
#43 /home/runner/work/gestaodecustos/gestaodecustos/vendor/laravel/framework/src/Illuminate/Pipeline/Pipeline.php(219): Illuminate\Cookie\Middleware\AddQueuedCookiesToResponse->handle()
#44 /home/runner/work/gestaodecustos/gestaodecustos/vendor/laravel/framework/src/Illuminate/Cookie/Middleware/EncryptCookies.php(74): Illuminate\Pipeline\Pipeline->Illuminate\Pipeline\{closure}()
#45 /home/runner/work/gestaodecustos/gestaodecustos/vendor/laravel/framework/src/Illuminate/Pipeline/Pipeline.php(219): Illuminate\Cookie\Middleware\EncryptCookies->handle()
#46 /home/runner/work/gestaodecustos/gestaodecustos/vendor/laravel/framework/src/Illuminate/Pipeline/Pipeline.php(137): Illuminate\Pipeline\Pipeline->Illuminate\Pipeline\{closure}()
#47 /home/runner/work/gestaodecustos/gestaodecustos/vendor/laravel/framework/src/Illuminate/Routing/Router.php(821): Illuminate\Pipeline\Pipeline->then()
#48 /home/runner/work/gestaodecustos/gestaodecustos/vendor/laravel/framework/src/Illuminate/Routing/Router.php(800): Illuminate\Routing\Router->runRouteWithinStack()
#49 /home/runner/work/gestaodecustos/gestaodecustos/vendor/laravel/framework/src/Illuminate/Routing/Router.php(764): Illuminate\Routing\Router->runRoute()
#50 /home/runner/work/gestaodecustos/gestaodecustos/vendor/laravel/framework/src/Illuminate/Routing/Router.php(753): Illuminate\Routing\Router->dispatchToRoute()
#51 /home/runner/work/gestaodecustos/gestaodecustos/vendor/laravel/framework/src/Illuminate/Foundation/Http/Kernel.php(200): Illuminate\Routing\Router->dispatch()
#52 /home/runner/work/gestaodecustos/gestaodecustos/vendor/laravel/framework/src/Illuminate/Pipeline/Pipeline.php(180): Illuminate\Foundation\Http\Kernel->Illuminate\Foundation\Http\{closure}()
#53 /home/runner/work/gestaodecustos/gestaodecustos/vendor/livewire/livewire/src/Features/SupportDisablingBackButtonCache/DisableBackButtonCacheMiddleware.php(19): Illuminate\Pipeline\Pipeline->Illuminate\Pipeline\{closure}()
#54 /home/runner/work/gestaodecustos/gestaodecustos/vendor/laravel/framework/src/Illuminate/Pipeline/Pipeline.php(219): Livewire\Features\SupportDisablingBackButtonCache\DisableBackButtonCacheMiddleware->handle()
#55 /home/runner/work/gestaodecustos/gestaodecustos/vendor/laravel/framework/src/Illuminate/Foundation/Http/Middleware/TransformsRequest.php(21): Illuminate\Pipeline\Pipeline->Illuminate\Pipeline\{closure}()
#56 /home/runner/work/gestaodecustos/gestaodecustos/vendor/laravel/framework/src/Illuminate/Foundation/Http/Middleware/ConvertEmptyStringsToNull.php(31): Illuminate\Foundation\Http\Middleware\TransformsRequest->handle()
#57 /home/runner/work/gestaodecustos/gestaodecustos/vendor/laravel/framework/src/Illuminate/Pipeline/Pipeline.php(219): Illuminate\Foundation\Http\Middleware\ConvertEmptyStringsToNull->handle()
#58 /home/runner/work/gestaodecustos/gestaodecustos/vendor/laravel/framework/src/Illuminate/Foundation/Http/Middleware/TransformsRequest.php(21): Illuminate\Pipeline\Pipeline->Illuminate\Pipeline\{closure}()
#59 /home/runner/work/gestaodecustos/gestaodecustos/vendor/laravel/framework/src/Illuminate/Foundation/Http/Middleware/TrimStrings.php(51): Illuminate\Foundation\Http\Middleware\TransformsRequest->handle()
#60 /home/runner/work/gestaodecustos/gestaodecustos/vendor/laravel/framework/src/Illuminate/Pipeline/Pipeline.php(219): Illuminate\Foundation\Http\Middleware\TrimStrings->handle()
#61 /home/runner/work/gestaodecustos/gestaodecustos/vendor/laravel/framework/src/Illuminate/Http/Middleware/ValidatePostSize.php(27): Illuminate\Pipeline\Pipeline->Illuminate\Pipeline\{closure}()
#62 /home/runner/work/gestaodecustos/gestaodecustos/vendor/laravel/framework/src/Illuminate/Pipeline/Pipeline.php(219): Illuminate\Http\Middleware\ValidatePostSize->handle()
#63 /home/runner/work/gestaodecustos/gestaodecustos/vendor/laravel/framework/src/Illuminate/Foundation/Http/Middleware/PreventRequestsDuringMaintenance.php(110): Illuminate\Pipeline\Pipeline->Illuminate\Pipeline\{closure}()
#64 /home/runner/work/gestaodecustos/gestaodecustos/vendor/laravel/framework/src/Illuminate/Pipeline/Pipeline.php(219): Illuminate\Foundation\Http\Middleware\PreventRequestsDuringMaintenance->handle()
#65 /home/runner/work/gestaodecustos/gestaodecustos/vendor/laravel/framework/src/Illuminate/Http/Middleware/HandleCors.php(61): Illuminate\Pipeline\Pipeline->Illuminate\Pipeline\{closure}()
#66 /home/runner/work/gestaodecustos/gestaodecustos/vendor/laravel/framework/src/Illuminate/Pipeline/Pipeline.php(219): Illuminate\Http\Middleware\HandleCors->handle()
#67 /home/runner/work/gestaodecustos/gestaodecustos/vendor/laravel/framework/src/Illuminate/Http/Middleware/TrustProxies.php(58): Illuminate\Pipeline\Pipeline->Illuminate\Pipeline\{closure}()
#68 /home/runner/work/gestaodecustos/gestaodecustos/vendor/laravel/framework/src/Illuminate/Pipeline/Pipeline.php(219): Illuminate\Http\Middleware\TrustProxies->handle()
#69 /home/runner/work/gestaodecustos/gestaodecustos/vendor/laravel/framework/src/Illuminate/Foundation/Http/Middleware/InvokeDeferredCallbacks.php(22): Illuminate\Pipeline\Pipeline->Illuminate\Pipeline\{closure}()
#70 /home/runner/work/gestaodecustos/gestaodecustos/vendor/laravel/framework/src/Illuminate/Pipeline/Pipeline.php(219): Illuminate\Foundation\Http\Middleware\InvokeDeferredCallbacks->handle()
#71 /home/runner/work/gestaodecustos/gestaodecustos/vendor/laravel/framework/src/Illuminate/Http/Middleware/ValidatePathEncoding.php(28): Illuminate\Pipeline\Pipeline->Illuminate\Pipeline\{closure}()
#72 /home/runner/work/gestaodecustos/gestaodecustos/vendor/laravel/framework/src/Illuminate/Pipeline/Pipeline.php(219): Illuminate\Http\Middleware\ValidatePathEncoding->handle()
#73 /home/runner/work/gestaodecustos/gestaodecustos/vendor/laravel/framework/src/Illuminate/Pipeline/Pipeline.php(137): Illuminate\Pipeline\Pipeline->Illuminate\Pipeline\{closure}()
#74 /home/runner/work/gestaodecustos/gestaodecustos/vendor/laravel/framework/src/Illuminate/Foundation/Http/Kernel.php(175): Illuminate\Pipeline\Pipeline->then()
#75 /home/runner/work/gestaodecustos/gestaodecustos/vendor/laravel/framework/src/Illuminate/Foundation/Http/Kernel.php(144): Illuminate\Foundation\Http\Kernel->sendRequestThroughRouter()
#76 /home/runner/work/gestaodecustos/gestaodecustos/vendor/laravel/framework/src/Illuminate/Foundation/Testing/Concerns/MakesHttpRequests.php(638): Illuminate\Foundation\Http\Kernel->handle()
#77 /home/runner/work/gestaodecustos/gestaodecustos/vendor/laravel/framework/src/Illuminate/Foundation/Testing/Concerns/MakesHttpRequests.php(368): Illuminate\Foundation\Testing\TestCase->call()
#78 /home/runner/work/gestaodecustos/gestaodecustos/tests/Feature/ExampleTest.php(4): Illuminate\Foundation\Testing\TestCase->get()
#79 /home/runner/work/gestaodecustos/gestaodecustos/vendor/pestphp/pest/src/Factories/TestCaseMethodFactory.php(177): P\Tests\Feature\ExampleTest->{closure}()
#80 [internal function]: P\Tests\Feature\ExampleTest->Pest\Factories\{closure}()
#81 /home/runner/work/gestaodecustos/gestaodecustos/vendor/pestphp/pest/src/Concerns/Testable.php(514): call_user_func_array()
#82 /home/runner/work/gestaodecustos/gestaodecustos/vendor/pestphp/pest/src/Support/ExceptionTrace.php(26): P\Tests\Feature\ExampleTest->Pest\Concerns\{closure}()
#83 /home/runner/work/gestaodecustos/gestaodecustos/vendor/pestphp/pest/src/Concerns/Testable.php(514): Pest\Support\ExceptionTrace::ensure()
#84 /home/runner/work/gestaodecustos/gestaodecustos/vendor/pestphp/pest/src/Concerns/Testable.php(336): P\Tests\Feature\ExampleTest->__callClosure()
#85 /home/runner/work/gestaodecustos/gestaodecustos/vendor/pestphp/pest/src/Factories/TestCaseFactory.php(179) : eval()'d code(22): P\Tests\Feature\ExampleTest->__runTest()
#86 /home/runner/work/gestaodecustos/gestaodecustos/vendor/phpunit/phpunit/src/Framework/TestCase.php(1318): P\Tests\Feature\ExampleTest->__pest_evaluable_it_returns_a_successful_response()
#87 /home/runner/work/gestaodecustos/gestaodecustos/vendor/phpunit/phpunit/src/Framework/TestCase.php(1355): PHPUnit\Framework\TestCase->invokeTestMethod()
#88 /home/runner/work/gestaodecustos/gestaodecustos/vendor/phpunit/phpunit/src/Framework/TestCase.php(521): PHPUnit\Framework\TestCase->runTest()
#89 /home/runner/work/gestaodecustos/gestaodecustos/vendor/phpunit/phpunit/src/Framework/TestRunner/TestRunner.php(99): PHPUnit\Framework\TestCase->runBare()
#90 /home/runner/work/gestaodecustos/gestaodecustos/vendor/phpunit/phpunit/src/Framework/TestCase.php(361): PHPUnit\Framework\TestRunner->run()
#91 /home/runner/work/gestaodecustos/gestaodecustos/vendor/phpunit/phpunit/src/Framework/TestSuite.php(374): PHPUnit\Framework\TestCase->run()
#92 /home/runner/work/gestaodecustos/gestaodecustos/vendor/phpunit/phpunit/src/Framework/TestSuite.php(374): PHPUnit\Framework\TestSuite->run()
#93 /home/runner/work/gestaodecustos/gestaodecustos/vendor/phpunit/phpunit/src/Framework/TestSuite.php(374): PHPUnit\Framework\TestSuite->run()
#94 /home/runner/work/gestaodecustos/gestaodecustos/vendor/phpunit/phpunit/src/TextUI/TestRunner.php(64): PHPUnit\Framework\TestSuite->run()
#95 /home/runner/work/gestaodecustos/gestaodecustos/vendor/phpunit/phpunit/src/TextUI/Application.php(229): PHPUnit\TextUI\TestRunner->run()
#96 /home/runner/work/gestaodecustos/gestaodecustos/vendor/pestphp/pest/src/Kernel.php(103): PHPUnit\TextUI\Application->run()
#97 /home/runner/work/gestaodecustos/gestaodecustos/vendor/pestphp/pest/bin/pest(196): Pest\Kernel->handle()
#98 /home/runner/work/gestaodecustos/gestaodecustos/vendor/pestphp/pest/bin/pest(204): {closure}()
#99 /home/runner/work/gestaodecustos/gestaodecustos/vendor/bin/pest(119): include('...')
#100 {main}

----------------------------------------------------------------------------------

Unable to locate file in Vite manifest: resources/js/modal-controls.js. (View: /home/runner/work/gestaodecustos/gestaodecustos/resources/views/partials/head.blade.php) (View: /home/runner/work/gestaodecustos/gestaodecustos/resources/views/partials/head.blade.php)[39;22m

  at [32mtests/Feature/ExampleTest.php[39m:[32m6[39m
      2▕ 
      3▕ it('returns a successful response', function () {
      4▕     $response = $this->get('/');
      5▕ 
  ➜   6▕     $response->assertStatus(200);
      7▕ });
      8▕

  [31m────────────────────────────────────────────────────────────────────────────[39m  
  [41;1m FAILED [49;22m [1mTests\Feature\ProfileTest[22m [90m>[39m profile page is displayed                
[39;1m  Expected response status code [200] but received 500.
Failed asserting that 500 is identical to 200.

The following exception occurred during the last request:

Illuminate\Foundation\ViteException: Unable to locate file in Vite manifest: resources/js/modal-controls.js. in /home/runner/work/gestaodecustos/gestaodecustos/vendor/laravel/framework/src/Illuminate/Foundation/Vite.php:1042
Stack trace:
#0 /home/runner/work/gestaodecustos/gestaodecustos/vendor/laravel/framework/src/Illuminate/Foundation/Vite.php(404): Illuminate\Foundation\Vite->chunk()
#1 /home/runner/work/gestaodecustos/gestaodecustos/storage/framework/views/6ab657d568ef86e98d779cdaf4c30db4.php(14): Illuminate\Foundation\Vite->__invoke()
#2 /home/runner/work/gestaodecustos/gestaodecustos/vendor/laravel/framework/src/Illuminate/Filesystem/Filesystem.php(123): require('...')
#3 /home/runner/work/gestaodecustos/gestaodecustos/vendor/laravel/framework/src/Illuminate/Filesystem/Filesystem.php(124): Illuminate\Filesystem\Filesystem::Illuminate\Filesystem\{closure}()
#4 /home/runner/work/gestaodecustos/gestaodecustos/vendor/laravel/framework/src/Illuminate/View/Engines/PhpEngine.php(57): Illuminate\Filesystem\Filesystem->getRequire()
#5 /home/runner/work/gestaodecustos/gestaodecustos/vendor/livewire/livewire/src/Mechanisms/ExtendBlade/ExtendedCompilerEngine.php(22): Illuminate\View\Engines\PhpEngine->evaluatePath()
#6 /home/runner/work/gestaodecustos/gestaodecustos/vendor/laravel/framework/src/Illuminate/View/Engines/CompilerEngine.php(76): Livewire\Mechanisms\ExtendBlade\ExtendedCompilerEngine->evaluatePath()
#7 /home/runner/work/gestaodecustos/gestaodecustos/vendor/livewire/livewire/src/Mechanisms/ExtendBlade/ExtendedCompilerEngine.php(10): Illuminate\View\Engines\CompilerEngine->get()
#8 /home/runner/work/gestaodecustos/gestaodecustos/vendor/laravel/framework/src/Illuminate/View/View.php(208): Livewire\Mechanisms\ExtendBlade\ExtendedCompilerEngine->get()
#9 /home/runner/work/gestaodecustos/gestaodecustos/vendor/laravel/framework/src/Illuminate/View/View.php(191): Illuminate\View\View->getContents()
#10 /home/runner/work/gestaodecustos/gestaodecustos/vendor/laravel/framework/src/Illuminate/View/View.php(160): Illuminate\View\View->renderContents()
#11 /home/runner/work/gestaodecustos/gestaodecustos/storage/framework/views/836a8a15524c86ff37c2b633e40219d3.php(51): Illuminate\View\View->render()
#12 /home/runner/work/gestaodecustos/gestaodecustos/vendor/laravel/framework/src/Illuminate/Filesystem/Filesystem.php(123): require('...')
#13 /home/runner/work/gestaodecustos/gestaodecustos/vendor/laravel/framework/src/Illuminate/Filesystem/Filesystem.php(124): Illuminate\Filesystem\Filesystem::Illuminate\Filesystem\{closure}()
#14 /home/runner/work/gestaodecustos/gestaodecustos/vendor/laravel/framework/src/Illuminate/View/Engines/PhpEngine.php(57): Illuminate\Filesystem\Filesystem->getRequire()
#15 /home/runner/work/gestaodecustos/gestaodecustos/vendor/livewire/livewire/src/Mechanisms/ExtendBlade/ExtendedCompilerEngine.php(22): Illuminate\View\Engines\PhpEngine->evaluatePath()
#16 /home/runner/work/gestaodecustos/gestaodecustos/vendor/laravel/framework/src/Illuminate/View/Engines/CompilerEngine.php(76): Livewire\Mechanisms\ExtendBlade\ExtendedCompilerEngine->evaluatePath()
#17 /home/runner/work/gestaodecustos/gestaodecustos/vendor/livewire/livewire/src/Mechanisms/ExtendBlade/ExtendedCompilerEngine.php(10): Illuminate\View\Engines\CompilerEngine->get()
#18 /home/runner/work/gestaodecustos/gestaodecustos/vendor/laravel/framework/src/Illuminate/View/View.php(208): Livewire\Mechanisms\ExtendBlade\ExtendedCompilerEngine->get()
#19 /home/runner/work/gestaodecustos/gestaodecustos/vendor/laravel/framework/src/Illuminate/View/View.php(191): Illuminate\View\View->getContents()
#20 /home/runner/work/gestaodecustos/gestaodecustos/vendor/laravel/framework/src/Illuminate/View/View.php(160): Illuminate\View\View->renderContents()
#21 /home/runner/work/gestaodecustos/gestaodecustos/vendor/laravel/framework/src/Illuminate/View/Concerns/ManagesComponents.php(103): Illuminate\View\View->render()
#22 /home/runner/work/gestaodecustos/gestaodecustos/storage/framework/views/f42a5e1c1df2cb8b3c7459492bd686e4.php(535): Illuminate\View\Factory->renderComponent()
#23 /home/runner/work/gestaodecustos/gestaodecustos/vendor/laravel/framework/src/Illuminate/Filesystem/Filesystem.php(123): require('...')
#24 /home/runner/work/gestaodecustos/gestaodecustos/vendor/laravel/framework/src/Illuminate/Filesystem/Filesystem.php(124): Illuminate\Filesystem\Filesystem::Illuminate\Filesystem\{closure}()
#25 /home/runner/work/gestaodecustos/gestaodecustos/vendor/laravel/framework/src/Illuminate/View/Engines/PhpEngine.php(57): Illuminate\Filesystem\Filesystem->getRequire()
#26 /home/runner/work/gestaodecustos/gestaodecustos/vendor/livewire/livewire/src/Mechanisms/ExtendBlade/ExtendedCompilerEngine.php(22): Illuminate\View\Engines\PhpEngine->evaluatePath()
#27 /home/runner/work/gestaodecustos/gestaodecustos/vendor/laravel/framework/src/Illuminate/View/Engines/CompilerEngine.php(76): Livewire\Mechanisms\ExtendBlade\ExtendedCompilerEngine->evaluatePath()
#28 /home/runner/work/gestaodecustos/gestaodecustos/vendor/livewire/livewire/src/Mechanisms/ExtendBlade/ExtendedCompilerEngine.php(10): Illuminate\View\Engines\CompilerEngine->get()
#29 /home/runner/work/gestaodecustos/gestaodecustos/vendor/laravel/framework/src/Illuminate/View/View.php(208): Livewire\Mechanisms\ExtendBlade\ExtendedCompilerEngine->get()
#30 /home/runner/work/gestaodecustos/gestaodecustos/vendor/laravel/framework/src/Illuminate/View/View.php(191): Illuminate\View\View->getContents()
#31 /home/runner/work/gestaodecustos/gestaodecustos/vendor/laravel/framework/src/Illuminate/View/View.php(160): Illuminate\View\View->renderContents()
#32 /home/runner/work/gestaodecustos/gestaodecustos/vendor/laravel/framework/src/Illuminate/Http/Response.php(82): Illuminate\View\View->render()
#33 /home/runner/work/gestaodecustos/gestaodecustos/vendor/laravel/framework/src/Illuminate/Http/Response.php(40): Illuminate\Http\Response->setContent()
#34 /home/runner/work/gestaodecustos/gestaodecustos/vendor/laravel/framework/src/Illuminate/Routing/ResponseFactory.php(61): Illuminate\Http\Response->__construct()
#35 /home/runner/work/gestaodecustos/gestaodecustos/vendor/laravel/framework/src/Illuminate/Routing/ResponseFactory.php(91): Illuminate\Routing\ResponseFactory->make()
#36 /home/runner/work/gestaodecustos/gestaodecustos/vendor/laravel/framework/src/Illuminate/Routing/ViewController.php(40): Illuminate\Routing\ResponseFactory->view()
#37 /home/runner/work/gestaodecustos/gestaodecustos/vendor/laravel/framework/src/Illuminate/Routing/ViewController.php(57): Illuminate\Routing\ViewController->__invoke()
#38 /home/runner/work/gestaodecustos/gestaodecustos/vendor/laravel/framework/src/Illuminate/Routing/ControllerDispatcher.php(43): Illuminate\Routing\ViewController->callAction()
#39 /home/runner/work/gestaodecustos/gestaodecustos/vendor/laravel/framework/src/Illuminate/Routing/Route.php(276): Illuminate\Routing\ControllerDispatcher->dispatch()
#40 /home/runner/work/gestaodecustos/gestaodecustos/vendor/laravel/framework/src/Illuminate/Routing/Route.php(216): Illuminate\Routing\Route->runController()
#41 /home/runner/work/gestaodecustos/gestaodecustos/vendor/laravel/framework/src/Illuminate/Routing/Router.php(822): Illuminate\Routing\Route->run()
#42 /home/runner/work/gestaodecustos/gestaodecustos/vendor/laravel/framework/src/Illuminate/Pipeline/Pipeline.php(180): Illuminate\Routing\Router->Illuminate\Routing\{closure}()
#43 /home/runner/work/gestaodecustos/gestaodecustos/vendor/laravel/framework/src/Illuminate/Auth/Middleware/EnsureEmailIsVerified.php(41): Illuminate\Pipeline\Pipeline->Illuminate\Pipeline\{closure}()
#44 /home/runner/work/gestaodecustos/gestaodecustos/vendor/laravel/framework/src/Illuminate/Pipeline/Pipeline.php(219): Illuminate\Auth\Middleware\EnsureEmailIsVerified->handle()
#45 /home/runner/work/gestaodecustos/gestaodecustos/app/Http/Middleware/ThrottleVerificationCode.php(27): Illuminate\Pipeline\Pipeline->Illuminate\Pipeline\{closure}()
#46 /home/runner/work/gestaodecustos/gestaodecustos/vendor/laravel/framework/src/Illuminate/Pipeline/Pipeline.php(219): App\Http\Middleware\ThrottleVerificationCode->handle()
#47 /home/runner/work/gestaodecustos/gestaodecustos/app/Http/Middleware/EnsureBusinessWorkspaceAccess.php(71): Illuminate\Pipeline\Pipeline->Illuminate\Pipeline\{closure}()
#48 /home/runner/work/gestaodecustos/gestaodecustos/vendor/laravel/framework/src/Illuminate/Pipeline/Pipeline.php(219): App\Http\Middleware\EnsureBusinessWorkspaceAccess->handle()
#49 /home/runner/work/gestaodecustos/gestaodecustos/app/Http/Middleware/EnsureImpersonationIsValid.php(20): Illuminate\Pipeline\Pipeline->Illuminate\Pipeline\{closure}()
#50 /home/runner/work/gestaodecustos/gestaodecustos/vendor/laravel/framework/src/Illuminate/Pipeline/Pipeline.php(219): App\Http\Middleware\EnsureImpersonationIsValid->handle()
#51 /home/runner/work/gestaodecustos/gestaodecustos/app/Http/Middleware/UpdateUserActivity.php(27): Illuminate\Pipeline\Pipeline->Illuminate\Pipeline\{closure}()
#52 /home/runner/work/gestaodecustos/gestaodecustos/vendor/laravel/framework/src/Illuminate/Pipeline/Pipeline.php(219): App\Http\Middleware\UpdateUserActivity->handle()
#53 /home/runner/work/gestaodecustos/gestaodecustos/app/Http/Middleware/CheckRegistrationStatus.php(25): Illuminate\Pipeline\Pipeline->Illuminate\Pipeline\{closure}()
#54 /home/runner/work/gestaodecustos/gestaodecustos/vendor/laravel/framework/src/Illuminate/Pipeline/Pipeline.php(219): App\Http\Middleware\CheckRegistrationStatus->handle()
#55 /home/runner/work/gestaodecustos/gestaodecustos/app/Http/Middleware/CheckMaintenanceMode.php(41): Illuminate\Pipeline\Pipeline->Illuminate\Pipeline\{closure}()
#56 /home/runner/work/gestaodecustos/gestaodecustos/vendor/laravel/framework/src/Illuminate/Pipeline/Pipeline.php(219): App\Http\Middleware\CheckMaintenanceMode->handle()
#57 /home/runner/work/gestaodecustos/gestaodecustos/app/Http/Middleware/SetLocale.php(30): Illuminate\Pipeline\Pipeline->Illuminate\Pipeline\{closure}()
#58 /home/runner/work/gestaodecustos/gestaodecustos/vendor/laravel/framework/src/Illuminate/Pipeline/Pipeline.php(219): App\Http\Middleware\SetLocale->handle()
#59 /home/runner/work/gestaodecustos/gestaodecustos/vendor/laravel/framework/src/Illuminate/Routing/Middleware/SubstituteBindings.php(52): Illuminate\Pipeline\Pipeline->Illuminate\Pipeline\{closure}()
#60 /home/runner/work/gestaodecustos/gestaodecustos/vendor/laravel/framework/src/Illuminate/Pipeline/Pipeline.php(219): Illuminate\Routing\Middleware\SubstituteBindings->handle()
#61 /home/runner/work/gestaodecustos/gestaodecustos/vendor/laravel/framework/src/Illuminate/Auth/Middleware/Authenticate.php(63): Illuminate\Pipeline\Pipeline->Illuminate\Pipeline\{closure}()
#62 /home/runner/work/gestaodecustos/gestaodecustos/vendor/laravel/framework/src/Illuminate/Pipeline/Pipeline.php(219): Illuminate\Auth\Middleware\Authenticate->handle()
#63 /home/runner/work/gestaodecustos/gestaodecustos/vendor/laravel/framework/src/Illuminate/Foundation/Http/Middleware/PreventRequestForgery.php(104): Illuminate\Pipeline\Pipeline->Illuminate\Pipeline\{closure}()
#64 /home/runner/work/gestaodecustos/gestaodecustos/vendor/laravel/framework/src/Illuminate/Pipeline/Pipeline.php(219): Illuminate\Foundation\Http\Middleware\PreventRequestForgery->handle()
#65 /home/runner/work/gestaodecustos/gestaodecustos/vendor/laravel/framework/src/Illuminate/View/Middleware/ShareErrorsFromSession.php(48): Illuminate\Pipeline\Pipeline->Illuminate\Pipeline\{closure}()
#66 /home/runner/work/gestaodecustos/gestaodecustos/vendor/laravel/framework/src/Illuminate/Pipeline/Pipeline.php(219): Illuminate\View\Middleware\ShareErrorsFromSession->handle()
#67 /home/runner/work/gestaodecustos/gestaodecustos/vendor/laravel/framework/src/Illuminate/Session/Middleware/StartSession.php(120): Illuminate\Pipeline\Pipeline->Illuminate\Pipeline\{closure}()
#68 /home/runner/work/gestaodecustos/gestaodecustos/vendor/laravel/framework/src/Illuminate/Session/Middleware/StartSession.php(63): Illuminate\Session\Middleware\StartSession->handleStatefulRequest()
#69 /home/runner/work/gestaodecustos/gestaodecustos/vendor/laravel/framework/src/Illuminate/Pipeline/Pipeline.php(219): Illuminate\Session\Middleware\StartSession->handle()
#70 /home/runner/work/gestaodecustos/gestaodecustos/vendor/laravel/framework/src/Illuminate/Cookie/Middleware/AddQueuedCookiesToResponse.php(36): Illuminate\Pipeline\Pipeline->Illuminate\Pipeline\{closure}()
#71 /home/runner/work/gestaodecustos/gestaodecustos/vendor/laravel/framework/src/Illuminate/Pipeline/Pipeline.php(219): Illuminate\Cookie\Middleware\AddQueuedCookiesToResponse->handle()
#72 /home/runner/work/gestaodecustos/gestaodecustos/vendor/laravel/framework/src/Illuminate/Cookie/Middleware/EncryptCookies.php(74): Illuminate\Pipeline\Pipeline->Illuminate\Pipeline\{closure}()
#73 /home/runner/work/gestaodecustos/gestaodecustos/vendor/laravel/framework/src/Illuminate/Pipeline/Pipeline.php(219): Illuminate\Cookie\Middleware\EncryptCookies->handle()
#74 /home/runner/work/gestaodecustos/gestaodecustos/vendor/laravel/framework/src/Illuminate/Pipeline/Pipeline.php(137): Illuminate\Pipeline\Pipeline->Illuminate\Pipeline\{closure}()
#75 /home/runner/work/gestaodecustos/gestaodecustos/vendor/laravel/framework/src/Illuminate/Routing/Router.php(821): Illuminate\Pipeline\Pipeline->then()
#76 /home/runner/work/gestaodecustos/gestaodecustos/vendor/laravel/framework/src/Illuminate/Routing/Router.php(800): Illuminate\Routing\Router->runRouteWithinStack()
#77 /home/runner/work/gestaodecustos/gestaodecustos/vendor/laravel/framework/src/Illuminate/Routing/Router.php(764): Illuminate\Routing\Router->runRoute()
#78 /home/runner/work/gestaodecustos/gestaodecustos/vendor/laravel/framework/src/Illuminate/Routing/Router.php(753): Illuminate\Routing\Router->dispatchToRoute()
#79 /home/runner/work/gestaodecustos/gestaodecustos/vendor/laravel/framework/src/Illuminate/Foundation/Http/Kernel.php(200): Illuminate\Routing\Router->dispatch()
#80 /home/runner/work/gestaodecustos/gestaodecustos/vendor/laravel/framework/src/Illuminate/Pipeline/Pipeline.php(180): Illuminate\Foundation\Http\Kernel->Illuminate\Foundation\Http\{closure}()
#81 /home/runner/work/gestaodecustos/gestaodecustos/vendor/livewire/livewire/src/Features/SupportDisablingBackButtonCache/DisableBackButtonCacheMiddleware.php(19): Illuminate\Pipeline\Pipeline->Illuminate\Pipeline\{closure}()
#82 /home/runner/work/gestaodecustos/gestaodecustos/vendor/laravel/framework/src/Illuminate/Pipeline/Pipeline.php(219): Livewire\Features\SupportDisablingBackButtonCache\DisableBackButtonCacheMiddleware->handle()
#83 /home/runner/work/gestaodecustos/gestaodecustos/vendor/laravel/framework/src/Illuminate/Foundation/Http/Middleware/TransformsRequest.php(21): Illuminate\Pipeline\Pipeline->Illuminate\Pipeline\{closure}()
#84 /home/runner/work/gestaodecustos/gestaodecustos/vendor/laravel/framework/src/Illuminate/Foundation/Http/Middleware/ConvertEmptyStringsToNull.php(31): Illuminate\Foundation\Http\Middleware\TransformsRequest->handle()
#85 /home/runner/work/gestaodecustos/gestaodecustos/vendor/laravel/framework/src/Illuminate/Pipeline/Pipeline.php(219): Illuminate\Foundation\Http\Middleware\ConvertEmptyStringsToNull->handle()
#86 /home/runner/work/gestaodecustos/gestaodecustos/vendor/laravel/framework/src/Illuminate/Foundation/Http/Middleware/TransformsRequest.php(21): Illuminate\Pipeline\Pipeline->Illuminate\Pipeline\{closure}()
#87 /home/runner/work/gestaodecustos/gestaodecustos/vendor/laravel/framework/src/Illuminate/Foundation/Http/Middleware/TrimStrings.php(51): Illuminate\Foundation\Http\Middleware\TransformsRequest->handle()
#88 /home/runner/work/gestaodecustos/gestaodecustos/vendor/laravel/framework/src/Illuminate/Pipeline/Pipeline.php(219): Illuminate\Foundation\Http\Middleware\TrimStrings->handle()
#89 /home/runner/work/gestaodecustos/gestaodecustos/vendor/laravel/framework/src/Illuminate/Http/Middleware/ValidatePostSize.php(27): Illuminate\Pipeline\Pipeline->Illuminate\Pipeline\{closure}()
#90 /home/runner/work/gestaodecustos/gestaodecustos/vendor/laravel/framework/src/Illuminate/Pipeline/Pipeline.php(219): Illuminate\Http\Middleware\ValidatePostSize->handle()
#91 /home/runner/work/gestaodecustos/gestaodecustos/vendor/laravel/framework/src/Illuminate/Foundation/Http/Middleware/PreventRequestsDuringMaintenance.php(110): Illuminate\Pipeline\Pipeline->Illuminate\Pipeline\{closure}()
#92 /home/runner/work/gestaodecustos/gestaodecustos/vendor/laravel/framework/src/Illuminate/Pipeline/Pipeline.php(219): Illuminate\Foundation\Http\Middleware\PreventRequestsDuringMaintenance->handle()
#93 /home/runner/work/gestaodecustos/gestaodecustos/vendor/laravel/framework/src/Illuminate/Http/Middleware/HandleCors.php(61): Illuminate\Pipeline\Pipeline->Illuminate\Pipeline\{closure}()
#94 /home/runner/work/gestaodecustos/gestaodecustos/vendor/laravel/framework/src/Illuminate/Pipeline/Pipeline.php(219): Illuminate\Http\Middleware\HandleCors->handle()
#95 /home/runner/work/gestaodecustos/gestaodecustos/vendor/laravel/framework/src/Illuminate/Http/Middleware/TrustProxies.php(58): Illuminate\Pipeline\Pipeline->Illuminate\Pipeline\{closure}()
#96 /home/runner/work/gestaodecustos/gestaodecustos/vendor/laravel/framework/src/Illuminate/Pipeline/Pipeline.php(219): Illuminate\Http\Middleware\TrustProxies->handle()
#97 /home/runner/work/gestaodecustos/gestaodecustos/vendor/laravel/framework/src/Illuminate/Foundation/Http/Middleware/InvokeDeferredCallbacks.php(22): Illuminate\Pipeline\Pipeline->Illuminate\Pipeline\{closure}()
#98 /home/runner/work/gestaodecustos/gestaodecustos/vendor/laravel/framework/src/Illuminate/Pipeline/Pipeline.php(219): Illuminate\Foundation\Http\Middleware\InvokeDeferredCallbacks->handle()
#99 /home/runner/work/gestaodecustos/gestaodecustos/vendor/laravel/framework/src/Illuminate/Http/Middleware/ValidatePathEncoding.php(28): Illuminate\Pipeline\Pipeline->Illuminate\Pipeline\{closure}()
#100 /home/runner/work/gestaodecustos/gestaodecustos/vendor/laravel/framework/src/Illuminate/Pipeline/Pipeline.php(219): Illuminate\Http\Middleware\ValidatePathEncoding->handle()
#101 /home/runner/work/gestaodecustos/gestaodecustos/vendor/laravel/framework/src/Illuminate/Pipeline/Pipeline.php(137): Illuminate\Pipeline\Pipeline->Illuminate\Pipeline\{closure}()
#102 /home/runner/work/gestaodecustos/gestaodecustos/vendor/laravel/framework/src/Illuminate/Foundation/Http/Kernel.php(175): Illuminate\Pipeline\Pipeline->then()
#103 /home/runner/work/gestaodecustos/gestaodecustos/vendor/laravel/framework/src/Illuminate/Foundation/Http/Kernel.php(144): Illuminate\Foundation\Http\Kernel->sendRequestThroughRouter()
#104 /home/runner/work/gestaodecustos/gestaodecustos/vendor/laravel/framework/src/Illuminate/Foundation/Testing/Concerns/MakesHttpRequests.php(638): Illuminate\Foundation\Http\Kernel->handle()
#105 /home/runner/work/gestaodecustos/gestaodecustos/vendor/laravel/framework/src/Illuminate/Foundation/Testing/Concerns/MakesHttpRequests.php(368): Illuminate\Foundation\Testing\TestCase->call()
#106 /home/runner/work/gestaodecustos/gestaodecustos/tests/Feature/ProfileTest.php(11): Illuminate\Foundation\Testing\TestCase->get()
#107 /home/runner/work/gestaodecustos/gestaodecustos/vendor/pestphp/pest/src/Factories/TestCaseMethodFactory.php(177): P\Tests\Feature\ProfileTest->{closure}()
#108 [internal function]: P\Tests\Feature\ProfileTest->Pest\Factories\{closure}()
#109 /home/runner/work/gestaodecustos/gestaodecustos/vendor/pestphp/pest/src/Concerns/Testable.php(514): call_user_func_array()
#110 /home/runner/work/gestaodecustos/gestaodecustos/vendor/pestphp/pest/src/Support/ExceptionTrace.php(26): P\Tests\Feature\ProfileTest->Pest\Concerns\{closure}()
#111 /home/runner/work/gestaodecustos/gestaodecustos/vendor/pestphp/pest/src/Concerns/Testable.php(514): Pest\Support\ExceptionTrace::ensure()
#112 /home/runner/work/gestaodecustos/gestaodecustos/vendor/pestphp/pest/src/Concerns/Testable.php(336): P\Tests\Feature\ProfileTest->__callClosure()
#113 /home/runner/work/gestaodecustos/gestaodecustos/vendor/pestphp/pest/src/Factories/TestCaseFactory.php(179) : eval()'d code(22): P\Tests\Feature\ProfileTest->__runTest()
#114 /home/runner/work/gestaodecustos/gestaodecustos/vendor/phpunit/phpunit/src/Framework/TestCase.php(1318): P\Tests\Feature\ProfileTest->__pest_evaluable_profile_page_is_displayed()
#115 /home/runner/work/gestaodecustos/gestaodecustos/vendor/phpunit/phpunit/src/Framework/TestCase.php(1355): PHPUnit\Framework\TestCase->invokeTestMethod()
#116 /home/runner/work/gestaodecustos/gestaodecustos/vendor/phpunit/phpunit/src/Framework/TestCase.php(521): PHPUnit\Framework\TestCase->runTest()
#117 /home/runner/work/gestaodecustos/gestaodecustos/vendor/phpunit/phpunit/src/Framework/TestRunner/TestRunner.php(99): PHPUnit\Framework\TestCase->runBare()
#118 /home/runner/work/gestaodecustos/gestaodecustos/vendor/phpunit/phpunit/src/Framework/TestCase.php(361): PHPUnit\Framework\TestRunner->run()
#119 /home/runner/work/gestaodecustos/gestaodecustos/vendor/phpunit/phpunit/src/Framework/TestSuite.php(374): PHPUnit\Framework\TestCase->run()
#120 /home/runner/work/gestaodecustos/gestaodecustos/vendor/phpunit/phpunit/src/Framework/TestSuite.php(374): PHPUnit\Framework\TestSuite->run()
#121 /home/runner/work/gestaodecustos/gestaodecustos/vendor/phpunit/phpunit/src/Framework/TestSuite.php(374): PHPUnit\Framework\TestSuite->run()
#122 /home/runner/work/gestaodecustos/gestaodecustos/vendor/phpunit/phpunit/src/TextUI/TestRunner.php(64): PHPUnit\Framework\TestSuite->run()
#123 /home/runner/work/gestaodecustos/gestaodecustos/vendor/phpunit/phpunit/src/TextUI/Application.php(229): PHPUnit\TextUI\TestRunner->run()
#124 /home/runner/work/gestaodecustos/gestaodecustos/vendor/pestphp/pest/src/Kernel.php(103): PHPUnit\TextUI\Application->run()
#125 /home/runner/work/gestaodecustos/gestaodecustos/vendor/pestphp/pest/bin/pest(196): Pest\Kernel->handle()
#126 /home/runner/work/gestaodecustos/gestaodecustos/vendor/pestphp/pest/bin/pest(204): {closure}()
#127 /home/runner/work/gestaodecustos/gestaodecustos/vendor/bin/pest(119): include('...')
#128 {main}

Next Illuminate\View\ViewException: Unable to locate file in Vite manifest: resources/js/modal-controls.js. (View: /home/runner/work/gestaodecustos/gestaodecustos/resources/views/partials/head.blade.php) in /home/runner/work/gestaodecustos/gestaodecustos/vendor/laravel/framework/src/Illuminate/Foundation/Vite.php:1042
Stack trace:
#0 /home/runner/work/gestaodecustos/gestaodecustos/vendor/livewire/livewire/src/Mechanisms/ExtendBlade/ExtendedCompilerEngine.php(58): Illuminate\View\Engines\CompilerEngine->handleViewException()
#1 /home/runner/work/gestaodecustos/gestaodecustos/vendor/laravel/framework/src/Illuminate/View/Engines/PhpEngine.php(59): Livewire\Mechanisms\ExtendBlade\ExtendedCompilerEngine->handleViewException()
#2 /home/runner/work/gestaodecustos/gestaodecustos/vendor/livewire/livewire/src/Mechanisms/ExtendBlade/ExtendedCompilerEngine.php(22): Illuminate\View\Engines\PhpEngine->evaluatePath()
#3 /home/runner/work/gestaodecustos/gestaodecustos/vendor/laravel/framework/src/Illuminate/View/Engines/CompilerEngine.php(76): Livewire\Mechanisms\ExtendBlade\ExtendedCompilerEngine->evaluatePath()
#4 /home/runner/work/gestaodecustos/gestaodecustos/vendor/livewire/livewire/src/Mechanisms/ExtendBlade/ExtendedCompilerEngine.php(10): Illuminate\View\Engines\CompilerEngine->get()
#5 /home/runner/work/gestaodecustos/gestaodecustos/vendor/laravel/framework/src/Illuminate/View/View.php(208): Livewire\Mechanisms\ExtendBlade\ExtendedCompilerEngine->get()
#6 /home/runner/work/gestaodecustos/gestaodecustos/vendor/laravel/framework/src/Illuminate/View/View.php(191): Illuminate\View\View->getContents()
#7 /home/runner/work/gestaodecustos/gestaodecustos/vendor/laravel/framework/src/Illuminate/View/View.php(160): Illuminate\View\View->renderContents()
#8 /home/runner/work/gestaodecustos/gestaodecustos/storage/framework/views/836a8a15524c86ff37c2b633e40219d3.php(51): Illuminate\View\View->render()
#9 /home/runner/work/gestaodecustos/gestaodecustos/vendor/laravel/framework/src/Illuminate/Filesystem/Filesystem.php(123): require('...')
#10 /home/runner/work/gestaodecustos/gestaodecustos/vendor/laravel/framework/src/Illuminate/Filesystem/Filesystem.php(124): Illuminate\Filesystem\Filesystem::Illuminate\Filesystem\{closure}()
#11 /home/runner/work/gestaodecustos/gestaodecustos/vendor/laravel/framework/src/Illuminate/View/Engines/PhpEngine.php(57): Illuminate\Filesystem\Filesystem->getRequire()
#12 /home/runner/work/gestaodecustos/gestaodecustos/vendor/livewire/livewire/src/Mechanisms/ExtendBlade/ExtendedCompilerEngine.php(22): Illuminate\View\Engines\PhpEngine->evaluatePath()
#13 /home/runner/work/gestaodecustos/gestaodecustos/vendor/laravel/framework/src/Illuminate/View/Engines/CompilerEngine.php(76): Livewire\Mechanisms\ExtendBlade\ExtendedCompilerEngine->evaluatePath()
#14 /home/runner/work/gestaodecustos/gestaodecustos/vendor/livewire/livewire/src/Mechanisms/ExtendBlade/ExtendedCompilerEngine.php(10): Illuminate\View\Engines\CompilerEngine->get()
#15 /home/runner/work/gestaodecustos/gestaodecustos/vendor/laravel/framework/src/Illuminate/View/View.php(208): Livewire\Mechanisms\ExtendBlade\ExtendedCompilerEngine->get()
#16 /home/runner/work/gestaodecustos/gestaodecustos/vendor/laravel/framework/src/Illuminate/View/View.php(191): Illuminate\View\View->getContents()
#17 /home/runner/work/gestaodecustos/gestaodecustos/vendor/laravel/framework/src/Illuminate/View/View.php(160): Illuminate\View\View->renderContents()
#18 /home/runner/work/gestaodecustos/gestaodecustos/vendor/laravel/framework/src/Illuminate/View/Concerns/ManagesComponents.php(103): Illuminate\View\View->render()
#19 /home/runner/work/gestaodecustos/gestaodecustos/storage/framework/views/f42a5e1c1df2cb8b3c7459492bd686e4.php(535): Illuminate\View\Factory->renderComponent()
#20 /home/runner/work/gestaodecustos/gestaodecustos/vendor/laravel/framework/src/Illuminate/Filesystem/Filesystem.php(123): require('...')
#21 /home/runner/work/gestaodecustos/gestaodecustos/vendor/laravel/framework/src/Illuminate/Filesystem/Filesystem.php(124): Illuminate\Filesystem\Filesystem::Illuminate\Filesystem\{closure}()
#22 /home/runner/work/gestaodecustos/gestaodecustos/vendor/laravel/framework/src/Illuminate/View/Engines/PhpEngine.php(57): Illuminate\Filesystem\Filesystem->getRequire()
#23 /home/runner/work/gestaodecustos/gestaodecustos/vendor/livewire/livewire/src/Mechanisms/ExtendBlade/ExtendedCompilerEngine.php(22): Illuminate\View\Engines\PhpEngine->evaluatePath()
#24 /home/runner/work/gestaodecustos/gestaodecustos/vendor/laravel/framework/src/Illuminate/View/Engines/CompilerEngine.php(76): Livewire\Mechanisms\ExtendBlade\ExtendedCompilerEngine->evaluatePath()
#25 /home/runner/work/gestaodecustos/gestaodecustos/vendor/livewire/livewire/src/Mechanisms/ExtendBlade/ExtendedCompilerEngine.php(10): Illuminate\View\Engines\CompilerEngine->get()
#26 /home/runner/work/gestaodecustos/gestaodecustos/vendor/laravel/framework/src/Illuminate/View/View.php(208): Livewire\Mechanisms\ExtendBlade\ExtendedCompilerEngine->get()
#27 /home/runner/work/gestaodecustos/gestaodecustos/vendor/laravel/framework/src/Illuminate/View/View.php(191): Illuminate\View\View->getContents()
#28 /home/runner/work/gestaodecustos/gestaodecustos/vendor/laravel/framework/src/Illuminate/View/View.php(160): Illuminate\View\View->renderContents()
#29 /home/runner/work/gestaodecustos/gestaodecustos/vendor/laravel/framework/src/Illuminate/Http/Response.php(82): Illuminate\View\View->render()
#30 /home/runner/work/gestaodecustos/gestaodecustos/vendor/laravel/framework/src/Illuminate/Http/Response.php(40): Illuminate\Http\Response->setContent()
#31 /home/runner/work/gestaodecustos/gestaodecustos/vendor/laravel/framework/src/Illuminate/Routing/ResponseFactory.php(61): Illuminate\Http\Response->__construct()
#32 /home/runner/work/gestaodecustos/gestaodecustos/vendor/laravel/framework/src/Illuminate/Routing/ResponseFactory.php(91): Illuminate\Routing\ResponseFactory->make()
#33 /home/runner/work/gestaodecustos/gestaodecustos/vendor/laravel/framework/src/Illuminate/Routing/ViewController.php(40): Illuminate\Routing\ResponseFactory->view()
#34 /home/runner/work/gestaodecustos/gestaodecustos/vendor/laravel/framework/src/Illuminate/Routing/ViewController.php(57): Illuminate\Routing\ViewController->__invoke()
#35 /home/runner/work/gestaodecustos/gestaodecustos/vendor/laravel/framework/src/Illuminate/Routing/ControllerDispatcher.php(43): Illuminate\Routing\ViewController->callAction()
#36 /home/runner/work/gestaodecustos/gestaodecustos/vendor/laravel/framework/src/Illuminate/Routing/Route.php(276): Illuminate\Routing\ControllerDispatcher->dispatch()
#37 /home/runner/work/gestaodecustos/gestaodecustos/vendor/laravel/framework/src/Illuminate/Routing/Route.php(216): Illuminate\Routing\Route->runController()
#38 /home/runner/work/gestaodecustos/gestaodecustos/vendor/laravel/framework/src/Illuminate/Routing/Router.php(822): Illuminate\Routing\Route->run()
#39 /home/runner/work/gestaodecustos/gestaodecustos/vendor/laravel/framework/src/Illuminate/Pipeline/Pipeline.php(180): Illuminate\Routing\Router->Illuminate\Routing\{closure}()
#40 /home/runner/work/gestaodecustos/gestaodecustos/vendor/laravel/framework/src/Illuminate/Auth/Middleware/EnsureEmailIsVerified.php(41): Illuminate\Pipeline\Pipeline->Illuminate\Pipeline\{closure}()
#41 /home/runner/work/gestaodecustos/gestaodecustos/vendor/laravel/framework/src/Illuminate/Pipeline/Pipeline.php(219): Illuminate\Auth\Middleware\EnsureEmailIsVerified->handle()
#42 /home/runner/work/gestaodecustos/gestaodecustos/app/Http/Middleware/ThrottleVerificationCode.php(27): Illuminate\Pipeline\Pipeline->Illuminate\Pipeline\{closure}()
#43 /home/runner/work/gestaodecustos/gestaodecustos/vendor/laravel/framework/src/Illuminate/Pipeline/Pipeline.php(219): App\Http\Middleware\ThrottleVerificationCode->handle()
#44 /home/runner/work/gestaodecustos/gestaodecustos/app/Http/Middleware/EnsureBusinessWorkspaceAccess.php(71): Illuminate\Pipeline\Pipeline->Illuminate\Pipeline\{closure}()
#45 /home/runner/work/gestaodecustos/gestaodecustos/vendor/laravel/framework/src/Illuminate/Pipeline/Pipeline.php(219): App\Http\Middleware\EnsureBusinessWorkspaceAccess->handle()
#46 /home/runner/work/gestaodecustos/gestaodecustos/app/Http/Middleware/EnsureImpersonationIsValid.php(20): Illuminate\Pipeline\Pipeline->Illuminate\Pipeline\{closure}()
#47 /home/runner/work/gestaodecustos/gestaodecustos/vendor/laravel/framework/src/Illuminate/Pipeline/Pipeline.php(219): App\Http\Middleware\EnsureImpersonationIsValid->handle()
#48 /home/runner/work/gestaodecustos/gestaodecustos/app/Http/Middleware/UpdateUserActivity.php(27): Illuminate\Pipeline\Pipeline->Illuminate\Pipeline\{closure}()
#49 /home/runner/work/gestaodecustos/gestaodecustos/vendor/laravel/framework/src/Illuminate/Pipeline/Pipeline.php(219): App\Http\Middleware\UpdateUserActivity->handle()
#50 /home/runner/work/gestaodecustos/gestaodecustos/app/Http/Middleware/CheckRegistrationStatus.php(25): Illuminate\Pipeline\Pipeline->Illuminate\Pipeline\{closure}()
#51 /home/runner/work/gestaodecustos/gestaodecustos/vendor/laravel/framework/src/Illuminate/Pipeline/Pipeline.php(219): App\Http\Middleware\CheckRegistrationStatus->handle()
#52 /home/runner/work/gestaodecustos/gestaodecustos/app/Http/Middleware/CheckMaintenanceMode.php(41): Illuminate\Pipeline\Pipeline->Illuminate\Pipeline\{closure}()
#53 /home/runner/work/gestaodecustos/gestaodecustos/vendor/laravel/framework/src/Illuminate/Pipeline/Pipeline.php(219): App\Http\Middleware\CheckMaintenanceMode->handle()
#54 /home/runner/work/gestaodecustos/gestaodecustos/app/Http/Middleware/SetLocale.php(30): Illuminate\Pipeline\Pipeline->Illuminate\Pipeline\{closure}()
#55 /home/runner/work/gestaodecustos/gestaodecustos/vendor/laravel/framework/src/Illuminate/Pipeline/Pipeline.php(219): App\Http\Middleware\SetLocale->handle()
#56 /home/runner/work/gestaodecustos/gestaodecustos/vendor/laravel/framework/src/Illuminate/Routing/Middleware/SubstituteBindings.php(52): Illuminate\Pipeline\Pipeline->Illuminate\Pipeline\{closure}()
#57 /home/runner/work/gestaodecustos/gestaodecustos/vendor/laravel/framework/src/Illuminate/Pipeline/Pipeline.php(219): Illuminate\Routing\Middleware\SubstituteBindings->handle()
#58 /home/runner/work/gestaodecustos/gestaodecustos/vendor/laravel/framework/src/Illuminate/Auth/Middleware/Authenticate.php(63): Illuminate\Pipeline\Pipeline->Illuminate\Pipeline\{closure}()
#59 /home/runner/work/gestaodecustos/gestaodecustos/vendor/laravel/framework/src/Illuminate/Pipeline/Pipeline.php(219): Illuminate\Auth\Middleware\Authenticate->handle()
#60 /home/runner/work/gestaodecustos/gestaodecustos/vendor/laravel/framework/src/Illuminate/Foundation/Http/Middleware/PreventRequestForgery.php(104): Illuminate\Pipeline\Pipeline->Illuminate\Pipeline\{closure}()
#61 /home/runner/work/gestaodecustos/gestaodecustos/vendor/laravel/framework/src/Illuminate/Pipeline/Pipeline.php(219): Illuminate\Foundation\Http\Middleware\PreventRequestForgery->handle()
#62 /home/runner/work/gestaodecustos/gestaodecustos/vendor/laravel/framework/src/Illuminate/View/Middleware/ShareErrorsFromSession.php(48): Illuminate\Pipeline\Pipeline->Illuminate\Pipeline\{closure}()
#63 /home/runner/work/gestaodecustos/gestaodecustos/vendor/laravel/framework/src/Illuminate/Pipeline/Pipeline.php(219): Illuminate\View\Middleware\ShareErrorsFromSession->handle()
#64 /home/runner/work/gestaodecustos/gestaodecustos/vendor/laravel/framework/src/Illuminate/Session/Middleware/StartSession.php(120): Illuminate\Pipeline\Pipeline->Illuminate\Pipeline\{closure}()
#65 /home/runner/work/gestaodecustos/gestaodecustos/vendor/laravel/framework/src/Illuminate/Session/Middleware/StartSession.php(63): Illuminate\Session\Middleware\StartSession->handleStatefulRequest()
#66 /home/runner/work/gestaodecustos/gestaodecustos/vendor/laravel/framework/src/Illuminate/Pipeline/Pipeline.php(219): Illuminate\Session\Middleware\StartSession->handle()
#67 /home/runner/work/gestaodecustos/gestaodecustos/vendor/laravel/framework/src/Illuminate/Cookie/Middleware/AddQueuedCookiesToResponse.php(36): Illuminate\Pipeline\Pipeline->Illuminate\Pipeline\{closure}()
#68 /home/runner/work/gestaodecustos/gestaodecustos/vendor/laravel/framework/src/Illuminate/Pipeline/Pipeline.php(219): Illuminate\Cookie\Middleware\AddQueuedCookiesToResponse->handle()
#69 /home/runner/work/gestaodecustos/gestaodecustos/vendor/laravel/framework/src/Illuminate/Cookie/Middleware/EncryptCookies.php(74): Illuminate\Pipeline\Pipeline->Illuminate\Pipeline\{closure}()
#70 /home/runner/work/gestaodecustos/gestaodecustos/vendor/laravel/framework/src/Illuminate/Pipeline/Pipeline.php(219): Illuminate\Cookie\Middleware\EncryptCookies->handle()
#71 /home/runner/work/gestaodecustos/gestaodecustos/vendor/laravel/framework/src/Illuminate/Pipeline/Pipeline.php(137): Illuminate\Pipeline\Pipeline->Illuminate\Pipeline\{closure}()
#72 /home/runner/work/gestaodecustos/gestaodecustos/vendor/laravel/framework/src/Illuminate/Routing/Router.php(821): Illuminate\Pipeline\Pipeline->then()
#73 /home/runner/work/gestaodecustos/gestaodecustos/vendor/laravel/framework/src/Illuminate/Routing/Router.php(800): Illuminate\Routing\Router->runRouteWithinStack()
#74 /home/runner/work/gestaodecustos/gestaodecustos/vendor/laravel/framework/src/Illuminate/Routing/Router.php(764): Illuminate\Routing\Router->runRoute()
#75 /home/runner/work/gestaodecustos/gestaodecustos/vendor/laravel/framework/src/Illuminate/Routing/Router.php(753): Illuminate\Routing\Router->dispatchToRoute()
#76 /home/runner/work/gestaodecustos/gestaodecustos/vendor/laravel/framework/src/Illuminate/Foundation/Http/Kernel.php(200): Illuminate\Routing\Router->dispatch()
#77 /home/runner/work/gestaodecustos/gestaodecustos/vendor/laravel/framework/src/Illuminate/Pipeline/Pipeline.php(180): Illuminate\Foundation\Http\Kernel->Illuminate\Foundation\Http\{closure}()
#78 /home/runner/work/gestaodecustos/gestaodecustos/vendor/livewire/livewire/src/Features/SupportDisablingBackButtonCache/DisableBackButtonCacheMiddleware.php(19): Illuminate\Pipeline\Pipeline->Illuminate\Pipeline\{closure}()
#79 /home/runner/work/gestaodecustos/gestaodecustos/vendor/laravel/framework/src/Illuminate/Pipeline/Pipeline.php(219): Livewire\Features\SupportDisablingBackButtonCache\DisableBackButtonCacheMiddleware->handle()
#80 /home/runner/work/gestaodecustos/gestaodecustos/vendor/laravel/framework/src/Illuminate/Foundation/Http/Middleware/TransformsRequest.php(21): Illuminate\Pipeline\Pipeline->Illuminate\Pipeline\{closure}()
#81 /home/runner/work/gestaodecustos/gestaodecustos/vendor/laravel/framework/src/Illuminate/Foundation/Http/Middleware/ConvertEmptyStringsToNull.php(31): Illuminate\Foundation\Http\Middleware\TransformsRequest->handle()
#82 /home/runner/work/gestaodecustos/gestaodecustos/vendor/laravel/framework/src/Illuminate/Pipeline/Pipeline.php(219): Illuminate\Foundation\Http\Middleware\ConvertEmptyStringsToNull->handle()
#83 /home/runner/work/gestaodecustos/gestaodecustos/vendor/laravel/framework/src/Illuminate/Foundation/Http/Middleware/TransformsRequest.php(21): Illuminate\Pipeline\Pipeline->Illuminate\Pipeline\{closure}()
#84 /home/runner/work/gestaodecustos/gestaodecustos/vendor/laravel/framework/src/Illuminate/Foundation/Http/Middleware/TrimStrings.php(51): Illuminate\Foundation\Http\Middleware\TransformsRequest->handle()
#85 /home/runner/work/gestaodecustos/gestaodecustos/vendor/laravel/framework/src/Illuminate/Pipeline/Pipeline.php(219): Illuminate\Foundation\Http\Middleware\TrimStrings->handle()
#86 /home/runner/work/gestaodecustos/gestaodecustos/vendor/laravel/framework/src/Illuminate/Http/Middleware/ValidatePostSize.php(27): Illuminate\Pipeline\Pipeline->Illuminate\Pipeline\{closure}()
#87 /home/runner/work/gestaodecustos/gestaodecustos/vendor/laravel/framework/src/Illuminate/Pipeline/Pipeline.php(219): Illuminate\Http\Middleware\ValidatePostSize->handle()
#88 /home/runner/work/gestaodecustos/gestaodecustos/vendor/laravel/framework/src/Illuminate/Foundation/Http/Middleware/PreventRequestsDuringMaintenance.php(110): Illuminate\Pipeline\Pipeline->Illuminate\Pipeline\{closure}()
#89 /home/runner/work/gestaodecustos/gestaodecustos/vendor/laravel/framework/src/Illuminate/Pipeline/Pipeline.php(219): Illuminate\Foundation\Http\Middleware\PreventRequestsDuringMaintenance->handle()
#90 /home/runner/work/gestaodecustos/gestaodecustos/vendor/laravel/framework/src/Illuminate/Http/Middleware/HandleCors.php(61): Illuminate\Pipeline\Pipeline->Illuminate\Pipeline\{closure}()
#91 /home/runner/work/gestaodecustos/gestaodecustos/vendor/laravel/framework/src/Illuminate/Pipeline/Pipeline.php(219): Illuminate\Http\Middleware\HandleCors->handle()
#92 /home/runner/work/gestaodecustos/gestaodecustos/vendor/laravel/framework/src/Illuminate/Http/Middleware/TrustProxies.php(58): Illuminate\Pipeline\Pipeline->Illuminate\Pipeline\{closure}()
#93 /home/runner/work/gestaodecustos/gestaodecustos/vendor/laravel/framework/src/Illuminate/Pipeline/Pipeline.php(219): Illuminate\Http\Middleware\TrustProxies->handle()
#94 /home/runner/work/gestaodecustos/gestaodecustos/vendor/laravel/framework/src/Illuminate/Foundation/Http/Middleware/InvokeDeferredCallbacks.php(22): Illuminate\Pipeline\Pipeline->Illuminate\Pipeline\{closure}()
#95 /home/runner/work/gestaodecustos/gestaodecustos/vendor/laravel/framework/src/Illuminate/Pipeline/Pipeline.php(219): Illuminate\Foundation\Http\Middleware\InvokeDeferredCallbacks->handle()
#96 /home/runner/work/gestaodecustos/gestaodecustos/vendor/laravel/framework/src/Illuminate/Http/Middleware/ValidatePathEncoding.php(28): Illuminate\Pipeline\Pipeline->Illuminate\Pipeline\{closure}()
#97 /home/runner/work/gestaodecustos/gestaodecustos/vendor/laravel/framework/src/Illuminate/Pipeline/Pipeline.php(219): Illuminate\Http\Middleware\ValidatePathEncoding->handle()
#98 /home/runner/work/gestaodecustos/gestaodecustos/vendor/laravel/framework/src/Illuminate/Pipeline/Pipeline.php(137): Illuminate\Pipeline\Pipeline->Illuminate\Pipeline\{closure}()
#99 /home/runner/work/gestaodecustos/gestaodecustos/vendor/laravel/framework/src/Illuminate/Foundation/Http/Kernel.php(175): Illuminate\Pipeline\Pipeline->then()
#100 /home/runner/work/gestaodecustos/gestaodecustos/vendor/laravel/framework/src/Illuminate/Foundation/Http/Kernel.php(144): Illuminate\Foundation\Http\Kernel->sendRequestThroughRouter()
#101 /home/runner/work/gestaodecustos/gestaodecustos/vendor/laravel/framework/src/Illuminate/Foundation/Testing/Concerns/MakesHttpRequests.php(638): Illuminate\Foundation\Http\Kernel->handle()
#102 /home/runner/work/gestaodecustos/gestaodecustos/vendor/laravel/framework/src/Illuminate/Foundation/Testing/Concerns/MakesHttpRequests.php(368): Illuminate\Foundation\Testing\TestCase->call()
#103 /home/runner/work/gestaodecustos/gestaodecustos/tests/Feature/ProfileTest.php(11): Illuminate\Foundation\Testing\TestCase->get()
#104 /home/runner/work/gestaodecustos/gestaodecustos/vendor/pestphp/pest/src/Factories/TestCaseMethodFactory.php(177): P\Tests\Feature\ProfileTest->{closure}()
#105 [internal function]: P\Tests\Feature\ProfileTest->Pest\Factories\{closure}()
#106 /home/runner/work/gestaodecustos/gestaodecustos/vendor/pestphp/pest/src/Concerns/Testable.php(514): call_user_func_array()
#107 /home/runner/work/gestaodecustos/gestaodecustos/vendor/pestphp/pest/src/Support/ExceptionTrace.php(26): P\Tests\Feature\ProfileTest->Pest\Concerns\{closure}()
#108 /home/runner/work/gestaodecustos/gestaodecustos/vendor/pestphp/pest/src/Concerns/Testable.php(514): Pest\Support\ExceptionTrace::ensure()
#109 /home/runner/work/gestaodecustos/gestaodecustos/vendor/pestphp/pest/src/Concerns/Testable.php(336): P\Tests\Feature\ProfileTest->__callClosure()
#110 /home/runner/work/gestaodecustos/gestaodecustos/vendor/pestphp/pest/src/Factories/TestCaseFactory.php(179) : eval()'d code(22): P\Tests\Feature\ProfileTest->__runTest()
#111 /home/runner/work/gestaodecustos/gestaodecustos/vendor/phpunit/phpunit/src/Framework/TestCase.php(1318): P\Tests\Feature\ProfileTest->__pest_evaluable_profile_page_is_displayed()
#112 /home/runner/work/gestaodecustos/gestaodecustos/vendor/phpunit/phpunit/src/Framework/TestCase.php(1355): PHPUnit\Framework\TestCase->invokeTestMethod()
#113 /home/runner/work/gestaodecustos/gestaodecustos/vendor/phpunit/phpunit/src/Framework/TestCase.php(521): PHPUnit\Framework\TestCase->runTest()
#114 /home/runner/work/gestaodecustos/gestaodecustos/vendor/phpunit/phpunit/src/Framework/TestRunner/TestRunner.php(99): PHPUnit\Framework\TestCase->runBare()
#115 /home/runner/work/gestaodecustos/gestaodecustos/vendor/phpunit/phpunit/src/Framework/TestCase.php(361): PHPUnit\Framework\TestRunner->run()
#116 /home/runner/work/gestaodecustos/gestaodecustos/vendor/phpunit/phpunit/src/Framework/TestSuite.php(374): PHPUnit\Framework\TestCase->run()
#117 /home/runner/work/gestaodecustos/gestaodecustos/vendor/phpunit/phpunit/src/Framework/TestSuite.php(374): PHPUnit\Framework\TestSuite->run()
#118 /home/runner/work/gestaodecustos/gestaodecustos/vendor/phpunit/phpunit/src/Framework/TestSuite.php(374): PHPUnit\Framework\TestSuite->run()
#119 /home/runner/work/gestaodecustos/gestaodecustos/vendor/phpunit/phpunit/src/TextUI/TestRunner.php(64): PHPUnit\Framework\TestSuite->run()
#120 /home/runner/work/gestaodecustos/gestaodecustos/vendor/phpunit/phpunit/src/TextUI/Application.php(229): PHPUnit\TextUI\TestRunner->run()
#121 /home/runner/work/gestaodecustos/gestaodecustos/vendor/pestphp/pest/src/Kernel.php(103): PHPUnit\TextUI\Application->run()
#122 /home/runner/work/gestaodecustos/gestaodecustos/vendor/pestphp/pest/bin/pest(196): Pest\Kernel->handle()
#123 /home/runner/work/gestaodecustos/gestaodecustos/vendor/pestphp/pest/bin/pest(204): {closure}()
#124 /home/runner/work/gestaodecustos/gestaodecustos/vendor/bin/pest(119): include('...')
#125 {main}

Next Illuminate\View\ViewException: Unable to locate file in Vite manifest: resources/js/modal-controls.js. (View: /home/runner/work/gestaodecustos/gestaodecustos/resources/views/partials/head.blade.php) (View: /home/runner/work/gestaodecustos/gestaodecustos/resources/views/partials/head.blade.php) in /home/runner/work/gestaodecustos/gestaodecustos/vendor/laravel/framework/src/Illuminate/Foundation/Vite.php:1042
Stack trace:
#0 /home/runner/work/gestaodecustos/gestaodecustos/vendor/livewire/livewire/src/Mechanisms/ExtendBlade/ExtendedCompilerEngine.php(58): Illuminate\View\Engines\CompilerEngine->handleViewException()
#1 /home/runner/work/gestaodecustos/gestaodecustos/vendor/laravel/framework/src/Illuminate/View/Engines/PhpEngine.php(59): Livewire\Mechanisms\ExtendBlade\ExtendedCompilerEngine->handleViewException()
#2 /home/runner/work/gestaodecustos/gestaodecustos/vendor/livewire/livewire/src/Mechanisms/ExtendBlade/ExtendedCompilerEngine.php(22): Illuminate\View\Engines\PhpEngine->evaluatePath()
#3 /home/runner/work/gestaodecustos/gestaodecustos/vendor/laravel/framework/src/Illuminate/View/Engines/CompilerEngine.php(76): Livewire\Mechanisms\ExtendBlade\ExtendedCompilerEngine->evaluatePath()
#4 /home/runner/work/gestaodecustos/gestaodecustos/vendor/livewire/livewire/src/Mechanisms/ExtendBlade/ExtendedCompilerEngine.php(10): Illuminate\View\Engines\CompilerEngine->get()
#5 /home/runner/work/gestaodecustos/gestaodecustos/vendor/laravel/framework/src/Illuminate/View/View.php(208): Livewire\Mechanisms\ExtendBlade\ExtendedCompilerEngine->get()
#6 /home/runner/work/gestaodecustos/gestaodecustos/vendor/laravel/framework/src/Illuminate/View/View.php(191): Illuminate\View\View->getContents()
#7 /home/runner/work/gestaodecustos/gestaodecustos/vendor/laravel/framework/src/Illuminate/View/View.php(160): Illuminate\View\View->renderContents()
#8 /home/runner/work/gestaodecustos/gestaodecustos/vendor/laravel/framework/src/Illuminate/View/Concerns/ManagesComponents.php(103): Illuminate\View\View->render()
#9 /home/runner/work/gestaodecustos/gestaodecustos/storage/framework/views/f42a5e1c1df2cb8b3c7459492bd686e4.php(535): Illuminate\View\Factory->renderComponent()
#10 /home/runner/work/gestaodecustos/gestaodecustos/vendor/laravel/framework/src/Illuminate/Filesystem/Filesystem.php(123): require('...')
#11 /home/runner/work/gestaodecustos/gestaodecustos/vendor/laravel/framework/src/Illuminate/Filesystem/Filesystem.php(124): Illuminate\Filesystem\Filesystem::Illuminate\Filesystem\{closure}()
#12 /home/runner/work/gestaodecustos/gestaodecustos/vendor/laravel/framework/src/Illuminate/View/Engines/PhpEngine.php(57): Illuminate\Filesystem\Filesystem->getRequire()
#13 /home/runner/work/gestaodecustos/gestaodecustos/vendor/livewire/livewire/src/Mechanisms/ExtendBlade/ExtendedCompilerEngine.php(22): Illuminate\View\Engines\PhpEngine->evaluatePath()
#14 /home/runner/work/gestaodecustos/gestaodecustos/vendor/laravel/framework/src/Illuminate/View/Engines/CompilerEngine.php(76): Livewire\Mechanisms\ExtendBlade\ExtendedCompilerEngine->evaluatePath()
#15 /home/runner/work/gestaodecustos/gestaodecustos/vendor/livewire/livewire/src/Mechanisms/ExtendBlade/ExtendedCompilerEngine.php(10): Illuminate\View\Engines\CompilerEngine->get()
#16 /home/runner/work/gestaodecustos/gestaodecustos/vendor/laravel/framework/src/Illuminate/View/View.php(208): Livewire\Mechanisms\ExtendBlade\ExtendedCompilerEngine->get()
#17 /home/runner/work/gestaodecustos/gestaodecustos/vendor/laravel/framework/src/Illuminate/View/View.php(191): Illuminate\View\View->getContents()
#18 /home/runner/work/gestaodecustos/gestaodecustos/vendor/laravel/framework/src/Illuminate/View/View.php(160): Illuminate\View\View->renderContents()
#19 /home/runner/work/gestaodecustos/gestaodecustos/vendor/laravel/framework/src/Illuminate/Http/Response.php(82): Illuminate\View\View->render()
#20 /home/runner/work/gestaodecustos/gestaodecustos/vendor/laravel/framework/src/Illuminate/Http/Response.php(40): Illuminate\Http\Response->setContent()
#21 /home/runner/work/gestaodecustos/gestaodecustos/vendor/laravel/framework/src/Illuminate/Routing/ResponseFactory.php(61): Illuminate\Http\Response->__construct()
#22 /home/runner/work/gestaodecustos/gestaodecustos/vendor/laravel/framework/src/Illuminate/Routing/ResponseFactory.php(91): Illuminate\Routing\ResponseFactory->make()
#23 /home/runner/work/gestaodecustos/gestaodecustos/vendor/laravel/framework/src/Illuminate/Routing/ViewController.php(40): Illuminate\Routing\ResponseFactory->view()
#24 /home/runner/work/gestaodecustos/gestaodecustos/vendor/laravel/framework/src/Illuminate/Routing/ViewController.php(57): Illuminate\Routing\ViewController->__invoke()
#25 /home/runner/work/gestaodecustos/gestaodecustos/vendor/laravel/framework/src/Illuminate/Routing/ControllerDispatcher.php(43): Illuminate\Routing\ViewController->callAction()
#26 /home/runner/work/gestaodecustos/gestaodecustos/vendor/laravel/framework/src/Illuminate/Routing/Route.php(276): Illuminate\Routing\ControllerDispatcher->dispatch()
#27 /home/runner/work/gestaodecustos/gestaodecustos/vendor/laravel/framework/src/Illuminate/Routing/Route.php(216): Illuminate\Routing\Route->runController()
#28 /home/runner/work/gestaodecustos/gestaodecustos/vendor/laravel/framework/src/Illuminate/Routing/Router.php(822): Illuminate\Routing\Route->run()
#29 /home/runner/work/gestaodecustos/gestaodecustos/vendor/laravel/framework/src/Illuminate/Pipeline/Pipeline.php(180): Illuminate\Routing\Router->Illuminate\Routing\{closure}()
#30 /home/runner/work/gestaodecustos/gestaodecustos/vendor/laravel/framework/src/Illuminate/Auth/Middleware/EnsureEmailIsVerified.php(41): Illuminate\Pipeline\Pipeline->Illuminate\Pipeline\{closure}()
#31 /home/runner/work/gestaodecustos/gestaodecustos/vendor/laravel/framework/src/Illuminate/Pipeline/Pipeline.php(219): Illuminate\Auth\Middleware\EnsureEmailIsVerified->handle()
#32 /home/runner/work/gestaodecustos/gestaodecustos/app/Http/Middleware/ThrottleVerificationCode.php(27): Illuminate\Pipeline\Pipeline->Illuminate\Pipeline\{closure}()
#33 /home/runner/work/gestaodecustos/gestaodecustos/vendor/laravel/framework/src/Illuminate/Pipeline/Pipeline.php(219): App\Http\Middleware\ThrottleVerificationCode->handle()
#34 /home/runner/work/gestaodecustos/gestaodecustos/app/Http/Middleware/EnsureBusinessWorkspaceAccess.php(71): Illuminate\Pipeline\Pipeline->Illuminate\Pipeline\{closure}()
#35 /home/runner/work/gestaodecustos/gestaodecustos/vendor/laravel/framework/src/Illuminate/Pipeline/Pipeline.php(219): App\Http\Middleware\EnsureBusinessWorkspaceAccess->handle()
#36 /home/runner/work/gestaodecustos/gestaodecustos/app/Http/Middleware/EnsureImpersonationIsValid.php(20): Illuminate\Pipeline\Pipeline->Illuminate\Pipeline\{closure}()
#37 /home/runner/work/gestaodecustos/gestaodecustos/vendor/laravel/framework/src/Illuminate/Pipeline/Pipeline.php(219): App\Http\Middleware\EnsureImpersonationIsValid->handle()
#38 /home/runner/work/gestaodecustos/gestaodecustos/app/Http/Middleware/UpdateUserActivity.php(27): Illuminate\Pipeline\Pipeline->Illuminate\Pipeline\{closure}()
#39 /home/runner/work/gestaodecustos/gestaodecustos/vendor/laravel/framework/src/Illuminate/Pipeline/Pipeline.php(219): App\Http\Middleware\UpdateUserActivity->handle()
#40 /home/runner/work/gestaodecustos/gestaodecustos/app/Http/Middleware/CheckRegistrationStatus.php(25): Illuminate\Pipeline\Pipeline->Illuminate\Pipeline\{closure}()
#41 /home/runner/work/gestaodecustos/gestaodecustos/vendor/laravel/framework/src/Illuminate/Pipeline/Pipeline.php(219): App\Http\Middleware\CheckRegistrationStatus->handle()
#42 /home/runner/work/gestaodecustos/gestaodecustos/app/Http/Middleware/CheckMaintenanceMode.php(41): Illuminate\Pipeline\Pipeline->Illuminate\Pipeline\{closure}()
#43 /home/runner/work/gestaodecustos/gestaodecustos/vendor/laravel/framework/src/Illuminate/Pipeline/Pipeline.php(219): App\Http\Middleware\CheckMaintenanceMode->handle()
#44 /home/runner/work/gestaodecustos/gestaodecustos/app/Http/Middleware/SetLocale.php(30): Illuminate\Pipeline\Pipeline->Illuminate\Pipeline\{closure}()
#45 /home/runner/work/gestaodecustos/gestaodecustos/vendor/laravel/framework/src/Illuminate/Pipeline/Pipeline.php(219): App\Http\Middleware\SetLocale->handle()
#46 /home/runner/work/gestaodecustos/gestaodecustos/vendor/laravel/framework/src/Illuminate/Routing/Middleware/SubstituteBindings.php(52): Illuminate\Pipeline\Pipeline->Illuminate\Pipeline\{closure}()
#47 /home/runner/work/gestaodecustos/gestaodecustos/vendor/laravel/framework/src/Illuminate/Pipeline/Pipeline.php(219): Illuminate\Routing\Middleware\SubstituteBindings->handle()
#48 /home/runner/work/gestaodecustos/gestaodecustos/vendor/laravel/framework/src/Illuminate/Auth/Middleware/Authenticate.php(63): Illuminate\Pipeline\Pipeline->Illuminate\Pipeline\{closure}()
#49 /home/runner/work/gestaodecustos/gestaodecustos/vendor/laravel/framework/src/Illuminate/Pipeline/Pipeline.php(219): Illuminate\Auth\Middleware\Authenticate->handle()
#50 /home/runner/work/gestaodecustos/gestaodecustos/vendor/laravel/framework/src/Illuminate/Foundation/Http/Middleware/PreventRequestForgery.php(104): Illuminate\Pipeline\Pipeline->Illuminate\Pipeline\{closure}()
#51 /home/runner/work/gestaodecustos/gestaodecustos/vendor/laravel/framework/src/Illuminate/Pipeline/Pipeline.php(219): Illuminate\Foundation\Http\Middleware\PreventRequestForgery->handle()
#52 /home/runner/work/gestaodecustos/gestaodecustos/vendor/laravel/framework/src/Illuminate/View/Middleware/ShareErrorsFromSession.php(48): Illuminate\Pipeline\Pipeline->Illuminate\Pipeline\{closure}()
#53 /home/runner/work/gestaodecustos/gestaodecustos/vendor/laravel/framework/src/Illuminate/Pipeline/Pipeline.php(219): Illuminate\View\Middleware\ShareErrorsFromSession->handle()
#54 /home/runner/work/gestaodecustos/gestaodecustos/vendor/laravel/framework/src/Illuminate/Session/Middleware/StartSession.php(120): Illuminate\Pipeline\Pipeline->Illuminate\Pipeline\{closure}()
#55 /home/runner/work/gestaodecustos/gestaodecustos/vendor/laravel/framework/src/Illuminate/Session/Middleware/StartSession.php(63): Illuminate\Session\Middleware\StartSession->handleStatefulRequest()
#56 /home/runner/work/gestaodecustos/gestaodecustos/vendor/laravel/framework/src/Illuminate/Pipeline/Pipeline.php(219): Illuminate\Session\Middleware\StartSession->handle()
#57 /home/runner/work/gestaodecustos/gestaodecustos/vendor/laravel/framework/src/Illuminate/Cookie/Middleware/AddQueuedCookiesToResponse.php(36): Illuminate\Pipeline\Pipeline->Illuminate\Pipeline\{closure}()
#58 /home/runner/work/gestaodecustos/gestaodecustos/vendor/laravel/framework/src/Illuminate/Pipeline/Pipeline.php(219): Illuminate\Cookie\Middleware\AddQueuedCookiesToResponse->handle()
#59 /home/runner/work/gestaodecustos/gestaodecustos/vendor/laravel/framework/src/Illuminate/Cookie/Middleware/EncryptCookies.php(74): Illuminate\Pipeline\Pipeline->Illuminate\Pipeline\{closure}()
#60 /home/runner/work/gestaodecustos/gestaodecustos/vendor/laravel/framework/src/Illuminate/Pipeline/Pipeline.php(219): Illuminate\Cookie\Middleware\EncryptCookies->handle()
#61 /home/runner/work/gestaodecustos/gestaodecustos/vendor/laravel/framework/src/Illuminate/Pipeline/Pipeline.php(137): Illuminate\Pipeline\Pipeline->Illuminate\Pipeline\{closure}()
#62 /home/runner/work/gestaodecustos/gestaodecustos/vendor/laravel/framework/src/Illuminate/Routing/Router.php(821): Illuminate\Pipeline\Pipeline->then()
#63 /home/runner/work/gestaodecustos/gestaodecustos/vendor/laravel/framework/src/Illuminate/Routing/Router.php(800): Illuminate\Routing\Router->runRouteWithinStack()
#64 /home/runner/work/gestaodecustos/gestaodecustos/vendor/laravel/framework/src/Illuminate/Routing/Router.php(764): Illuminate\Routing\Router->runRoute()
#65 /home/runner/work/gestaodecustos/gestaodecustos/vendor/laravel/framework/src/Illuminate/Routing/Router.php(753): Illuminate\Routing\Router->dispatchToRoute()
#66 /home/runner/work/gestaodecustos/gestaodecustos/vendor/laravel/framework/src/Illuminate/Foundation/Http/Kernel.php(200): Illuminate\Routing\Router->dispatch()
#67 /home/runner/work/gestaodecustos/gestaodecustos/vendor/laravel/framework/src/Illuminate/Pipeline/Pipeline.php(180): Illuminate\Foundation\Http\Kernel->Illuminate\Foundation\Http\{closure}()
#68 /home/runner/work/gestaodecustos/gestaodecustos/vendor/livewire/livewire/src/Features/SupportDisablingBackButtonCache/DisableBackButtonCacheMiddleware.php(19): Illuminate\Pipeline\Pipeline->Illuminate\Pipeline\{closure}()
#69 /home/runner/work/gestaodecustos/gestaodecustos/vendor/laravel/framework/src/Illuminate/Pipeline/Pipeline.php(219): Livewire\Features\SupportDisablingBackButtonCache\DisableBackButtonCacheMiddleware->handle()
#70 /home/runner/work/gestaodecustos/gestaodecustos/vendor/laravel/framework/src/Illuminate/Foundation/Http/Middleware/TransformsRequest.php(21): Illuminate\Pipeline\Pipeline->Illuminate\Pipeline\{closure}()
#71 /home/runner/work/gestaodecustos/gestaodecustos/vendor/laravel/framework/src/Illuminate/Foundation/Http/Middleware/ConvertEmptyStringsToNull.php(31): Illuminate\Foundation\Http\Middleware\TransformsRequest->handle()
#72 /home/runner/work/gestaodecustos/gestaodecustos/vendor/laravel/framework/src/Illuminate/Pipeline/Pipeline.php(219): Illuminate\Foundation\Http\Middleware\ConvertEmptyStringsToNull->handle()
#73 /home/runner/work/gestaodecustos/gestaodecustos/vendor/laravel/framework/src/Illuminate/Foundation/Http/Middleware/TransformsRequest.php(21): Illuminate\Pipeline\Pipeline->Illuminate\Pipeline\{closure}()
#74 /home/runner/work/gestaodecustos/gestaodecustos/vendor/laravel/framework/src/Illuminate/Foundation/Http/Middleware/TrimStrings.php(51): Illuminate\Foundation\Http\Middleware\TransformsRequest->handle()
#75 /home/runner/work/gestaodecustos/gestaodecustos/vendor/laravel/framework/src/Illuminate/Pipeline/Pipeline.php(219): Illuminate\Foundation\Http\Middleware\TrimStrings->handle()
#76 /home/runner/work/gestaodecustos/gestaodecustos/vendor/laravel/framework/src/Illuminate/Http/Middleware/ValidatePostSize.php(27): Illuminate\Pipeline\Pipeline->Illuminate\Pipeline\{closure}()
#77 /home/runner/work/gestaodecustos/gestaodecustos/vendor/laravel/framework/src/Illuminate/Pipeline/Pipeline.php(219): Illuminate\Http\Middleware\ValidatePostSize->handle()
#78 /home/runner/work/gestaodecustos/gestaodecustos/vendor/laravel/framework/src/Illuminate/Foundation/Http/Middleware/PreventRequestsDuringMaintenance.php(110): Illuminate\Pipeline\Pipeline->Illuminate\Pipeline\{closure}()
#79 /home/runner/work/gestaodecustos/gestaodecustos/vendor/laravel/framework/src/Illuminate/Pipeline/Pipeline.php(219): Illuminate\Foundation\Http\Middleware\PreventRequestsDuringMaintenance->handle()
#80 /home/runner/work/gestaodecustos/gestaodecustos/vendor/laravel/framework/src/Illuminate/Http/Middleware/HandleCors.php(61): Illuminate\Pipeline\Pipeline->Illuminate\Pipeline\{closure}()
#81 /home/runner/work/gestaodecustos/gestaodecustos/vendor/laravel/framework/src/Illuminate/Pipeline/Pipeline.php(219): Illuminate\Http\Middleware\HandleCors->handle()
#82 /home/runner/work/gestaodecustos/gestaodecustos/vendor/laravel/framework/src/Illuminate/Http/Middleware/TrustProxies.php(58): Illuminate\Pipeline\Pipeline->Illuminate\Pipeline\{closure}()
#83 /home/runner/work/gestaodecustos/gestaodecustos/vendor/laravel/framework/src/Illuminate/Pipeline/Pipeline.php(219): Illuminate\Http\Middleware\TrustProxies->handle()
#84 /home/runner/work/gestaodecustos/gestaodecustos/vendor/laravel/framework/src/Illuminate/Foundation/Http/Middleware/InvokeDeferredCallbacks.php(22): Illuminate\Pipeline\Pipeline->Illuminate\Pipeline\{closure}()
#85 /home/runner/work/gestaodecustos/gestaodecustos/vendor/laravel/framework/src/Illuminate/Pipeline/Pipeline.php(219): Illuminate\Foundation\Http\Middleware\InvokeDeferredCallbacks->handle()
#86 /home/runner/work/gestaodecustos/gestaodecustos/vendor/laravel/framework/src/Illuminate/Http/Middleware/ValidatePathEncoding.php(28): Illuminate\Pipeline\Pipeline->Illuminate\Pipeline\{closure}()
#87 /home/runner/work/gestaodecustos/gestaodecustos/vendor/laravel/framework/src/Illuminate/Pipeline/Pipeline.php(219): Illuminate\Http\Middleware\ValidatePathEncoding->handle()
#88 /home/runner/work/gestaodecustos/gestaodecustos/vendor/laravel/framework/src/Illuminate/Pipeline/Pipeline.php(137): Illuminate\Pipeline\Pipeline->Illuminate\Pipeline\{closure}()
#89 /home/runner/work/gestaodecustos/gestaodecustos/vendor/laravel/framework/src/Illuminate/Foundation/Http/Kernel.php(175): Illuminate\Pipeline\Pipeline->then()
#90 /home/runner/work/gestaodecustos/gestaodecustos/vendor/laravel/framework/src/Illuminate/Foundation/Http/Kernel.php(144): Illuminate\Foundation\Http\Kernel->sendRequestThroughRouter()
#91 /home/runner/work/gestaodecustos/gestaodecustos/vendor/laravel/framework/src/Illuminate/Foundation/Testing/Concerns/MakesHttpRequests.php(638): Illuminate\Foundation\Http\Kernel->handle()
#92 /home/runner/work/gestaodecustos/gestaodecustos/vendor/laravel/framework/src/Illuminate/Foundation/Testing/Concerns/MakesHttpRequests.php(368): Illuminate\Foundation\Testing\TestCase->call()
#93 /home/runner/work/gestaodecustos/gestaodecustos/tests/Feature/ProfileTest.php(11): Illuminate\Foundation\Testing\TestCase->get()
#94 /home/runner/work/gestaodecustos/gestaodecustos/vendor/pestphp/pest/src/Factories/TestCaseMethodFactory.php(177): P\Tests\Feature\ProfileTest->{closure}()
#95 [internal function]: P\Tests\Feature\ProfileTest->Pest\Factories\{closure}()
#96 /home/runner/work/gestaodecustos/gestaodecustos/vendor/pestphp/pest/src/Concerns/Testable.php(514): call_user_func_array()
#97 /home/runner/work/gestaodecustos/gestaodecustos/vendor/pestphp/pest/src/Support/ExceptionTrace.php(26): P\Tests\Feature\ProfileTest->Pest\Concerns\{closure}()
#98 /home/runner/work/gestaodecustos/gestaodecustos/vendor/pestphp/pest/src/Concerns/Testable.php(514): Pest\Support\ExceptionTrace::ensure()
#99 /home/runner/work/gestaodecustos/gestaodecustos/vendor/pestphp/pest/src/Concerns/Testable.php(336): P\Tests\Feature\ProfileTest->__callClosure()
#100 /home/runner/work/gestaodecustos/gestaodecustos/vendor/pestphp/pest/src/Factories/TestCaseFactory.php(179) : eval()'d code(22): P\Tests\Feature\ProfileTest->__runTest()
#101 /home/runner/work/gestaodecustos/gestaodecustos/vendor/phpunit/phpunit/src/Framework/TestCase.php(1318): P\Tests\Feature\ProfileTest->__pest_evaluable_profile_page_is_displayed()
#102 /home/runner/work/gestaodecustos/gestaodecustos/vendor/phpunit/phpunit/src/Framework/TestCase.php(1355): PHPUnit\Framework\TestCase->invokeTestMethod()
#103 /home/runner/work/gestaodecustos/gestaodecustos/vendor/phpunit/phpunit/src/Framework/TestCase.php(521): PHPUnit\Framework\TestCase->runTest()
#104 /home/runner/work/gestaodecustos/gestaodecustos/vendor/phpunit/phpunit/src/Framework/TestRunner/TestRunner.php(99): PHPUnit\Framework\TestCase->runBare()
#105 /home/runner/work/gestaodecustos/gestaodecustos/vendor/phpunit/phpunit/src/Framework/TestCase.php(361): PHPUnit\Framework\TestRunner->run()
#106 /home/runner/work/gestaodecustos/gestaodecustos/vendor/phpunit/phpunit/src/Framework/TestSuite.php(374): PHPUnit\Framework\TestCase->run()
#107 /home/runner/work/gestaodecustos/gestaodecustos/vendor/phpunit/phpunit/src/Framework/TestSuite.php(374): PHPUnit\Framework\TestSuite->run()
#108 /home/runner/work/gestaodecustos/gestaodecustos/vendor/phpunit/phpunit/src/Framework/TestSuite.php(374): PHPUnit\Framework\TestSuite->run()
#109 /home/runner/work/gestaodecustos/gestaodecustos/vendor/phpunit/phpunit/src/TextUI/TestRunner.php(64): PHPUnit\Framework\TestSuite->run()
#110 /home/runner/work/gestaodecustos/gestaodecustos/vendor/phpunit/phpunit/src/TextUI/Application.php(229): PHPUnit\TextUI\TestRunner->run()
#111 /home/runner/work/gestaodecustos/gestaodecustos/vendor/pestphp/pest/src/Kernel.php(103): PHPUnit\TextUI\Application->run()
#112 /home/runner/work/gestaodecustos/gestaodecustos/vendor/pestphp/pest/bin/pest(196): Pest\Kernel->handle()
#113 /home/runner/work/gestaodecustos/gestaodecustos/vendor/pestphp/pest/bin/pest(204): {closure}()
#114 /home/runner/work/gestaodecustos/gestaodecustos/vendor/bin/pest(119): include('...')
#115 {main}

Next Illuminate\View\ViewException: Unable to locate file in Vite manifest: resources/js/modal-controls.js. (View: /home/runner/work/gestaodecustos/gestaodecustos/resources/views/partials/head.blade.php) (View: /home/runner/work/gestaodecustos/gestaodecustos/resources/views/partials/head.blade.php) (View: /home/runner/work/gestaodecustos/gestaodecustos/resources/views/partials/head.blade.php) in /home/runner/work/gestaodecustos/gestaodecustos/vendor/laravel/framework/src/Illuminate/Foundation/Vite.php:1042
Stack trace:
#0 /home/runner/work/gestaodecustos/gestaodecustos/vendor/livewire/livewire/src/Mechanisms/ExtendBlade/ExtendedCompilerEngine.php(58): Illuminate\View\Engines\CompilerEngine->handleViewException()
#1 /home/runner/work/gestaodecustos/gestaodecustos/vendor/laravel/framework/src/Illuminate/View/Engines/PhpEngine.php(59): Livewire\Mechanisms\ExtendBlade\ExtendedCompilerEngine->handleViewException()
#2 /home/runner/work/gestaodecustos/gestaodecustos/vendor/livewire/livewire/src/Mechanisms/ExtendBlade/ExtendedCompilerEngine.php(22): Illuminate\View\Engines\PhpEngine->evaluatePath()
#3 /home/runner/work/gestaodecustos/gestaodecustos/vendor/laravel/framework/src/Illuminate/View/Engines/CompilerEngine.php(76): Livewire\Mechanisms\ExtendBlade\ExtendedCompilerEngine->evaluatePath()
#4 /home/runner/work/gestaodecustos/gestaodecustos/vendor/livewire/livewire/src/Mechanisms/ExtendBlade/ExtendedCompilerEngine.php(10): Illuminate\View\Engines\CompilerEngine->get()
#5 /home/runner/work/gestaodecustos/gestaodecustos/vendor/laravel/framework/src/Illuminate/View/View.php(208): Livewire\Mechanisms\ExtendBlade\ExtendedCompilerEngine->get()
#6 /home/runner/work/gestaodecustos/gestaodecustos/vendor/laravel/framework/src/Illuminate/View/View.php(191): Illuminate\View\View->getContents()
#7 /home/runner/work/gestaodecustos/gestaodecustos/vendor/laravel/framework/src/Illuminate/View/View.php(160): Illuminate\View\View->renderContents()
#8 /home/runner/work/gestaodecustos/gestaodecustos/vendor/laravel/framework/src/Illuminate/Http/Response.php(82): Illuminate\View\View->render()
#9 /home/runner/work/gestaodecustos/gestaodecustos/vendor/laravel/framework/src/Illuminate/Http/Response.php(40): Illuminate\Http\Response->setContent()
#10 /home/runner/work/gestaodecustos/gestaodecustos/vendor/laravel/framework/src/Illuminate/Routing/ResponseFactory.php(61): Illuminate\Http\Response->__construct()
#11 /home/runner/work/gestaodecustos/gestaodecustos/vendor/laravel/framework/src/Illuminate/Routing/ResponseFactory.php(91): Illuminate\Routing\ResponseFactory->make()
#12 /home/runner/work/gestaodecustos/gestaodecustos/vendor/laravel/framework/src/Illuminate/Routing/ViewController.php(40): Illuminate\Routing\ResponseFactory->view()
#13 /home/runner/work/gestaodecustos/gestaodecustos/vendor/laravel/framework/src/Illuminate/Routing/ViewController.php(57): Illuminate\Routing\ViewController->__invoke()
#14 /home/runner/work/gestaodecustos/gestaodecustos/vendor/laravel/framework/src/Illuminate/Routing/ControllerDispatcher.php(43): Illuminate\Routing\ViewController->callAction()
#15 /home/runner/work/gestaodecustos/gestaodecustos/vendor/laravel/framework/src/Illuminate/Routing/Route.php(276): Illuminate\Routing\ControllerDispatcher->dispatch()
#16 /home/runner/work/gestaodecustos/gestaodecustos/vendor/laravel/framework/src/Illuminate/Routing/Route.php(216): Illuminate\Routing\Route->runController()
#17 /home/runner/work/gestaodecustos/gestaodecustos/vendor/laravel/framework/src/Illuminate/Routing/Router.php(822): Illuminate\Routing\Route->run()
#18 /home/runner/work/gestaodecustos/gestaodecustos/vendor/laravel/framework/src/Illuminate/Pipeline/Pipeline.php(180): Illuminate\Routing\Router->Illuminate\Routing\{closure}()
#19 /home/runner/work/gestaodecustos/gestaodecustos/vendor/laravel/framework/src/Illuminate/Auth/Middleware/EnsureEmailIsVerified.php(41): Illuminate\Pipeline\Pipeline->Illuminate\Pipeline\{closure}()
#20 /home/runner/work/gestaodecustos/gestaodecustos/vendor/laravel/framework/src/Illuminate/Pipeline/Pipeline.php(219): Illuminate\Auth\Middleware\EnsureEmailIsVerified->handle()
#21 /home/runner/work/gestaodecustos/gestaodecustos/app/Http/Middleware/ThrottleVerificationCode.php(27): Illuminate\Pipeline\Pipeline->Illuminate\Pipeline\{closure}()
#22 /home/runner/work/gestaodecustos/gestaodecustos/vendor/laravel/framework/src/Illuminate/Pipeline/Pipeline.php(219): App\Http\Middleware\ThrottleVerificationCode->handle()
#23 /home/runner/work/gestaodecustos/gestaodecustos/app/Http/Middleware/EnsureBusinessWorkspaceAccess.php(71): Illuminate\Pipeline\Pipeline->Illuminate\Pipeline\{closure}()
#24 /home/runner/work/gestaodecustos/gestaodecustos/vendor/laravel/framework/src/Illuminate/Pipeline/Pipeline.php(219): App\Http\Middleware\EnsureBusinessWorkspaceAccess->handle()
#25 /home/runner/work/gestaodecustos/gestaodecustos/app/Http/Middleware/EnsureImpersonationIsValid.php(20): Illuminate\Pipeline\Pipeline->Illuminate\Pipeline\{closure}()
#26 /home/runner/work/gestaodecustos/gestaodecustos/vendor/laravel/framework/src/Illuminate/Pipeline/Pipeline.php(219): App\Http\Middleware\EnsureImpersonationIsValid->handle()
#27 /home/runner/work/gestaodecustos/gestaodecustos/app/Http/Middleware/UpdateUserActivity.php(27): Illuminate\Pipeline\Pipeline->Illuminate\Pipeline\{closure}()
#28 /home/runner/work/gestaodecustos/gestaodecustos/vendor/laravel/framework/src/Illuminate/Pipeline/Pipeline.php(219): App\Http\Middleware\UpdateUserActivity->handle()
#29 /home/runner/work/gestaodecustos/gestaodecustos/app/Http/Middleware/CheckRegistrationStatus.php(25): Illuminate\Pipeline\Pipeline->Illuminate\Pipeline\{closure}()
#30 /home/runner/work/gestaodecustos/gestaodecustos/vendor/laravel/framework/src/Illuminate/Pipeline/Pipeline.php(219): App\Http\Middleware\CheckRegistrationStatus->handle()
#31 /home/runner/work/gestaodecustos/gestaodecustos/app/Http/Middleware/CheckMaintenanceMode.php(41): Illuminate\Pipeline\Pipeline->Illuminate\Pipeline\{closure}()
#32 /home/runner/work/gestaodecustos/gestaodecustos/vendor/laravel/framework/src/Illuminate/Pipeline/Pipeline.php(219): App\Http\Middleware\CheckMaintenanceMode->handle()
#33 /home/runner/work/gestaodecustos/gestaodecustos/app/Http/Middleware/SetLocale.php(30): Illuminate\Pipeline\Pipeline->Illuminate\Pipeline\{closure}()
#34 /home/runner/work/gestaodecustos/gestaodecustos/vendor/laravel/framework/src/Illuminate/Pipeline/Pipeline.php(219): App\Http\Middleware\SetLocale->handle()
#35 /home/runner/work/gestaodecustos/gestaodecustos/vendor/laravel/framework/src/Illuminate/Routing/Middleware/SubstituteBindings.php(52): Illuminate\Pipeline\Pipeline->Illuminate\Pipeline\{closure}()
#36 /home/runner/work/gestaodecustos/gestaodecustos/vendor/laravel/framework/src/Illuminate/Pipeline/Pipeline.php(219): Illuminate\Routing\Middleware\SubstituteBindings->handle()
#37 /home/runner/work/gestaodecustos/gestaodecustos/vendor/laravel/framework/src/Illuminate/Auth/Middleware/Authenticate.php(63): Illuminate\Pipeline\Pipeline->Illuminate\Pipeline\{closure}()
#38 /home/runner/work/gestaodecustos/gestaodecustos/vendor/laravel/framework/src/Illuminate/Pipeline/Pipeline.php(219): Illuminate\Auth\Middleware\Authenticate->handle()
#39 /home/runner/work/gestaodecustos/gestaodecustos/vendor/laravel/framework/src/Illuminate/Foundation/Http/Middleware/PreventRequestForgery.php(104): Illuminate\Pipeline\Pipeline->Illuminate\Pipeline\{closure}()
#40 /home/runner/work/gestaodecustos/gestaodecustos/vendor/laravel/framework/src/Illuminate/Pipeline/Pipeline.php(219): Illuminate\Foundation\Http\Middleware\PreventRequestForgery->handle()
#41 /home/runner/work/gestaodecustos/gestaodecustos/vendor/laravel/framework/src/Illuminate/View/Middleware/ShareErrorsFromSession.php(48): Illuminate\Pipeline\Pipeline->Illuminate\Pipeline\{closure}()
#42 /home/runner/work/gestaodecustos/gestaodecustos/vendor/laravel/framework/src/Illuminate/Pipeline/Pipeline.php(219): Illuminate\View\Middleware\ShareErrorsFromSession->handle()
#43 /home/runner/work/gestaodecustos/gestaodecustos/vendor/laravel/framework/src/Illuminate/Session/Middleware/StartSession.php(120): Illuminate\Pipeline\Pipeline->Illuminate\Pipeline\{closure}()
#44 /home/runner/work/gestaodecustos/gestaodecustos/vendor/laravel/framework/src/Illuminate/Session/Middleware/StartSession.php(63): Illuminate\Session\Middleware\StartSession->handleStatefulRequest()
#45 /home/runner/work/gestaodecustos/gestaodecustos/vendor/laravel/framework/src/Illuminate/Pipeline/Pipeline.php(219): Illuminate\Session\Middleware\StartSession->handle()
#46 /home/runner/work/gestaodecustos/gestaodecustos/vendor/laravel/framework/src/Illuminate/Cookie/Middleware/AddQueuedCookiesToResponse.php(36): Illuminate\Pipeline\Pipeline->Illuminate\Pipeline\{closure}()
#47 /home/runner/work/gestaodecustos/gestaodecustos/vendor/laravel/framework/src/Illuminate/Pipeline/Pipeline.php(219): Illuminate\Cookie\Middleware\AddQueuedCookiesToResponse->handle()
#48 /home/runner/work/gestaodecustos/gestaodecustos/vendor/laravel/framework/src/Illuminate/Cookie/Middleware/EncryptCookies.php(74): Illuminate\Pipeline\Pipeline->Illuminate\Pipeline\{closure}()
#49 /home/runner/work/gestaodecustos/gestaodecustos/vendor/laravel/framework/src/Illuminate/Pipeline/Pipeline.php(219): Illuminate\Cookie\Middleware\EncryptCookies->handle()
#50 /home/runner/work/gestaodecustos/gestaodecustos/vendor/laravel/framework/src/Illuminate/Pipeline/Pipeline.php(137): Illuminate\Pipeline\Pipeline->Illuminate\Pipeline\{closure}()
#51 /home/runner/work/gestaodecustos/gestaodecustos/vendor/laravel/framework/src/Illuminate/Routing/Router.php(821): Illuminate\Pipeline\Pipeline->then()
#52 /home/runner/work/gestaodecustos/gestaodecustos/vendor/laravel/framework/src/Illuminate/Routing/Router.php(800): Illuminate\Routing\Router->runRouteWithinStack()
#53 /home/runner/work/gestaodecustos/gestaodecustos/vendor/laravel/framework/src/Illuminate/Routing/Router.php(764): Illuminate\Routing\Router->runRoute()
#54 /home/runner/work/gestaodecustos/gestaodecustos/vendor/laravel/framework/src/Illuminate/Routing/Router.php(753): Illuminate\Routing\Router->dispatchToRoute()
#55 /home/runner/work/gestaodecustos/gestaodecustos/vendor/laravel/framework/src/Illuminate/Foundation/Http/Kernel.php(200): Illuminate\Routing\Router->dispatch()
#56 /home/runner/work/gestaodecustos/gestaodecustos/vendor/laravel/framework/src/Illuminate/Pipeline/Pipeline.php(180): Illuminate\Foundation\Http\Kernel->Illuminate\Foundation\Http\{closure}()
#57 /home/runner/work/gestaodecustos/gestaodecustos/vendor/livewire/livewire/src/Features/SupportDisablingBackButtonCache/DisableBackButtonCacheMiddleware.php(19): Illuminate\Pipeline\Pipeline->Illuminate\Pipeline\{closure}()
#58 /home/runner/work/gestaodecustos/gestaodecustos/vendor/laravel/framework/src/Illuminate/Pipeline/Pipeline.php(219): Livewire\Features\SupportDisablingBackButtonCache\DisableBackButtonCacheMiddleware->handle()
#59 /home/runner/work/gestaodecustos/gestaodecustos/vendor/laravel/framework/src/Illuminate/Foundation/Http/Middleware/TransformsRequest.php(21): Illuminate\Pipeline\Pipeline->Illuminate\Pipeline\{closure}()
#60 /home/runner/work/gestaodecustos/gestaodecustos/vendor/laravel/framework/src/Illuminate/Foundation/Http/Middleware/ConvertEmptyStringsToNull.php(31): Illuminate\Foundation\Http\Middleware\TransformsRequest->handle()
#61 /home/runner/work/gestaodecustos/gestaodecustos/vendor/laravel/framework/src/Illuminate/Pipeline/Pipeline.php(219): Illuminate\Foundation\Http\Middleware\ConvertEmptyStringsToNull->handle()
#62 /home/runner/work/gestaodecustos/gestaodecustos/vendor/laravel/framework/src/Illuminate/Foundation/Http/Middleware/TransformsRequest.php(21): Illuminate\Pipeline\Pipeline->Illuminate\Pipeline\{closure}()
#63 /home/runner/work/gestaodecustos/gestaodecustos/vendor/laravel/framework/src/Illuminate/Foundation/Http/Middleware/TrimStrings.php(51): Illuminate\Foundation\Http\Middleware\TransformsRequest->handle()
#64 /home/runner/work/gestaodecustos/gestaodecustos/vendor/laravel/framework/src/Illuminate/Pipeline/Pipeline.php(219): Illuminate\Foundation\Http\Middleware\TrimStrings->handle()
#65 /home/runner/work/gestaodecustos/gestaodecustos/vendor/laravel/framework/src/Illuminate/Http/Middleware/ValidatePostSize.php(27): Illuminate\Pipeline\Pipeline->Illuminate\Pipeline\{closure}()
#66 /home/runner/work/gestaodecustos/gestaodecustos/vendor/laravel/framework/src/Illuminate/Pipeline/Pipeline.php(219): Illuminate\Http\Middleware\ValidatePostSize->handle()
#67 /home/runner/work/gestaodecustos/gestaodecustos/vendor/laravel/framework/src/Illuminate/Foundation/Http/Middleware/PreventRequestsDuringMaintenance.php(110): Illuminate\Pipeline\Pipeline->Illuminate\Pipeline\{closure}()
#68 /home/runner/work/gestaodecustos/gestaodecustos/vendor/laravel/framework/src/Illuminate/Pipeline/Pipeline.php(219): Illuminate\Foundation\Http\Middleware\PreventRequestsDuringMaintenance->handle()
#69 /home/runner/work/gestaodecustos/gestaodecustos/vendor/laravel/framework/src/Illuminate/Http/Middleware/HandleCors.php(61): Illuminate\Pipeline\Pipeline->Illuminate\Pipeline\{closure}()
#70 /home/runner/work/gestaodecustos/gestaodecustos/vendor/laravel/framework/src/Illuminate/Pipeline/Pipeline.php(219): Illuminate\Http\Middleware\HandleCors->handle()
#71 /home/runner/work/gestaodecustos/gestaodecustos/vendor/laravel/framework/src/Illuminate/Http/Middleware/TrustProxies.php(58): Illuminate\Pipeline\Pipeline->Illuminate\Pipeline\{closure}()
#72 /home/runner/work/gestaodecustos/gestaodecustos/vendor/laravel/framework/src/Illuminate/Pipeline/Pipeline.php(219): Illuminate\Http\Middleware\TrustProxies->handle()
#73 /home/runner/work/gestaodecustos/gestaodecustos/vendor/laravel/framework/src/Illuminate/Foundation/Http/Middleware/InvokeDeferredCallbacks.php(22): Illuminate\Pipeline\Pipeline->Illuminate\Pipeline\{closure}()
#74 /home/runner/work/gestaodecustos/gestaodecustos/vendor/laravel/framework/src/Illuminate/Pipeline/Pipeline.php(219): Illuminate\Foundation\Http\Middleware\InvokeDeferredCallbacks->handle()
#75 /home/runner/work/gestaodecustos/gestaodecustos/vendor/laravel/framework/src/Illuminate/Http/Middleware/ValidatePathEncoding.php(28): Illuminate\Pipeline\Pipeline->Illuminate\Pipeline\{closure}()
#76 /home/runner/work/gestaodecustos/gestaodecustos/vendor/laravel/framework/src/Illuminate/Pipeline/Pipeline.php(219): Illuminate\Http\Middleware\ValidatePathEncoding->handle()
#77 /home/runner/work/gestaodecustos/gestaodecustos/vendor/laravel/framework/src/Illuminate/Pipeline/Pipeline.php(137): Illuminate\Pipeline\Pipeline->Illuminate\Pipeline\{closure}()
#78 /home/runner/work/gestaodecustos/gestaodecustos/vendor/laravel/framework/src/Illuminate/Foundation/Http/Kernel.php(175): Illuminate\Pipeline\Pipeline->then()
#79 /home/runner/work/gestaodecustos/gestaodecustos/vendor/laravel/framework/src/Illuminate/Foundation/Http/Kernel.php(144): Illuminate\Foundation\Http\Kernel->sendRequestThroughRouter()
#80 /home/runner/work/gestaodecustos/gestaodecustos/vendor/laravel/framework/src/Illuminate/Foundation/Testing/Concerns/MakesHttpRequests.php(638): Illuminate\Foundation\Http\Kernel->handle()
#81 /home/runner/work/gestaodecustos/gestaodecustos/vendor/laravel/framework/src/Illuminate/Foundation/Testing/Concerns/MakesHttpRequests.php(368): Illuminate\Foundation\Testing\TestCase->call()
#82 /home/runner/work/gestaodecustos/gestaodecustos/tests/Feature/ProfileTest.php(11): Illuminate\Foundation\Testing\TestCase->get()
#83 /home/runner/work/gestaodecustos/gestaodecustos/vendor/pestphp/pest/src/Factories/TestCaseMethodFactory.php(177): P\Tests\Feature\ProfileTest->{closure}()
#84 [internal function]: P\Tests\Feature\ProfileTest->Pest\Factories\{closure}()
#85 /home/runner/work/gestaodecustos/gestaodecustos/vendor/pestphp/pest/src/Concerns/Testable.php(514): call_user_func_array()
#86 /home/runner/work/gestaodecustos/gestaodecustos/vendor/pestphp/pest/src/Support/ExceptionTrace.php(26): P\Tests\Feature\ProfileTest->Pest\Concerns\{closure}()
#87 /home/runner/work/gestaodecustos/gestaodecustos/vendor/pestphp/pest/src/Concerns/Testable.php(514): Pest\Support\ExceptionTrace::ensure()
#88 /home/runner/work/gestaodecustos/gestaodecustos/vendor/pestphp/pest/src/Concerns/Testable.php(336): P\Tests\Feature\ProfileTest->__callClosure()
#89 /home/runner/work/gestaodecustos/gestaodecustos/vendor/pestphp/pest/src/Factories/TestCaseFactory.php(179) : eval()'d code(22): P\Tests\Feature\ProfileTest->__runTest()
#90 /home/runner/work/gestaodecustos/gestaodecustos/vendor/phpunit/phpunit/src/Framework/TestCase.php(1318): P\Tests\Feature\ProfileTest->__pest_evaluable_profile_page_is_displayed()
#91 /home/runner/work/gestaodecustos/gestaodecustos/vendor/phpunit/phpunit/src/Framework/TestCase.php(1355): PHPUnit\Framework\TestCase->invokeTestMethod()
#92 /home/runner/work/gestaodecustos/gestaodecustos/vendor/phpunit/phpunit/src/Framework/TestCase.php(521): PHPUnit\Framework\TestCase->runTest()
#93 /home/runner/work/gestaodecustos/gestaodecustos/vendor/phpunit/phpunit/src/Framework/TestRunner/TestRunner.php(99): PHPUnit\Framework\TestCase->runBare()
#94 /home/runner/work/gestaodecustos/gestaodecustos/vendor/phpunit/phpunit/src/Framework/TestCase.php(361): PHPUnit\Framework\TestRunner->run()
#95 /home/runner/work/gestaodecustos/gestaodecustos/vendor/phpunit/phpunit/src/Framework/TestSuite.php(374): PHPUnit\Framework\TestCase->run()
#96 /home/runner/work/gestaodecustos/gestaodecustos/vendor/phpunit/phpunit/src/Framework/TestSuite.php(374): PHPUnit\Framework\TestSuite->run()
#97 /home/runner/work/gestaodecustos/gestaodecustos/vendor/phpunit/phpunit/src/Framework/TestSuite.php(374): PHPUnit\Framework\TestSuite->run()
#98 /home/runner/work/gestaodecustos/gestaodecustos/vendor/phpunit/phpunit/src/TextUI/TestRunner.php(64): PHPUnit\Framework\TestSuite->run()
#99 /home/runner/work/gestaodecustos/gestaodecustos/vendor/phpunit/phpunit/src/TextUI/Application.php(229): PHPUnit\TextUI\TestRunner->run()
#100 /home/runner/work/gestaodecustos/gestaodecustos/vendor/pestphp/pest/src/Kernel.php(103): PHPUnit\TextUI\Application->run()
#101 /home/runner/work/gestaodecustos/gestaodecustos/vendor/pestphp/pest/bin/pest(196): Pest\Kernel->handle()
#102 /home/runner/work/gestaodecustos/gestaodecustos/vendor/pestphp/pest/bin/pest(204): {closure}()
#103 /home/runner/work/gestaodecustos/gestaodecustos/vendor/bin/pest(119): include('...')
#104 {main}

----------------------------------------------------------------------------------

Unable to locate file in Vite manifest: resources/js/modal-controls.js. (View: /home/runner/work/gestaodecustos/gestaodecustos/resources/views/partials/head.blade.php) (View: /home/runner/work/gestaodecustos/gestaodecustos/resources/views/partials/head.blade.php) (View: /home/runner/work/gestaodecustos/gestaodecustos/resources/views/partials/head.blade.php)[39;22m

  at [32mtests/Feature/ProfileTest.php[39m:[32m14[39m
     10▕ 
     11▕     $response = $this->get('/profile');
     12▕ 
     13▕     $response
  ➜  14▕         ->assertOk()
     15▕         ->assertSeeVolt('profile.update-profile-information-form')
     16▕         ->assertSeeVolt('profile.update-password-form')
     17▕         ->assertSeeVolt('profile.delete-user-form');
     18▕ });

  [31m────────────────────────────────────────────────────────────────────────────[39m  
  [41;1m FAILED [49;22m [1mTests\Feature\Settings\ProfileUpdateTest[22m [90m>[39m profile page is displa…   
[39;1m  Expected response status code [200] but received 500.
Failed asserting that 500 is identical to 200.

The following exception occurred during the last request:

Illuminate\Foundation\ViteException: Unable to locate file in Vite manifest: resources/js/modal-controls.js. in /home/runner/work/gestaodecustos/gestaodecustos/vendor/laravel/framework/src/Illuminate/Foundation/Vite.php:1042
Stack trace:
#0 /home/runner/work/gestaodecustos/gestaodecustos/vendor/laravel/framework/src/Illuminate/Foundation/Vite.php(404): Illuminate\Foundation\Vite->chunk()
#1 /home/runner/work/gestaodecustos/gestaodecustos/storage/framework/views/6ab657d568ef86e98d779cdaf4c30db4.php(14): Illuminate\Foundation\Vite->__invoke()
#2 /home/runner/work/gestaodecustos/gestaodecustos/vendor/laravel/framework/src/Illuminate/Filesystem/Filesystem.php(123): require('...')
#3 /home/runner/work/gestaodecustos/gestaodecustos/vendor/laravel/framework/src/Illuminate/Filesystem/Filesystem.php(124): Illuminate\Filesystem\Filesystem::Illuminate\Filesystem\{closure}()
#4 /home/runner/work/gestaodecustos/gestaodecustos/vendor/laravel/framework/src/Illuminate/View/Engines/PhpEngine.php(57): Illuminate\Filesystem\Filesystem->getRequire()
#5 /home/runner/work/gestaodecustos/gestaodecustos/vendor/livewire/livewire/src/Mechanisms/ExtendBlade/ExtendedCompilerEngine.php(22): Illuminate\View\Engines\PhpEngine->evaluatePath()
#6 /home/runner/work/gestaodecustos/gestaodecustos/vendor/laravel/framework/src/Illuminate/View/Engines/CompilerEngine.php(76): Livewire\Mechanisms\ExtendBlade\ExtendedCompilerEngine->evaluatePath()
#7 /home/runner/work/gestaodecustos/gestaodecustos/vendor/livewire/livewire/src/Mechanisms/ExtendBlade/ExtendedCompilerEngine.php(10): Illuminate\View\Engines\CompilerEngine->get()
#8 /home/runner/work/gestaodecustos/gestaodecustos/vendor/laravel/framework/src/Illuminate/View/View.php(208): Livewire\Mechanisms\ExtendBlade\ExtendedCompilerEngine->get()
#9 /home/runner/work/gestaodecustos/gestaodecustos/vendor/laravel/framework/src/Illuminate/View/View.php(191): Illuminate\View\View->getContents()
#10 /home/runner/work/gestaodecustos/gestaodecustos/vendor/laravel/framework/src/Illuminate/View/View.php(160): Illuminate\View\View->renderContents()
#11 /home/runner/work/gestaodecustos/gestaodecustos/storage/framework/views/836a8a15524c86ff37c2b633e40219d3.php(51): Illuminate\View\View->render()
#12 /home/runner/work/gestaodecustos/gestaodecustos/vendor/laravel/framework/src/Illuminate/Filesystem/Filesystem.php(123): require('...')
#13 /home/runner/work/gestaodecustos/gestaodecustos/vendor/laravel/framework/src/Illuminate/Filesystem/Filesystem.php(124): Illuminate\Filesystem\Filesystem::Illuminate\Filesystem\{closure}()
#14 /home/runner/work/gestaodecustos/gestaodecustos/vendor/laravel/framework/src/Illuminate/View/Engines/PhpEngine.php(57): Illuminate\Filesystem\Filesystem->getRequire()
#15 /home/runner/work/gestaodecustos/gestaodecustos/vendor/livewire/livewire/src/Mechanisms/ExtendBlade/ExtendedCompilerEngine.php(22): Illuminate\View\Engines\PhpEngine->evaluatePath()
#16 /home/runner/work/gestaodecustos/gestaodecustos/vendor/laravel/framework/src/Illuminate/View/Engines/CompilerEngine.php(76): Livewire\Mechanisms\ExtendBlade\ExtendedCompilerEngine->evaluatePath()
#17 /home/runner/work/gestaodecustos/gestaodecustos/vendor/livewire/livewire/src/Mechanisms/ExtendBlade/ExtendedCompilerEngine.php(10): Illuminate\View\Engines\CompilerEngine->get()
#18 /home/runner/work/gestaodecustos/gestaodecustos/vendor/laravel/framework/src/Illuminate/View/View.php(208): Livewire\Mechanisms\ExtendBlade\ExtendedCompilerEngine->get()
#19 /home/runner/work/gestaodecustos/gestaodecustos/vendor/laravel/framework/src/Illuminate/View/View.php(191): Illuminate\View\View->getContents()
#20 /home/runner/work/gestaodecustos/gestaodecustos/vendor/laravel/framework/src/Illuminate/View/View.php(160): Illuminate\View\View->renderContents()
#21 /home/runner/work/gestaodecustos/gestaodecustos/vendor/laravel/framework/src/Illuminate/View/Concerns/ManagesComponents.php(103): Illuminate\View\View->render()
#22 /home/runner/work/gestaodecustos/gestaodecustos/storage/framework/views/f42a5e1c1df2cb8b3c7459492bd686e4.php(535): Illuminate\View\Factory->renderComponent()
#23 /home/runner/work/gestaodecustos/gestaodecustos/vendor/laravel/framework/src/Illuminate/Filesystem/Filesystem.php(123): require('...')
#24 /home/runner/work/gestaodecustos/gestaodecustos/vendor/laravel/framework/src/Illuminate/Filesystem/Filesystem.php(124): Illuminate\Filesystem\Filesystem::Illuminate\Filesystem\{closure}()
#25 /home/runner/work/gestaodecustos/gestaodecustos/vendor/laravel/framework/src/Illuminate/View/Engines/PhpEngine.php(57): Illuminate\Filesystem\Filesystem->getRequire()
#26 /home/runner/work/gestaodecustos/gestaodecustos/vendor/livewire/livewire/src/Mechanisms/ExtendBlade/ExtendedCompilerEngine.php(22): Illuminate\View\Engines\PhpEngine->evaluatePath()
#27 /home/runner/work/gestaodecustos/gestaodecustos/vendor/laravel/framework/src/Illuminate/View/Engines/CompilerEngine.php(76): Livewire\Mechanisms\ExtendBlade\ExtendedCompilerEngine->evaluatePath()
#28 /home/runner/work/gestaodecustos/gestaodecustos/vendor/livewire/livewire/src/Mechanisms/ExtendBlade/ExtendedCompilerEngine.php(10): Illuminate\View\Engines\CompilerEngine->get()
#29 /home/runner/work/gestaodecustos/gestaodecustos/vendor/laravel/framework/src/Illuminate/View/View.php(208): Livewire\Mechanisms\ExtendBlade\ExtendedCompilerEngine->get()
#30 /home/runner/work/gestaodecustos/gestaodecustos/vendor/laravel/framework/src/Illuminate/View/View.php(191): Illuminate\View\View->getContents()
#31 /home/runner/work/gestaodecustos/gestaodecustos/vendor/laravel/framework/src/Illuminate/View/View.php(160): Illuminate\View\View->renderContents()
#32 /home/runner/work/gestaodecustos/gestaodecustos/vendor/laravel/framework/src/Illuminate/Http/Response.php(82): Illuminate\View\View->render()
#33 /home/runner/work/gestaodecustos/gestaodecustos/vendor/laravel/framework/src/Illuminate/Http/Response.php(40): Illuminate\Http\Response->setContent()
#34 /home/runner/work/gestaodecustos/gestaodecustos/vendor/laravel/framework/src/Illuminate/Routing/ResponseFactory.php(61): Illuminate\Http\Response->__construct()
#35 /home/runner/work/gestaodecustos/gestaodecustos/vendor/laravel/framework/src/Illuminate/Routing/ResponseFactory.php(91): Illuminate\Routing\ResponseFactory->make()
#36 /home/runner/work/gestaodecustos/gestaodecustos/vendor/laravel/framework/src/Illuminate/Routing/ViewController.php(40): Illuminate\Routing\ResponseFactory->view()
#37 /home/runner/work/gestaodecustos/gestaodecustos/vendor/laravel/framework/src/Illuminate/Routing/ViewController.php(57): Illuminate\Routing\ViewController->__invoke()
#38 /home/runner/work/gestaodecustos/gestaodecustos/vendor/laravel/framework/src/Illuminate/Routing/ControllerDispatcher.php(43): Illuminate\Routing\ViewController->callAction()
#39 /home/runner/work/gestaodecustos/gestaodecustos/vendor/laravel/framework/src/Illuminate/Routing/Route.php(276): Illuminate\Routing\ControllerDispatcher->dispatch()
#40 /home/runner/work/gestaodecustos/gestaodecustos/vendor/laravel/framework/src/Illuminate/Routing/Route.php(216): Illuminate\Routing\Route->runController()
#41 /home/runner/work/gestaodecustos/gestaodecustos/vendor/laravel/framework/src/Illuminate/Routing/Router.php(822): Illuminate\Routing\Route->run()
#42 /home/runner/work/gestaodecustos/gestaodecustos/vendor/laravel/framework/src/Illuminate/Pipeline/Pipeline.php(180): Illuminate\Routing\Router->Illuminate\Routing\{closure}()
#43 /home/runner/work/gestaodecustos/gestaodecustos/vendor/laravel/framework/src/Illuminate/Auth/Middleware/EnsureEmailIsVerified.php(41): Illuminate\Pipeline\Pipeline->Illuminate\Pipeline\{closure}()
#44 /home/runner/work/gestaodecustos/gestaodecustos/vendor/laravel/framework/src/Illuminate/Pipeline/Pipeline.php(219): Illuminate\Auth\Middleware\EnsureEmailIsVerified->handle()
#45 /home/runner/work/gestaodecustos/gestaodecustos/app/Http/Middleware/ThrottleVerificationCode.php(27): Illuminate\Pipeline\Pipeline->Illuminate\Pipeline\{closure}()
#46 /home/runner/work/gestaodecustos/gestaodecustos/vendor/laravel/framework/src/Illuminate/Pipeline/Pipeline.php(219): App\Http\Middleware\ThrottleVerificationCode->handle()
#47 /home/runner/work/gestaodecustos/gestaodecustos/app/Http/Middleware/EnsureBusinessWorkspaceAccess.php(71): Illuminate\Pipeline\Pipeline->Illuminate\Pipeline\{closure}()
#48 /home/runner/work/gestaodecustos/gestaodecustos/vendor/laravel/framework/src/Illuminate/Pipeline/Pipeline.php(219): App\Http\Middleware\EnsureBusinessWorkspaceAccess->handle()
#49 /home/runner/work/gestaodecustos/gestaodecustos/app/Http/Middleware/EnsureImpersonationIsValid.php(20): Illuminate\Pipeline\Pipeline->Illuminate\Pipeline\{closure}()
#50 /home/runner/work/gestaodecustos/gestaodecustos/vendor/laravel/framework/src/Illuminate/Pipeline/Pipeline.php(219): App\Http\Middleware\EnsureImpersonationIsValid->handle()
#51 /home/runner/work/gestaodecustos/gestaodecustos/app/Http/Middleware/UpdateUserActivity.php(27): Illuminate\Pipeline\Pipeline->Illuminate\Pipeline\{closure}()
#52 /home/runner/work/gestaodecustos/gestaodecustos/vendor/laravel/framework/src/Illuminate/Pipeline/Pipeline.php(219): App\Http\Middleware\UpdateUserActivity->handle()
#53 /home/runner/work/gestaodecustos/gestaodecustos/app/Http/Middleware/CheckRegistrationStatus.php(25): Illuminate\Pipeline\Pipeline->Illuminate\Pipeline\{closure}()
#54 /home/runner/work/gestaodecustos/gestaodecustos/vendor/laravel/framework/src/Illuminate/Pipeline/Pipeline.php(219): App\Http\Middleware\CheckRegistrationStatus->handle()
#55 /home/runner/work/gestaodecustos/gestaodecustos/app/Http/Middleware/CheckMaintenanceMode.php(41): Illuminate\Pipeline\Pipeline->Illuminate\Pipeline\{closure}()
#56 /home/runner/work/gestaodecustos/gestaodecustos/vendor/laravel/framework/src/Illuminate/Pipeline/Pipeline.php(219): App\Http\Middleware\CheckMaintenanceMode->handle()
#57 /home/runner/work/gestaodecustos/gestaodecustos/app/Http/Middleware/SetLocale.php(30): Illuminate\Pipeline\Pipeline->Illuminate\Pipeline\{closure}()
#58 /home/runner/work/gestaodecustos/gestaodecustos/vendor/laravel/framework/src/Illuminate/Pipeline/Pipeline.php(219): App\Http\Middleware\SetLocale->handle()
#59 /home/runner/work/gestaodecustos/gestaodecustos/vendor/laravel/framework/src/Illuminate/Routing/Middleware/SubstituteBindings.php(52): Illuminate\Pipeline\Pipeline->Illuminate\Pipeline\{closure}()
#60 /home/runner/work/gestaodecustos/gestaodecustos/vendor/laravel/framework/src/Illuminate/Pipeline/Pipeline.php(219): Illuminate\Routing\Middleware\SubstituteBindings->handle()
#61 /home/runner/work/gestaodecustos/gestaodecustos/vendor/laravel/framework/src/Illuminate/Auth/Middleware/Authenticate.php(63): Illuminate\Pipeline\Pipeline->Illuminate\Pipeline\{closure}()
#62 /home/runner/work/gestaodecustos/gestaodecustos/vendor/laravel/framework/src/Illuminate/Pipeline/Pipeline.php(219): Illuminate\Auth\Middleware\Authenticate->handle()
#63 /home/runner/work/gestaodecustos/gestaodecustos/vendor/laravel/framework/src/Illuminate/Foundation/Http/Middleware/PreventRequestForgery.php(104): Illuminate\Pipeline\Pipeline->Illuminate\Pipeline\{closure}()
#64 /home/runner/work/gestaodecustos/gestaodecustos/vendor/laravel/framework/src/Illuminate/Pipeline/Pipeline.php(219): Illuminate\Foundation\Http\Middleware\PreventRequestForgery->handle()
#65 /home/runner/work/gestaodecustos/gestaodecustos/vendor/laravel/framework/src/Illuminate/View/Middleware/ShareErrorsFromSession.php(48): Illuminate\Pipeline\Pipeline->Illuminate\Pipeline\{closure}()
#66 /home/runner/work/gestaodecustos/gestaodecustos/vendor/laravel/framework/src/Illuminate/Pipeline/Pipeline.php(219): Illuminate\View\Middleware\ShareErrorsFromSession->handle()
#67 /home/runner/work/gestaodecustos/gestaodecustos/vendor/laravel/framework/src/Illuminate/Session/Middleware/StartSession.php(120): Illuminate\Pipeline\Pipeline->Illuminate\Pipeline\{closure}()
#68 /home/runner/work/gestaodecustos/gestaodecustos/vendor/laravel/framework/src/Illuminate/Session/Middleware/StartSession.php(63): Illuminate\Session\Middleware\StartSession->handleStatefulRequest()
#69 /home/runner/work/gestaodecustos/gestaodecustos/vendor/laravel/framework/src/Illuminate/Pipeline/Pipeline.php(219): Illuminate\Session\Middleware\StartSession->handle()
#70 /home/runner/work/gestaodecustos/gestaodecustos/vendor/laravel/framework/src/Illuminate/Cookie/Middleware/AddQueuedCookiesToResponse.php(36): Illuminate\Pipeline\Pipeline->Illuminate\Pipeline\{closure}()
#71 /home/runner/work/gestaodecustos/gestaodecustos/vendor/laravel/framework/src/Illuminate/Pipeline/Pipeline.php(219): Illuminate\Cookie\Middleware\AddQueuedCookiesToResponse->handle()
#72 /home/runner/work/gestaodecustos/gestaodecustos/vendor/laravel/framework/src/Illuminate/Cookie/Middleware/EncryptCookies.php(74): Illuminate\Pipeline\Pipeline->Illuminate\Pipeline\{closure}()
#73 /home/runner/work/gestaodecustos/gestaodecustos/vendor/laravel/framework/src/Illuminate/Pipeline/Pipeline.php(219): Illuminate\Cookie\Middleware\EncryptCookies->handle()
#74 /home/runner/work/gestaodecustos/gestaodecustos/vendor/laravel/framework/src/Illuminate/Pipeline/Pipeline.php(137): Illuminate\Pipeline\Pipeline->Illuminate\Pipeline\{closure}()
#75 /home/runner/work/gestaodecustos/gestaodecustos/vendor/laravel/framework/src/Illuminate/Routing/Router.php(821): Illuminate\Pipeline\Pipeline->then()
#76 /home/runner/work/gestaodecustos/gestaodecustos/vendor/laravel/framework/src/Illuminate/Routing/Router.php(800): Illuminate\Routing\Router->runRouteWithinStack()
#77 /home/runner/work/gestaodecustos/gestaodecustos/vendor/laravel/framework/src/Illuminate/Routing/Router.php(764): Illuminate\Routing\Router->runRoute()
#78 /home/runner/work/gestaodecustos/gestaodecustos/vendor/laravel/framework/src/Illuminate/Routing/Router.php(753): Illuminate\Routing\Router->dispatchToRoute()
#79 /home/runner/work/gestaodecustos/gestaodecustos/vendor/laravel/framework/src/Illuminate/Foundation/Http/Kernel.php(200): Illuminate\Routing\Router->dispatch()
#80 /home/runner/work/gestaodecustos/gestaodecustos/vendor/laravel/framework/src/Illuminate/Pipeline/Pipeline.php(180): Illuminate\Foundation\Http\Kernel->Illuminate\Foundation\Http\{closure}()
#81 /home/runner/work/gestaodecustos/gestaodecustos/vendor/livewire/livewire/src/Features/SupportDisablingBackButtonCache/DisableBackButtonCacheMiddleware.php(19): Illuminate\Pipeline\Pipeline->Illuminate\Pipeline\{closure}()
#82 /home/runner/work/gestaodecustos/gestaodecustos/vendor/laravel/framework/src/Illuminate/Pipeline/Pipeline.php(219): Livewire\Features\SupportDisablingBackButtonCache\DisableBackButtonCacheMiddleware->handle()
#83 /home/runner/work/gestaodecustos/gestaodecustos/vendor/laravel/framework/src/Illuminate/Foundation/Http/Middleware/TransformsRequest.php(21): Illuminate\Pipeline\Pipeline->Illuminate\Pipeline\{closure}()
#84 /home/runner/work/gestaodecustos/gestaodecustos/vendor/laravel/framework/src/Illuminate/Foundation/Http/Middleware/ConvertEmptyStringsToNull.php(31): Illuminate\Foundation\Http\Middleware\TransformsRequest->handle()
#85 /home/runner/work/gestaodecustos/gestaodecustos/vendor/laravel/framework/src/Illuminate/Pipeline/Pipeline.php(219): Illuminate\Foundation\Http\Middleware\ConvertEmptyStringsToNull->handle()
#86 /home/runner/work/gestaodecustos/gestaodecustos/vendor/laravel/framework/src/Illuminate/Foundation/Http/Middleware/TransformsRequest.php(21): Illuminate\Pipeline\Pipeline->Illuminate\Pipeline\{closure}()
#87 /home/runner/work/gestaodecustos/gestaodecustos/vendor/laravel/framework/src/Illuminate/Foundation/Http/Middleware/TrimStrings.php(51): Illuminate\Foundation\Http\Middleware\TransformsRequest->handle()
#88 /home/runner/work/gestaodecustos/gestaodecustos/vendor/laravel/framework/src/Illuminate/Pipeline/Pipeline.php(219): Illuminate\Foundation\Http\Middleware\TrimStrings->handle()
#89 /home/runner/work/gestaodecustos/gestaodecustos/vendor/laravel/framework/src/Illuminate/Http/Middleware/ValidatePostSize.php(27): Illuminate\Pipeline\Pipeline->Illuminate\Pipeline\{closure}()
#90 /home/runner/work/gestaodecustos/gestaodecustos/vendor/laravel/framework/src/Illuminate/Pipeline/Pipeline.php(219): Illuminate\Http\Middleware\ValidatePostSize->handle()
#91 /home/runner/work/gestaodecustos/gestaodecustos/vendor/laravel/framework/src/Illuminate/Foundation/Http/Middleware/PreventRequestsDuringMaintenance.php(110): Illuminate\Pipeline\Pipeline->Illuminate\Pipeline\{closure}()
#92 /home/runner/work/gestaodecustos/gestaodecustos/vendor/laravel/framework/src/Illuminate/Pipeline/Pipeline.php(219): Illuminate\Foundation\Http\Middleware\PreventRequestsDuringMaintenance->handle()
#93 /home/runner/work/gestaodecustos/gestaodecustos/vendor/laravel/framework/src/Illuminate/Http/Middleware/HandleCors.php(61): Illuminate\Pipeline\Pipeline->Illuminate\Pipeline\{closure}()
#94 /home/runner/work/gestaodecustos/gestaodecustos/vendor/laravel/framework/src/Illuminate/Pipeline/Pipeline.php(219): Illuminate\Http\Middleware\HandleCors->handle()
#95 /home/runner/work/gestaodecustos/gestaodecustos/vendor/laravel/framework/src/Illuminate/Http/Middleware/TrustProxies.php(58): Illuminate\Pipeline\Pipeline->Illuminate\Pipeline\{closure}()
#96 /home/runner/work/gestaodecustos/gestaodecustos/vendor/laravel/framework/src/Illuminate/Pipeline/Pipeline.php(219): Illuminate\Http\Middleware\TrustProxies->handle()
#97 /home/runner/work/gestaodecustos/gestaodecustos/vendor/laravel/framework/src/Illuminate/Foundation/Http/Middleware/InvokeDeferredCallbacks.php(22): Illuminate\Pipeline\Pipeline->Illuminate\Pipeline\{closure}()
#98 /home/runner/work/gestaodecustos/gestaodecustos/vendor/laravel/framework/src/Illuminate/Pipeline/Pipeline.php(219): Illuminate\Foundation\Http\Middleware\InvokeDeferredCallbacks->handle()
#99 /home/runner/work/gestaodecustos/gestaodecustos/vendor/laravel/framework/src/Illuminate/Http/Middleware/ValidatePathEncoding.php(28): Illuminate\Pipeline\Pipeline->Illuminate\Pipeline\{closure}()
#100 /home/runner/work/gestaodecustos/gestaodecustos/vendor/laravel/framework/src/Illuminate/Pipeline/Pipeline.php(219): Illuminate\Http\Middleware\ValidatePathEncoding->handle()
#101 /home/runner/work/gestaodecustos/gestaodecustos/vendor/laravel/framework/src/Illuminate/Pipeline/Pipeline.php(137): Illuminate\Pipeline\Pipeline->Illuminate\Pipeline\{closure}()
#102 /home/runner/work/gestaodecustos/gestaodecustos/vendor/laravel/framework/src/Illuminate/Foundation/Http/Kernel.php(175): Illuminate\Pipeline\Pipeline->then()
#103 /home/runner/work/gestaodecustos/gestaodecustos/vendor/laravel/framework/src/Illuminate/Foundation/Http/Kernel.php(144): Illuminate\Foundation\Http\Kernel->sendRequestThroughRouter()
#104 /home/runner/work/gestaodecustos/gestaodecustos/vendor/laravel/framework/src/Illuminate/Foundation/Testing/Concerns/MakesHttpRequests.php(638): Illuminate\Foundation\Http\Kernel->handle()
#105 /home/runner/work/gestaodecustos/gestaodecustos/vendor/laravel/framework/src/Illuminate/Foundation/Testing/Concerns/MakesHttpRequests.php(368): Illuminate\Foundation\Testing\TestCase->call()
#106 /home/runner/work/gestaodecustos/gestaodecustos/tests/Feature/Settings/ProfileUpdateTest.php(9): Illuminate\Foundation\Testing\TestCase->get()
#107 /home/runner/work/gestaodecustos/gestaodecustos/vendor/pestphp/pest/src/Factories/TestCaseMethodFactory.php(177): P\Tests\Feature\Settings\ProfileUpdateTest->{closure}()
#108 [internal function]: P\Tests\Feature\Settings\ProfileUpdateTest->Pest\Factories\{closure}()
#109 /home/runner/work/gestaodecustos/gestaodecustos/vendor/pestphp/pest/src/Concerns/Testable.php(514): call_user_func_array()
#110 /home/runner/work/gestaodecustos/gestaodecustos/vendor/pestphp/pest/src/Support/ExceptionTrace.php(26): P\Tests\Feature\Settings\ProfileUpdateTest->Pest\Concerns\{closure}()
#111 /home/runner/work/gestaodecustos/gestaodecustos/vendor/pestphp/pest/src/Concerns/Testable.php(514): Pest\Support\ExceptionTrace::ensure()
#112 /home/runner/work/gestaodecustos/gestaodecustos/vendor/pestphp/pest/src/Concerns/Testable.php(336): P\Tests\Feature\Settings\ProfileUpdateTest->__callClosure()
#113 /home/runner/work/gestaodecustos/gestaodecustos/vendor/pestphp/pest/src/Factories/TestCaseFactory.php(179) : eval()'d code(22): P\Tests\Feature\Settings\ProfileUpdateTest->__runTest()
#114 /home/runner/work/gestaodecustos/gestaodecustos/vendor/phpunit/phpunit/src/Framework/TestCase.php(1318): P\Tests\Feature\Settings\ProfileUpdateTest->__pest_evaluable_profile_page_is_displayed()
#115 /home/runner/work/gestaodecustos/gestaodecustos/vendor/phpunit/phpunit/src/Framework/TestCase.php(1355): PHPUnit\Framework\TestCase->invokeTestMethod()
#116 /home/runner/work/gestaodecustos/gestaodecustos/vendor/phpunit/phpunit/src/Framework/TestCase.php(521): PHPUnit\Framework\TestCase->runTest()
#117 /home/runner/work/gestaodecustos/gestaodecustos/vendor/phpunit/phpunit/src/Framework/TestRunner/TestRunner.php(99): PHPUnit\Framework\TestCase->runBare()
#118 /home/runner/work/gestaodecustos/gestaodecustos/vendor/phpunit/phpunit/src/Framework/TestCase.php(361): PHPUnit\Framework\TestRunner->run()
#119 /home/runner/work/gestaodecustos/gestaodecustos/vendor/phpunit/phpunit/src/Framework/TestSuite.php(374): PHPUnit\Framework\TestCase->run()
#120 /home/runner/work/gestaodecustos/gestaodecustos/vendor/phpunit/phpunit/src/Framework/TestSuite.php(374): PHPUnit\Framework\TestSuite->run()
#121 /home/runner/work/gestaodecustos/gestaodecustos/vendor/phpunit/phpunit/src/Framework/TestSuite.php(374): PHPUnit\Framework\TestSuite->run()
#122 /home/runner/work/gestaodecustos/gestaodecustos/vendor/phpunit/phpunit/src/TextUI/TestRunner.php(64): PHPUnit\Framework\TestSuite->run()
#123 /home/runner/work/gestaodecustos/gestaodecustos/vendor/phpunit/phpunit/src/TextUI/Application.php(229): PHPUnit\TextUI\TestRunner->run()
#124 /home/runner/work/gestaodecustos/gestaodecustos/vendor/pestphp/pest/src/Kernel.php(103): PHPUnit\TextUI\Application->run()
#125 /home/runner/work/gestaodecustos/gestaodecustos/vendor/pestphp/pest/bin/pest(196): Pest\Kernel->handle()
#126 /home/runner/work/gestaodecustos/gestaodecustos/vendor/pestphp/pest/bin/pest(204): {closure}()
#127 /home/runner/work/gestaodecustos/gestaodecustos/vendor/bin/pest(119): include('...')
#128 {main}

Next Illuminate\View\ViewException: Unable to locate file in Vite manifest: resources/js/modal-controls.js. (View: /home/runner/work/gestaodecustos/gestaodecustos/resources/views/partials/head.blade.php) in /home/runner/work/gestaodecustos/gestaodecustos/vendor/laravel/framework/src/Illuminate/Foundation/Vite.php:1042
Stack trace:
#0 /home/runner/work/gestaodecustos/gestaodecustos/vendor/livewire/livewire/src/Mechanisms/ExtendBlade/ExtendedCompilerEngine.php(58): Illuminate\View\Engines\CompilerEngine->handleViewException()
#1 /home/runner/work/gestaodecustos/gestaodecustos/vendor/laravel/framework/src/Illuminate/View/Engines/PhpEngine.php(59): Livewire\Mechanisms\ExtendBlade\ExtendedCompilerEngine->handleViewException()
#2 /home/runner/work/gestaodecustos/gestaodecustos/vendor/livewire/livewire/src/Mechanisms/ExtendBlade/ExtendedCompilerEngine.php(22): Illuminate\View\Engines\PhpEngine->evaluatePath()
#3 /home/runner/work/gestaodecustos/gestaodecustos/vendor/laravel/framework/src/Illuminate/View/Engines/CompilerEngine.php(76): Livewire\Mechanisms\ExtendBlade\ExtendedCompilerEngine->evaluatePath()
#4 /home/runner/work/gestaodecustos/gestaodecustos/vendor/livewire/livewire/src/Mechanisms/ExtendBlade/ExtendedCompilerEngine.php(10): Illuminate\View\Engines\CompilerEngine->get()
#5 /home/runner/work/gestaodecustos/gestaodecustos/vendor/laravel/framework/src/Illuminate/View/View.php(208): Livewire\Mechanisms\ExtendBlade\ExtendedCompilerEngine->get()
#6 /home/runner/work/gestaodecustos/gestaodecustos/vendor/laravel/framework/src/Illuminate/View/View.php(191): Illuminate\View\View->getContents()
#7 /home/runner/work/gestaodecustos/gestaodecustos/vendor/laravel/framework/src/Illuminate/View/View.php(160): Illuminate\View\View->renderContents()
#8 /home/runner/work/gestaodecustos/gestaodecustos/storage/framework/views/836a8a15524c86ff37c2b633e40219d3.php(51): Illuminate\View\View->render()
#9 /home/runner/work/gestaodecustos/gestaodecustos/vendor/laravel/framework/src/Illuminate/Filesystem/Filesystem.php(123): require('...')
#10 /home/runner/work/gestaodecustos/gestaodecustos/vendor/laravel/framework/src/Illuminate/Filesystem/Filesystem.php(124): Illuminate\Filesystem\Filesystem::Illuminate\Filesystem\{closure}()
#11 /home/runner/work/gestaodecustos/gestaodecustos/vendor/laravel/framework/src/Illuminate/View/Engines/PhpEngine.php(57): Illuminate\Filesystem\Filesystem->getRequire()
#12 /home/runner/work/gestaodecustos/gestaodecustos/vendor/livewire/livewire/src/Mechanisms/ExtendBlade/ExtendedCompilerEngine.php(22): Illuminate\View\Engines\PhpEngine->evaluatePath()
#13 /home/runner/work/gestaodecustos/gestaodecustos/vendor/laravel/framework/src/Illuminate/View/Engines/CompilerEngine.php(76): Livewire\Mechanisms\ExtendBlade\ExtendedCompilerEngine->evaluatePath()
#14 /home/runner/work/gestaodecustos/gestaodecustos/vendor/livewire/livewire/src/Mechanisms/ExtendBlade/ExtendedCompilerEngine.php(10): Illuminate\View\Engines\CompilerEngine->get()
#15 /home/runner/work/gestaodecustos/gestaodecustos/vendor/laravel/framework/src/Illuminate/View/View.php(208): Livewire\Mechanisms\ExtendBlade\ExtendedCompilerEngine->get()
#16 /home/runner/work/gestaodecustos/gestaodecustos/vendor/laravel/framework/src/Illuminate/View/View.php(191): Illuminate\View\View->getContents()
#17 /home/runner/work/gestaodecustos/gestaodecustos/vendor/laravel/framework/src/Illuminate/View/View.php(160): Illuminate\View\View->renderContents()
#18 /home/runner/work/gestaodecustos/gestaodecustos/vendor/laravel/framework/src/Illuminate/View/Concerns/ManagesComponents.php(103): Illuminate\View\View->render()
#19 /home/runner/work/gestaodecustos/gestaodecustos/storage/framework/views/f42a5e1c1df2cb8b3c7459492bd686e4.php(535): Illuminate\View\Factory->renderComponent()
#20 /home/runner/work/gestaodecustos/gestaodecustos/vendor/laravel/framework/src/Illuminate/Filesystem/Filesystem.php(123): require('...')
#21 /home/runner/work/gestaodecustos/gestaodecustos/vendor/laravel/framework/src/Illuminate/Filesystem/Filesystem.php(124): Illuminate\Filesystem\Filesystem::Illuminate\Filesystem\{closure}()
#22 /home/runner/work/gestaodecustos/gestaodecustos/vendor/laravel/framework/src/Illuminate/View/Engines/PhpEngine.php(57): Illuminate\Filesystem\Filesystem->getRequire()
#23 /home/runner/work/gestaodecustos/gestaodecustos/vendor/livewire/livewire/src/Mechanisms/ExtendBlade/ExtendedCompilerEngine.php(22): Illuminate\View\Engines\PhpEngine->evaluatePath()
#24 /home/runner/work/gestaodecustos/gestaodecustos/vendor/laravel/framework/src/Illuminate/View/Engines/CompilerEngine.php(76): Livewire\Mechanisms\ExtendBlade\ExtendedCompilerEngine->evaluatePath()
#25 /home/runner/work/gestaodecustos/gestaodecustos/vendor/livewire/livewire/src/Mechanisms/ExtendBlade/ExtendedCompilerEngine.php(10): Illuminate\View\Engines\CompilerEngine->get()
#26 /home/runner/work/gestaodecustos/gestaodecustos/vendor/laravel/framework/src/Illuminate/View/View.php(208): Livewire\Mechanisms\ExtendBlade\ExtendedCompilerEngine->get()
#27 /home/runner/work/gestaodecustos/gestaodecustos/vendor/laravel/framework/src/Illuminate/View/View.php(191): Illuminate\View\View->getContents()
#28 /home/runner/work/gestaodecustos/gestaodecustos/vendor/laravel/framework/src/Illuminate/View/View.php(160): Illuminate\View\View->renderContents()
#29 /home/runner/work/gestaodecustos/gestaodecustos/vendor/laravel/framework/src/Illuminate/Http/Response.php(82): Illuminate\View\View->render()
#30 /home/runner/work/gestaodecustos/gestaodecustos/vendor/laravel/framework/src/Illuminate/Http/Response.php(40): Illuminate\Http\Response->setContent()
#31 /home/runner/work/gestaodecustos/gestaodecustos/vendor/laravel/framework/src/Illuminate/Routing/ResponseFactory.php(61): Illuminate\Http\Response->__construct()
#32 /home/runner/work/gestaodecustos/gestaodecustos/vendor/laravel/framework/src/Illuminate/Routing/ResponseFactory.php(91): Illuminate\Routing\ResponseFactory->make()
#33 /home/runner/work/gestaodecustos/gestaodecustos/vendor/laravel/framework/src/Illuminate/Routing/ViewController.php(40): Illuminate\Routing\ResponseFactory->view()
#34 /home/runner/work/gestaodecustos/gestaodecustos/vendor/laravel/framework/src/Illuminate/Routing/ViewController.php(57): Illuminate\Routing\ViewController->__invoke()
#35 /home/runner/work/gestaodecustos/gestaodecustos/vendor/laravel/framework/src/Illuminate/Routing/ControllerDispatcher.php(43): Illuminate\Routing\ViewController->callAction()
#36 /home/runner/work/gestaodecustos/gestaodecustos/vendor/laravel/framework/src/Illuminate/Routing/Route.php(276): Illuminate\Routing\ControllerDispatcher->dispatch()
#37 /home/runner/work/gestaodecustos/gestaodecustos/vendor/laravel/framework/src/Illuminate/Routing/Route.php(216): Illuminate\Routing\Route->runController()
#38 /home/runner/work/gestaodecustos/gestaodecustos/vendor/laravel/framework/src/Illuminate/Routing/Router.php(822): Illuminate\Routing\Route->run()
#39 /home/runner/work/gestaodecustos/gestaodecustos/vendor/laravel/framework/src/Illuminate/Pipeline/Pipeline.php(180): Illuminate\Routing\Router->Illuminate\Routing\{closure}()
#40 /home/runner/work/gestaodecustos/gestaodecustos/vendor/laravel/framework/src/Illuminate/Auth/Middleware/EnsureEmailIsVerified.php(41): Illuminate\Pipeline\Pipeline->Illuminate\Pipeline\{closure}()
#41 /home/runner/work/gestaodecustos/gestaodecustos/vendor/laravel/framework/src/Illuminate/Pipeline/Pipeline.php(219): Illuminate\Auth\Middleware\EnsureEmailIsVerified->handle()
#42 /home/runner/work/gestaodecustos/gestaodecustos/app/Http/Middleware/ThrottleVerificationCode.php(27): Illuminate\Pipeline\Pipeline->Illuminate\Pipeline\{closure}()
#43 /home/runner/work/gestaodecustos/gestaodecustos/vendor/laravel/framework/src/Illuminate/Pipeline/Pipeline.php(219): App\Http\Middleware\ThrottleVerificationCode->handle()
#44 /home/runner/work/gestaodecustos/gestaodecustos/app/Http/Middleware/EnsureBusinessWorkspaceAccess.php(71): Illuminate\Pipeline\Pipeline->Illuminate\Pipeline\{closure}()
#45 /home/runner/work/gestaodecustos/gestaodecustos/vendor/laravel/framework/src/Illuminate/Pipeline/Pipeline.php(219): App\Http\Middleware\EnsureBusinessWorkspaceAccess->handle()
#46 /home/runner/work/gestaodecustos/gestaodecustos/app/Http/Middleware/EnsureImpersonationIsValid.php(20): Illuminate\Pipeline\Pipeline->Illuminate\Pipeline\{closure}()
#47 /home/runner/work/gestaodecustos/gestaodecustos/vendor/laravel/framework/src/Illuminate/Pipeline/Pipeline.php(219): App\Http\Middleware\EnsureImpersonationIsValid->handle()
#48 /home/runner/work/gestaodecustos/gestaodecustos/app/Http/Middleware/UpdateUserActivity.php(27): Illuminate\Pipeline\Pipeline->Illuminate\Pipeline\{closure}()
#49 /home/runner/work/gestaodecustos/gestaodecustos/vendor/laravel/framework/src/Illuminate/Pipeline/Pipeline.php(219): App\Http\Middleware\UpdateUserActivity->handle()
#50 /home/runner/work/gestaodecustos/gestaodecustos/app/Http/Middleware/CheckRegistrationStatus.php(25): Illuminate\Pipeline\Pipeline->Illuminate\Pipeline\{closure}()
#51 /home/runner/work/gestaodecustos/gestaodecustos/vendor/laravel/framework/src/Illuminate/Pipeline/Pipeline.php(219): App\Http\Middleware\CheckRegistrationStatus->handle()
#52 /home/runner/work/gestaodecustos/gestaodecustos/app/Http/Middleware/CheckMaintenanceMode.php(41): Illuminate\Pipeline\Pipeline->Illuminate\Pipeline\{closure}()
#53 /home/runner/work/gestaodecustos/gestaodecustos/vendor/laravel/framework/src/Illuminate/Pipeline/Pipeline.php(219): App\Http\Middleware\CheckMaintenanceMode->handle()
#54 /home/runner/work/gestaodecustos/gestaodecustos/app/Http/Middleware/SetLocale.php(30): Illuminate\Pipeline\Pipeline->Illuminate\Pipeline\{closure}()
#55 /home/runner/work/gestaodecustos/gestaodecustos/vendor/laravel/framework/src/Illuminate/Pipeline/Pipeline.php(219): App\Http\Middleware\SetLocale->handle()
#56 /home/runner/work/gestaodecustos/gestaodecustos/vendor/laravel/framework/src/Illuminate/Routing/Middleware/SubstituteBindings.php(52): Illuminate\Pipeline\Pipeline->Illuminate\Pipeline\{closure}()
#57 /home/runner/work/gestaodecustos/gestaodecustos/vendor/laravel/framework/src/Illuminate/Pipeline/Pipeline.php(219): Illuminate\Routing\Middleware\SubstituteBindings->handle()
#58 /home/runner/work/gestaodecustos/gestaodecustos/vendor/laravel/framework/src/Illuminate/Auth/Middleware/Authenticate.php(63): Illuminate\Pipeline\Pipeline->Illuminate\Pipeline\{closure}()
#59 /home/runner/work/gestaodecustos/gestaodecustos/vendor/laravel/framework/src/Illuminate/Pipeline/Pipeline.php(219): Illuminate\Auth\Middleware\Authenticate->handle()
#60 /home/runner/work/gestaodecustos/gestaodecustos/vendor/laravel/framework/src/Illuminate/Foundation/Http/Middleware/PreventRequestForgery.php(104): Illuminate\Pipeline\Pipeline->Illuminate\Pipeline\{closure}()
#61 /home/runner/work/gestaodecustos/gestaodecustos/vendor/laravel/framework/src/Illuminate/Pipeline/Pipeline.php(219): Illuminate\Foundation\Http\Middleware\PreventRequestForgery->handle()
#62 /home/runner/work/gestaodecustos/gestaodecustos/vendor/laravel/framework/src/Illuminate/View/Middleware/ShareErrorsFromSession.php(48): Illuminate\Pipeline\Pipeline->Illuminate\Pipeline\{closure}()
#63 /home/runner/work/gestaodecustos/gestaodecustos/vendor/laravel/framework/src/Illuminate/Pipeline/Pipeline.php(219): Illuminate\View\Middleware\ShareErrorsFromSession->handle()
#64 /home/runner/work/gestaodecustos/gestaodecustos/vendor/laravel/framework/src/Illuminate/Session/Middleware/StartSession.php(120): Illuminate\Pipeline\Pipeline->Illuminate\Pipeline\{closure}()
#65 /home/runner/work/gestaodecustos/gestaodecustos/vendor/laravel/framework/src/Illuminate/Session/Middleware/StartSession.php(63): Illuminate\Session\Middleware\StartSession->handleStatefulRequest()
#66 /home/runner/work/gestaodecustos/gestaodecustos/vendor/laravel/framework/src/Illuminate/Pipeline/Pipeline.php(219): Illuminate\Session\Middleware\StartSession->handle()
#67 /home/runner/work/gestaodecustos/gestaodecustos/vendor/laravel/framework/src/Illuminate/Cookie/Middleware/AddQueuedCookiesToResponse.php(36): Illuminate\Pipeline\Pipeline->Illuminate\Pipeline\{closure}()
#68 /home/runner/work/gestaodecustos/gestaodecustos/vendor/laravel/framework/src/Illuminate/Pipeline/Pipeline.php(219): Illuminate\Cookie\Middleware\AddQueuedCookiesToResponse->handle()
#69 /home/runner/work/gestaodecustos/gestaodecustos/vendor/laravel/framework/src/Illuminate/Cookie/Middleware/EncryptCookies.php(74): Illuminate\Pipeline\Pipeline->Illuminate\Pipeline\{closure}()
#70 /home/runner/work/gestaodecustos/gestaodecustos/vendor/laravel/framework/src/Illuminate/Pipeline/Pipeline.php(219): Illuminate\Cookie\Middleware\EncryptCookies->handle()
#71 /home/runner/work/gestaodecustos/gestaodecustos/vendor/laravel/framework/src/Illuminate/Pipeline/Pipeline.php(137): Illuminate\Pipeline\Pipeline->Illuminate\Pipeline\{closure}()
#72 /home/runner/work/gestaodecustos/gestaodecustos/vendor/laravel/framework/src/Illuminate/Routing/Router.php(821): Illuminate\Pipeline\Pipeline->then()
#73 /home/runner/work/gestaodecustos/gestaodecustos/vendor/laravel/framework/src/Illuminate/Routing/Router.php(800): Illuminate\Routing\Router->runRouteWithinStack()
#74 /home/runner/work/gestaodecustos/gestaodecustos/vendor/laravel/framework/src/Illuminate/Routing/Router.php(764): Illuminate\Routing\Router->runRoute()
#75 /home/runner/work/gestaodecustos/gestaodecustos/vendor/laravel/framework/src/Illuminate/Routing/Router.php(753): Illuminate\Routing\Router->dispatchToRoute()
#76 /home/runner/work/gestaodecustos/gestaodecustos/vendor/laravel/framework/src/Illuminate/Foundation/Http/Kernel.php(200): Illuminate\Routing\Router->dispatch()
#77 /home/runner/work/gestaodecustos/gestaodecustos/vendor/laravel/framework/src/Illuminate/Pipeline/Pipeline.php(180): Illuminate\Foundation\Http\Kernel->Illuminate\Foundation\Http\{closure}()
#78 /home/runner/work/gestaodecustos/gestaodecustos/vendor/livewire/livewire/src/Features/SupportDisablingBackButtonCache/DisableBackButtonCacheMiddleware.php(19): Illuminate\Pipeline\Pipeline->Illuminate\Pipeline\{closure}()
#79 /home/runner/work/gestaodecustos/gestaodecustos/vendor/laravel/framework/src/Illuminate/Pipeline/Pipeline.php(219): Livewire\Features\SupportDisablingBackButtonCache\DisableBackButtonCacheMiddleware->handle()
#80 /home/runner/work/gestaodecustos/gestaodecustos/vendor/laravel/framework/src/Illuminate/Foundation/Http/Middleware/TransformsRequest.php(21): Illuminate\Pipeline\Pipeline->Illuminate\Pipeline\{closure}()
#81 /home/runner/work/gestaodecustos/gestaodecustos/vendor/laravel/framework/src/Illuminate/Foundation/Http/Middleware/ConvertEmptyStringsToNull.php(31): Illuminate\Foundation\Http\Middleware\TransformsRequest->handle()
#82 /home/runner/work/gestaodecustos/gestaodecustos/vendor/laravel/framework/src/Illuminate/Pipeline/Pipeline.php(219): Illuminate\Foundation\Http\Middleware\ConvertEmptyStringsToNull->handle()
#83 /home/runner/work/gestaodecustos/gestaodecustos/vendor/laravel/framework/src/Illuminate/Foundation/Http/Middleware/TransformsRequest.php(21): Illuminate\Pipeline\Pipeline->Illuminate\Pipeline\{closure}()
#84 /home/runner/work/gestaodecustos/gestaodecustos/vendor/laravel/framework/src/Illuminate/Foundation/Http/Middleware/TrimStrings.php(51): Illuminate\Foundation\Http\Middleware\TransformsRequest->handle()
#85 /home/runner/work/gestaodecustos/gestaodecustos/vendor/laravel/framework/src/Illuminate/Pipeline/Pipeline.php(219): Illuminate\Foundation\Http\Middleware\TrimStrings->handle()
#86 /home/runner/work/gestaodecustos/gestaodecustos/vendor/laravel/framework/src/Illuminate/Http/Middleware/ValidatePostSize.php(27): Illuminate\Pipeline\Pipeline->Illuminate\Pipeline\{closure}()
#87 /home/runner/work/gestaodecustos/gestaodecustos/vendor/laravel/framework/src/Illuminate/Pipeline/Pipeline.php(219): Illuminate\Http\Middleware\ValidatePostSize->handle()
#88 /home/runner/work/gestaodecustos/gestaodecustos/vendor/laravel/framework/src/Illuminate/Foundation/Http/Middleware/PreventRequestsDuringMaintenance.php(110): Illuminate\Pipeline\Pipeline->Illuminate\Pipeline\{closure}()
#89 /home/runner/work/gestaodecustos/gestaodecustos/vendor/laravel/framework/src/Illuminate/Pipeline/Pipeline.php(219): Illuminate\Foundation\Http\Middleware\PreventRequestsDuringMaintenance->handle()
#90 /home/runner/work/gestaodecustos/gestaodecustos/vendor/laravel/framework/src/Illuminate/Http/Middleware/HandleCors.php(61): Illuminate\Pipeline\Pipeline->Illuminate\Pipeline\{closure}()
#91 /home/runner/work/gestaodecustos/gestaodecustos/vendor/laravel/framework/src/Illuminate/Pipeline/Pipeline.php(219): Illuminate\Http\Middleware\HandleCors->handle()
#92 /home/runner/work/gestaodecustos/gestaodecustos/vendor/laravel/framework/src/Illuminate/Http/Middleware/TrustProxies.php(58): Illuminate\Pipeline\Pipeline->Illuminate\Pipeline\{closure}()
#93 /home/runner/work/gestaodecustos/gestaodecustos/vendor/laravel/framework/src/Illuminate/Pipeline/Pipeline.php(219): Illuminate\Http\Middleware\TrustProxies->handle()
#94 /home/runner/work/gestaodecustos/gestaodecustos/vendor/laravel/framework/src/Illuminate/Foundation/Http/Middleware/InvokeDeferredCallbacks.php(22): Illuminate\Pipeline\Pipeline->Illuminate\Pipeline\{closure}()
#95 /home/runner/work/gestaodecustos/gestaodecustos/vendor/laravel/framework/src/Illuminate/Pipeline/Pipeline.php(219): Illuminate\Foundation\Http\Middleware\InvokeDeferredCallbacks->handle()
#96 /home/runner/work/gestaodecustos/gestaodecustos/vendor/laravel/framework/src/Illuminate/Http/Middleware/ValidatePathEncoding.php(28): Illuminate\Pipeline\Pipeline->Illuminate\Pipeline\{closure}()
#97 /home/runner/work/gestaodecustos/gestaodecustos/vendor/laravel/framework/src/Illuminate/Pipeline/Pipeline.php(219): Illuminate\Http\Middleware\ValidatePathEncoding->handle()
#98 /home/runner/work/gestaodecustos/gestaodecustos/vendor/laravel/framework/src/Illuminate/Pipeline/Pipeline.php(137): Illuminate\Pipeline\Pipeline->Illuminate\Pipeline\{closure}()
#99 /home/runner/work/gestaodecustos/gestaodecustos/vendor/laravel/framework/src/Illuminate/Foundation/Http/Kernel.php(175): Illuminate\Pipeline\Pipeline->then()
#100 /home/runner/work/gestaodecustos/gestaodecustos/vendor/laravel/framework/src/Illuminate/Foundation/Http/Kernel.php(144): Illuminate\Foundation\Http\Kernel->sendRequestThroughRouter()
#101 /home/runner/work/gestaodecustos/gestaodecustos/vendor/laravel/framework/src/Illuminate/Foundation/Testing/Concerns/MakesHttpRequests.php(638): Illuminate\Foundation\Http\Kernel->handle()
#102 /home/runner/work/gestaodecustos/gestaodecustos/vendor/laravel/framework/src/Illuminate/Foundation/Testing/Concerns/MakesHttpRequests.php(368): Illuminate\Foundation\Testing\TestCase->call()
#103 /home/runner/work/gestaodecustos/gestaodecustos/tests/Feature/Settings/ProfileUpdateTest.php(9): Illuminate\Foundation\Testing\TestCase->get()
#104 /home/runner/work/gestaodecustos/gestaodecustos/vendor/pestphp/pest/src/Factories/TestCaseMethodFactory.php(177): P\Tests\Feature\Settings\ProfileUpdateTest->{closure}()
#105 [internal function]: P\Tests\Feature\Settings\ProfileUpdateTest->Pest\Factories\{closure}()
#106 /home/runner/work/gestaodecustos/gestaodecustos/vendor/pestphp/pest/src/Concerns/Testable.php(514): call_user_func_array()
#107 /home/runner/work/gestaodecustos/gestaodecustos/vendor/pestphp/pest/src/Support/ExceptionTrace.php(26): P\Tests\Feature\Settings\ProfileUpdateTest->Pest\Concerns\{closure}()
#108 /home/runner/work/gestaodecustos/gestaodecustos/vendor/pestphp/pest/src/Concerns/Testable.php(514): Pest\Support\ExceptionTrace::ensure()
#109 /home/runner/work/gestaodecustos/gestaodecustos/vendor/pestphp/pest/src/Concerns/Testable.php(336): P\Tests\Feature\Settings\ProfileUpdateTest->__callClosure()
#110 /home/runner/work/gestaodecustos/gestaodecustos/vendor/pestphp/pest/src/Factories/TestCaseFactory.php(179) : eval()'d code(22): P\Tests\Feature\Settings\ProfileUpdateTest->__runTest()
#111 /home/runner/work/gestaodecustos/gestaodecustos/vendor/phpunit/phpunit/src/Framework/TestCase.php(1318): P\Tests\Feature\Settings\ProfileUpdateTest->__pest_evaluable_profile_page_is_displayed()
#112 /home/runner/work/gestaodecustos/gestaodecustos/vendor/phpunit/phpunit/src/Framework/TestCase.php(1355): PHPUnit\Framework\TestCase->invokeTestMethod()
#113 /home/runner/work/gestaodecustos/gestaodecustos/vendor/phpunit/phpunit/src/Framework/TestCase.php(521): PHPUnit\Framework\TestCase->runTest()
#114 /home/runner/work/gestaodecustos/gestaodecustos/vendor/phpunit/phpunit/src/Framework/TestRunner/TestRunner.php(99): PHPUnit\Framework\TestCase->runBare()
#115 /home/runner/work/gestaodecustos/gestaodecustos/vendor/phpunit/phpunit/src/Framework/TestCase.php(361): PHPUnit\Framework\TestRunner->run()
#116 /home/runner/work/gestaodecustos/gestaodecustos/vendor/phpunit/phpunit/src/Framework/TestSuite.php(374): PHPUnit\Framework\TestCase->run()
#117 /home/runner/work/gestaodecustos/gestaodecustos/vendor/phpunit/phpunit/src/Framework/TestSuite.php(374): PHPUnit\Framework\TestSuite->run()
#118 /home/runner/work/gestaodecustos/gestaodecustos/vendor/phpunit/phpunit/src/Framework/TestSuite.php(374): PHPUnit\Framework\TestSuite->run()
#119 /home/runner/work/gestaodecustos/gestaodecustos/vendor/phpunit/phpunit/src/TextUI/TestRunner.php(64): PHPUnit\Framework\TestSuite->run()
#120 /home/runner/work/gestaodecustos/gestaodecustos/vendor/phpunit/phpunit/src/TextUI/Application.php(229): PHPUnit\TextUI\TestRunner->run()
#121 /home/runner/work/gestaodecustos/gestaodecustos/vendor/pestphp/pest/src/Kernel.php(103): PHPUnit\TextUI\Application->run()
#122 /home/runner/work/gestaodecustos/gestaodecustos/vendor/pestphp/pest/bin/pest(196): Pest\Kernel->handle()
#123 /home/runner/work/gestaodecustos/gestaodecustos/vendor/pestphp/pest/bin/pest(204): {closure}()
#124 /home/runner/work/gestaodecustos/gestaodecustos/vendor/bin/pest(119): include('...')
#125 {main}

Next Illuminate\View\ViewException: Unable to locate file in Vite manifest: resources/js/modal-controls.js. (View: /home/runner/work/gestaodecustos/gestaodecustos/resources/views/partials/head.blade.php) (View: /home/runner/work/gestaodecustos/gestaodecustos/resources/views/partials/head.blade.php) in /home/runner/work/gestaodecustos/gestaodecustos/vendor/laravel/framework/src/Illuminate/Foundation/Vite.php:1042
Stack trace:
#0 /home/runner/work/gestaodecustos/gestaodecustos/vendor/livewire/livewire/src/Mechanisms/ExtendBlade/ExtendedCompilerEngine.php(58): Illuminate\View\Engines\CompilerEngine->handleViewException()
#1 /home/runner/work/gestaodecustos/gestaodecustos/vendor/laravel/framework/src/Illuminate/View/Engines/PhpEngine.php(59): Livewire\Mechanisms\ExtendBlade\ExtendedCompilerEngine->handleViewException()
#2 /home/runner/work/gestaodecustos/gestaodecustos/vendor/livewire/livewire/src/Mechanisms/ExtendBlade/ExtendedCompilerEngine.php(22): Illuminate\View\Engines\PhpEngine->evaluatePath()
#3 /home/runner/work/gestaodecustos/gestaodecustos/vendor/laravel/framework/src/Illuminate/View/Engines/CompilerEngine.php(76): Livewire\Mechanisms\ExtendBlade\ExtendedCompilerEngine->evaluatePath()
#4 /home/runner/work/gestaodecustos/gestaodecustos/vendor/livewire/livewire/src/Mechanisms/ExtendBlade/ExtendedCompilerEngine.php(10): Illuminate\View\Engines\CompilerEngine->get()
#5 /home/runner/work/gestaodecustos/gestaodecustos/vendor/laravel/framework/src/Illuminate/View/View.php(208): Livewire\Mechanisms\ExtendBlade\ExtendedCompilerEngine->get()
#6 /home/runner/work/gestaodecustos/gestaodecustos/vendor/laravel/framework/src/Illuminate/View/View.php(191): Illuminate\View\View->getContents()
#7 /home/runner/work/gestaodecustos/gestaodecustos/vendor/laravel/framework/src/Illuminate/View/View.php(160): Illuminate\View\View->renderContents()
#8 /home/runner/work/gestaodecustos/gestaodecustos/vendor/laravel/framework/src/Illuminate/View/Concerns/ManagesComponents.php(103): Illuminate\View\View->render()
#9 /home/runner/work/gestaodecustos/gestaodecustos/storage/framework/views/f42a5e1c1df2cb8b3c7459492bd686e4.php(535): Illuminate\View\Factory->renderComponent()
#10 /home/runner/work/gestaodecustos/gestaodecustos/vendor/laravel/framework/src/Illuminate/Filesystem/Filesystem.php(123): require('...')
#11 /home/runner/work/gestaodecustos/gestaodecustos/vendor/laravel/framework/src/Illuminate/Filesystem/Filesystem.php(124): Illuminate\Filesystem\Filesystem::Illuminate\Filesystem\{closure}()
#12 /home/runner/work/gestaodecustos/gestaodecustos/vendor/laravel/framework/src/Illuminate/View/Engines/PhpEngine.php(57): Illuminate\Filesystem\Filesystem->getRequire()
#13 /home/runner/work/gestaodecustos/gestaodecustos/vendor/livewire/livewire/src/Mechanisms/ExtendBlade/ExtendedCompilerEngine.php(22): Illuminate\View\Engines\PhpEngine->evaluatePath()
#14 /home/runner/work/gestaodecustos/gestaodecustos/vendor/laravel/framework/src/Illuminate/View/Engines/CompilerEngine.php(76): Livewire\Mechanisms\ExtendBlade\ExtendedCompilerEngine->evaluatePath()
#15 /home/runner/work/gestaodecustos/gestaodecustos/vendor/livewire/livewire/src/Mechanisms/ExtendBlade/ExtendedCompilerEngine.php(10): Illuminate\View\Engines\CompilerEngine->get()
#16 /home/runner/work/gestaodecustos/gestaodecustos/vendor/laravel/framework/src/Illuminate/View/View.php(208): Livewire\Mechanisms\ExtendBlade\ExtendedCompilerEngine->get()
#17 /home/runner/work/gestaodecustos/gestaodecustos/vendor/laravel/framework/src/Illuminate/View/View.php(191): Illuminate\View\View->getContents()
#18 /home/runner/work/gestaodecustos/gestaodecustos/vendor/laravel/framework/src/Illuminate/View/View.php(160): Illuminate\View\View->renderContents()
#19 /home/runner/work/gestaodecustos/gestaodecustos/vendor/laravel/framework/src/Illuminate/Http/Response.php(82): Illuminate\View\View->render()
#20 /home/runner/work/gestaodecustos/gestaodecustos/vendor/laravel/framework/src/Illuminate/Http/Response.php(40): Illuminate\Http\Response->setContent()
#21 /home/runner/work/gestaodecustos/gestaodecustos/vendor/laravel/framework/src/Illuminate/Routing/ResponseFactory.php(61): Illuminate\Http\Response->__construct()
#22 /home/runner/work/gestaodecustos/gestaodecustos/vendor/laravel/framework/src/Illuminate/Routing/ResponseFactory.php(91): Illuminate\Routing\ResponseFactory->make()
#23 /home/runner/work/gestaodecustos/gestaodecustos/vendor/laravel/framework/src/Illuminate/Routing/ViewController.php(40): Illuminate\Routing\ResponseFactory->view()
#24 /home/runner/work/gestaodecustos/gestaodecustos/vendor/laravel/framework/src/Illuminate/Routing/ViewController.php(57): Illuminate\Routing\ViewController->__invoke()
#25 /home/runner/work/gestaodecustos/gestaodecustos/vendor/laravel/framework/src/Illuminate/Routing/ControllerDispatcher.php(43): Illuminate\Routing\ViewController->callAction()
#26 /home/runner/work/gestaodecustos/gestaodecustos/vendor/laravel/framework/src/Illuminate/Routing/Route.php(276): Illuminate\Routing\ControllerDispatcher->dispatch()
#27 /home/runner/work/gestaodecustos/gestaodecustos/vendor/laravel/framework/src/Illuminate/Routing/Route.php(216): Illuminate\Routing\Route->runController()
#28 /home/runner/work/gestaodecustos/gestaodecustos/vendor/laravel/framework/src/Illuminate/Routing/Router.php(822): Illuminate\Routing\Route->run()
#29 /home/runner/work/gestaodecustos/gestaodecustos/vendor/laravel/framework/src/Illuminate/Pipeline/Pipeline.php(180): Illuminate\Routing\Router->Illuminate\Routing\{closure}()
#30 /home/runner/work/gestaodecustos/gestaodecustos/vendor/laravel/framework/src/Illuminate/Auth/Middleware/EnsureEmailIsVerified.php(41): Illuminate\Pipeline\Pipeline->Illuminate\Pipeline\{closure}()
#31 /home/runner/work/gestaodecustos/gestaodecustos/vendor/laravel/framework/src/Illuminate/Pipeline/Pipeline.php(219): Illuminate\Auth\Middleware\EnsureEmailIsVerified->handle()
#32 /home/runner/work/gestaodecustos/gestaodecustos/app/Http/Middleware/ThrottleVerificationCode.php(27): Illuminate\Pipeline\Pipeline->Illuminate\Pipeline\{closure}()
#33 /home/runner/work/gestaodecustos/gestaodecustos/vendor/laravel/framework/src/Illuminate/Pipeline/Pipeline.php(219): App\Http\Middleware\ThrottleVerificationCode->handle()
#34 /home/runner/work/gestaodecustos/gestaodecustos/app/Http/Middleware/EnsureBusinessWorkspaceAccess.php(71): Illuminate\Pipeline\Pipeline->Illuminate\Pipeline\{closure}()
#35 /home/runner/work/gestaodecustos/gestaodecustos/vendor/laravel/framework/src/Illuminate/Pipeline/Pipeline.php(219): App\Http\Middleware\EnsureBusinessWorkspaceAccess->handle()
#36 /home/runner/work/gestaodecustos/gestaodecustos/app/Http/Middleware/EnsureImpersonationIsValid.php(20): Illuminate\Pipeline\Pipeline->Illuminate\Pipeline\{closure}()
#37 /home/runner/work/gestaodecustos/gestaodecustos/vendor/laravel/framework/src/Illuminate/Pipeline/Pipeline.php(219): App\Http\Middleware\EnsureImpersonationIsValid->handle()
#38 /home/runner/work/gestaodecustos/gestaodecustos/app/Http/Middleware/UpdateUserActivity.php(27): Illuminate\Pipeline\Pipeline->Illuminate\Pipeline\{closure}()
#39 /home/runner/work/gestaodecustos/gestaodecustos/vendor/laravel/framework/src/Illuminate/Pipeline/Pipeline.php(219): App\Http\Middleware\UpdateUserActivity->handle()
#40 /home/runner/work/gestaodecustos/gestaodecustos/app/Http/Middleware/CheckRegistrationStatus.php(25): Illuminate\Pipeline\Pipeline->Illuminate\Pipeline\{closure}()
#41 /home/runner/work/gestaodecustos/gestaodecustos/vendor/laravel/framework/src/Illuminate/Pipeline/Pipeline.php(219): App\Http\Middleware\CheckRegistrationStatus->handle()
#42 /home/runner/work/gestaodecustos/gestaodecustos/app/Http/Middleware/CheckMaintenanceMode.php(41): Illuminate\Pipeline\Pipeline->Illuminate\Pipeline\{closure}()
#43 /home/runner/work/gestaodecustos/gestaodecustos/vendor/laravel/framework/src/Illuminate/Pipeline/Pipeline.php(219): App\Http\Middleware\CheckMaintenanceMode->handle()
#44 /home/runner/work/gestaodecustos/gestaodecustos/app/Http/Middleware/SetLocale.php(30): Illuminate\Pipeline\Pipeline->Illuminate\Pipeline\{closure}()
#45 /home/runner/work/gestaodecustos/gestaodecustos/vendor/laravel/framework/src/Illuminate/Pipeline/Pipeline.php(219): App\Http\Middleware\SetLocale->handle()
#46 /home/runner/work/gestaodecustos/gestaodecustos/vendor/laravel/framework/src/Illuminate/Routing/Middleware/SubstituteBindings.php(52): Illuminate\Pipeline\Pipeline->Illuminate\Pipeline\{closure}()
#47 /home/runner/work/gestaodecustos/gestaodecustos/vendor/laravel/framework/src/Illuminate/Pipeline/Pipeline.php(219): Illuminate\Routing\Middleware\SubstituteBindings->handle()
#48 /home/runner/work/gestaodecustos/gestaodecustos/vendor/laravel/framework/src/Illuminate/Auth/Middleware/Authenticate.php(63): Illuminate\Pipeline\Pipeline->Illuminate\Pipeline\{closure}()
#49 /home/runner/work/gestaodecustos/gestaodecustos/vendor/laravel/framework/src/Illuminate/Pipeline/Pipeline.php(219): Illuminate\Auth\Middleware\Authenticate->handle()
#50 /home/runner/work/gestaodecustos/gestaodecustos/vendor/laravel/framework/src/Illuminate/Foundation/Http/Middleware/PreventRequestForgery.php(104): Illuminate\Pipeline\Pipeline->Illuminate\Pipeline\{closure}()
#51 /home/runner/work/gestaodecustos/gestaodecustos/vendor/laravel/framework/src/Illuminate/Pipeline/Pipeline.php(219): Illuminate\Foundation\Http\Middleware\PreventRequestForgery->handle()
#52 /home/runner/work/gestaodecustos/gestaodecustos/vendor/laravel/framework/src/Illuminate/View/Middleware/ShareErrorsFromSession.php(48): Illuminate\Pipeline\Pipeline->Illuminate\Pipeline\{closure}()
#53 /home/runner/work/gestaodecustos/gestaodecustos/vendor/laravel/framework/src/Illuminate/Pipeline/Pipeline.php(219): Illuminate\View\Middleware\ShareErrorsFromSession->handle()
#54 /home/runner/work/gestaodecustos/gestaodecustos/vendor/laravel/framework/src/Illuminate/Session/Middleware/StartSession.php(120): Illuminate\Pipeline\Pipeline->Illuminate\Pipeline\{closure}()
#55 /home/runner/work/gestaodecustos/gestaodecustos/vendor/laravel/framework/src/Illuminate/Session/Middleware/StartSession.php(63): Illuminate\Session\Middleware\StartSession->handleStatefulRequest()
#56 /home/runner/work/gestaodecustos/gestaodecustos/vendor/laravel/framework/src/Illuminate/Pipeline/Pipeline.php(219): Illuminate\Session\Middleware\StartSession->handle()
#57 /home/runner/work/gestaodecustos/gestaodecustos/vendor/laravel/framework/src/Illuminate/Cookie/Middleware/AddQueuedCookiesToResponse.php(36): Illuminate\Pipeline\Pipeline->Illuminate\Pipeline\{closure}()
#58 /home/runner/work/gestaodecustos/gestaodecustos/vendor/laravel/framework/src/Illuminate/Pipeline/Pipeline.php(219): Illuminate\Cookie\Middleware\AddQueuedCookiesToResponse->handle()
#59 /home/runner/work/gestaodecustos/gestaodecustos/vendor/laravel/framework/src/Illuminate/Cookie/Middleware/EncryptCookies.php(74): Illuminate\Pipeline\Pipeline->Illuminate\Pipeline\{closure}()
#60 /home/runner/work/gestaodecustos/gestaodecustos/vendor/laravel/framework/src/Illuminate/Pipeline/Pipeline.php(219): Illuminate\Cookie\Middleware\EncryptCookies->handle()
#61 /home/runner/work/gestaodecustos/gestaodecustos/vendor/laravel/framework/src/Illuminate/Pipeline/Pipeline.php(137): Illuminate\Pipeline\Pipeline->Illuminate\Pipeline\{closure}()
#62 /home/runner/work/gestaodecustos/gestaodecustos/vendor/laravel/framework/src/Illuminate/Routing/Router.php(821): Illuminate\Pipeline\Pipeline->then()
#63 /home/runner/work/gestaodecustos/gestaodecustos/vendor/laravel/framework/src/Illuminate/Routing/Router.php(800): Illuminate\Routing\Router->runRouteWithinStack()
#64 /home/runner/work/gestaodecustos/gestaodecustos/vendor/laravel/framework/src/Illuminate/Routing/Router.php(764): Illuminate\Routing\Router->runRoute()
#65 /home/runner/work/gestaodecustos/gestaodecustos/vendor/laravel/framework/src/Illuminate/Routing/Router.php(753): Illuminate\Routing\Router->dispatchToRoute()
#66 /home/runner/work/gestaodecustos/gestaodecustos/vendor/laravel/framework/src/Illuminate/Foundation/Http/Kernel.php(200): Illuminate\Routing\Router->dispatch()
#67 /home/runner/work/gestaodecustos/gestaodecustos/vendor/laravel/framework/src/Illuminate/Pipeline/Pipeline.php(180): Illuminate\Foundation\Http\Kernel->Illuminate\Foundation\Http\{closure}()
#68 /home/runner/work/gestaodecustos/gestaodecustos/vendor/livewire/livewire/src/Features/SupportDisablingBackButtonCache/DisableBackButtonCacheMiddleware.php(19): Illuminate\Pipeline\Pipeline->Illuminate\Pipeline\{closure}()
#69 /home/runner/work/gestaodecustos/gestaodecustos/vendor/laravel/framework/src/Illuminate/Pipeline/Pipeline.php(219): Livewire\Features\SupportDisablingBackButtonCache\DisableBackButtonCacheMiddleware->handle()
#70 /home/runner/work/gestaodecustos/gestaodecustos/vendor/laravel/framework/src/Illuminate/Foundation/Http/Middleware/TransformsRequest.php(21): Illuminate\Pipeline\Pipeline->Illuminate\Pipeline\{closure}()
#71 /home/runner/work/gestaodecustos/gestaodecustos/vendor/laravel/framework/src/Illuminate/Foundation/Http/Middleware/ConvertEmptyStringsToNull.php(31): Illuminate\Foundation\Http\Middleware\TransformsRequest->handle()
#72 /home/runner/work/gestaodecustos/gestaodecustos/vendor/laravel/framework/src/Illuminate/Pipeline/Pipeline.php(219): Illuminate\Foundation\Http\Middleware\ConvertEmptyStringsToNull->handle()
#73 /home/runner/work/gestaodecustos/gestaodecustos/vendor/laravel/framework/src/Illuminate/Foundation/Http/Middleware/TransformsRequest.php(21): Illuminate\Pipeline\Pipeline->Illuminate\Pipeline\{closure}()
#74 /home/runner/work/gestaodecustos/gestaodecustos/vendor/laravel/framework/src/Illuminate/Foundation/Http/Middleware/TrimStrings.php(51): Illuminate\Foundation\Http\Middleware\TransformsRequest->handle()
#75 /home/runner/work/gestaodecustos/gestaodecustos/vendor/laravel/framework/src/Illuminate/Pipeline/Pipeline.php(219): Illuminate\Foundation\Http\Middleware\TrimStrings->handle()
#76 /home/runner/work/gestaodecustos/gestaodecustos/vendor/laravel/framework/src/Illuminate/Http/Middleware/ValidatePostSize.php(27): Illuminate\Pipeline\Pipeline->Illuminate\Pipeline\{closure}()
#77 /home/runner/work/gestaodecustos/gestaodecustos/vendor/laravel/framework/src/Illuminate/Pipeline/Pipeline.php(219): Illuminate\Http\Middleware\ValidatePostSize->handle()
#78 /home/runner/work/gestaodecustos/gestaodecustos/vendor/laravel/framework/src/Illuminate/Foundation/Http/Middleware/PreventRequestsDuringMaintenance.php(110): Illuminate\Pipeline\Pipeline->Illuminate\Pipeline\{closure}()
#79 /home/runner/work/gestaodecustos/gestaodecustos/vendor/laravel/framework/src/Illuminate/Pipeline/Pipeline.php(219): Illuminate\Foundation\Http\Middleware\PreventRequestsDuringMaintenance->handle()
#80 /home/runner/work/gestaodecustos/gestaodecustos/vendor/laravel/framework/src/Illuminate/Http/Middleware/HandleCors.php(61): Illuminate\Pipeline\Pipeline->Illuminate\Pipeline\{closure}()
#81 /home/runner/work/gestaodecustos/gestaodecustos/vendor/laravel/framework/src/Illuminate/Pipeline/Pipeline.php(219): Illuminate\Http\Middleware\HandleCors->handle()
#82 /home/runner/work/gestaodecustos/gestaodecustos/vendor/laravel/framework/src/Illuminate/Http/Middleware/TrustProxies.php(58): Illuminate\Pipeline\Pipeline->Illuminate\Pipeline\{closure}()
#83 /home/runner/work/gestaodecustos/gestaodecustos/vendor/laravel/framework/src/Illuminate/Pipeline/Pipeline.php(219): Illuminate\Http\Middleware\TrustProxies->handle()
#84 /home/runner/work/gestaodecustos/gestaodecustos/vendor/laravel/framework/src/Illuminate/Foundation/Http/Middleware/InvokeDeferredCallbacks.php(22): Illuminate\Pipeline\Pipeline->Illuminate\Pipeline\{closure}()
#85 /home/runner/work/gestaodecustos/gestaodecustos/vendor/laravel/framework/src/Illuminate/Pipeline/Pipeline.php(219): Illuminate\Foundation\Http\Middleware\InvokeDeferredCallbacks->handle()
#86 /home/runner/work/gestaodecustos/gestaodecustos/vendor/laravel/framework/src/Illuminate/Http/Middleware/ValidatePathEncoding.php(28): Illuminate\Pipeline\Pipeline->Illuminate\Pipeline\{closure}()
#87 /home/runner/work/gestaodecustos/gestaodecustos/vendor/laravel/framework/src/Illuminate/Pipeline/Pipeline.php(219): Illuminate\Http\Middleware\ValidatePathEncoding->handle()
#88 /home/runner/work/gestaodecustos/gestaodecustos/vendor/laravel/framework/src/Illuminate/Pipeline/Pipeline.php(137): Illuminate\Pipeline\Pipeline->Illuminate\Pipeline\{closure}()
#89 /home/runner/work/gestaodecustos/gestaodecustos/vendor/laravel/framework/src/Illuminate/Foundation/Http/Kernel.php(175): Illuminate\Pipeline\Pipeline->then()
#90 /home/runner/work/gestaodecustos/gestaodecustos/vendor/laravel/framework/src/Illuminate/Foundation/Http/Kernel.php(144): Illuminate\Foundation\Http\Kernel->sendRequestThroughRouter()
#91 /home/runner/work/gestaodecustos/gestaodecustos/vendor/laravel/framework/src/Illuminate/Foundation/Testing/Concerns/MakesHttpRequests.php(638): Illuminate\Foundation\Http\Kernel->handle()
#92 /home/runner/work/gestaodecustos/gestaodecustos/vendor/laravel/framework/src/Illuminate/Foundation/Testing/Concerns/MakesHttpRequests.php(368): Illuminate\Foundation\Testing\TestCase->call()
#93 /home/runner/work/gestaodecustos/gestaodecustos/tests/Feature/Settings/ProfileUpdateTest.php(9): Illuminate\Foundation\Testing\TestCase->get()
#94 /home/runner/work/gestaodecustos/gestaodecustos/vendor/pestphp/pest/src/Factories/TestCaseMethodFactory.php(177): P\Tests\Feature\Settings\ProfileUpdateTest->{closure}()
#95 [internal function]: P\Tests\Feature\Settings\ProfileUpdateTest->Pest\Factories\{closure}()
#96 /home/runner/work/gestaodecustos/gestaodecustos/vendor/pestphp/pest/src/Concerns/Testable.php(514): call_user_func_array()
#97 /home/runner/work/gestaodecustos/gestaodecustos/vendor/pestphp/pest/src/Support/ExceptionTrace.php(26): P\Tests\Feature\Settings\ProfileUpdateTest->Pest\Concerns\{closure}()
#98 /home/runner/work/gestaodecustos/gestaodecustos/vendor/pestphp/pest/src/Concerns/Testable.php(514): Pest\Support\ExceptionTrace::ensure()
#99 /home/runner/work/gestaodecustos/gestaodecustos/vendor/pestphp/pest/src/Concerns/Testable.php(336): P\Tests\Feature\Settings\ProfileUpdateTest->__callClosure()
#100 /home/runner/work/gestaodecustos/gestaodecustos/vendor/pestphp/pest/src/Factories/TestCaseFactory.php(179) : eval()'d code(22): P\Tests\Feature\Settings\ProfileUpdateTest->__runTest()
#101 /home/runner/work/gestaodecustos/gestaodecustos/vendor/phpunit/phpunit/src/Framework/TestCase.php(1318): P\Tests\Feature\Settings\ProfileUpdateTest->__pest_evaluable_profile_page_is_displayed()
#102 /home/runner/work/gestaodecustos/gestaodecustos/vendor/phpunit/phpunit/src/Framework/TestCase.php(1355): PHPUnit\Framework\TestCase->invokeTestMethod()
#103 /home/runner/work/gestaodecustos/gestaodecustos/vendor/phpunit/phpunit/src/Framework/TestCase.php(521): PHPUnit\Framework\TestCase->runTest()
#104 /home/runner/work/gestaodecustos/gestaodecustos/vendor/phpunit/phpunit/src/Framework/TestRunner/TestRunner.php(99): PHPUnit\Framework\TestCase->runBare()
#105 /home/runner/work/gestaodecustos/gestaodecustos/vendor/phpunit/phpunit/src/Framework/TestCase.php(361): PHPUnit\Framework\TestRunner->run()
#106 /home/runner/work/gestaodecustos/gestaodecustos/vendor/phpunit/phpunit/src/Framework/TestSuite.php(374): PHPUnit\Framework\TestCase->run()
#107 /home/runner/work/gestaodecustos/gestaodecustos/vendor/phpunit/phpunit/src/Framework/TestSuite.php(374): PHPUnit\Framework\TestSuite->run()
#108 /home/runner/work/gestaodecustos/gestaodecustos/vendor/phpunit/phpunit/src/Framework/TestSuite.php(374): PHPUnit\Framework\TestSuite->run()
#109 /home/runner/work/gestaodecustos/gestaodecustos/vendor/phpunit/phpunit/src/TextUI/TestRunner.php(64): PHPUnit\Framework\TestSuite->run()
#110 /home/runner/work/gestaodecustos/gestaodecustos/vendor/phpunit/phpunit/src/TextUI/Application.php(229): PHPUnit\TextUI\TestRunner->run()
#111 /home/runner/work/gestaodecustos/gestaodecustos/vendor/pestphp/pest/src/Kernel.php(103): PHPUnit\TextUI\Application->run()
#112 /home/runner/work/gestaodecustos/gestaodecustos/vendor/pestphp/pest/bin/pest(196): Pest\Kernel->handle()
#113 /home/runner/work/gestaodecustos/gestaodecustos/vendor/pestphp/pest/bin/pest(204): {closure}()
#114 /home/runner/work/gestaodecustos/gestaodecustos/vendor/bin/pest(119): include('...')
#115 {main}

Next Illuminate\View\ViewException: Unable to locate file in Vite manifest: resources/js/modal-controls.js. (View: /home/runner/work/gestaodecustos/gestaodecustos/resources/views/partials/head.blade.php) (View: /home/runner/work/gestaodecustos/gestaodecustos/resources/views/partials/head.blade.php) (View: /home/runner/work/gestaodecustos/gestaodecustos/resources/views/partials/head.blade.php) in /home/runner/work/gestaodecustos/gestaodecustos/vendor/laravel/framework/src/Illuminate/Foundation/Vite.php:1042
Stack trace:
#0 /home/runner/work/gestaodecustos/gestaodecustos/vendor/livewire/livewire/src/Mechanisms/ExtendBlade/ExtendedCompilerEngine.php(58): Illuminate\View\Engines\CompilerEngine->handleViewException()
#1 /home/runner/work/gestaodecustos/gestaodecustos/vendor/laravel/framework/src/Illuminate/View/Engines/PhpEngine.php(59): Livewire\Mechanisms\ExtendBlade\ExtendedCompilerEngine->handleViewException()
#2 /home/runner/work/gestaodecustos/gestaodecustos/vendor/livewire/livewire/src/Mechanisms/ExtendBlade/ExtendedCompilerEngine.php(22): Illuminate\View\Engines\PhpEngine->evaluatePath()
#3 /home/runner/work/gestaodecustos/gestaodecustos/vendor/laravel/framework/src/Illuminate/View/Engines/CompilerEngine.php(76): Livewire\Mechanisms\ExtendBlade\ExtendedCompilerEngine->evaluatePath()
#4 /home/runner/work/gestaodecustos/gestaodecustos/vendor/livewire/livewire/src/Mechanisms/ExtendBlade/ExtendedCompilerEngine.php(10): Illuminate\View\Engines\CompilerEngine->get()
#5 /home/runner/work/gestaodecustos/gestaodecustos/vendor/laravel/framework/src/Illuminate/View/View.php(208): Livewire\Mechanisms\ExtendBlade\ExtendedCompilerEngine->get()
#6 /home/runner/work/gestaodecustos/gestaodecustos/vendor/laravel/framework/src/Illuminate/View/View.php(191): Illuminate\View\View->getContents()
#7 /home/runner/work/gestaodecustos/gestaodecustos/vendor/laravel/framework/src/Illuminate/View/View.php(160): Illuminate\View\View->renderContents()
#8 /home/runner/work/gestaodecustos/gestaodecustos/vendor/laravel/framework/src/Illuminate/Http/Response.php(82): Illuminate\View\View->render()
#9 /home/runner/work/gestaodecustos/gestaodecustos/vendor/laravel/framework/src/Illuminate/Http/Response.php(40): Illuminate\Http\Response->setContent()
#10 /home/runner/work/gestaodecustos/gestaodecustos/vendor/laravel/framework/src/Illuminate/Routing/ResponseFactory.php(61): Illuminate\Http\Response->__construct()
#11 /home/runner/work/gestaodecustos/gestaodecustos/vendor/laravel/framework/src/Illuminate/Routing/ResponseFactory.php(91): Illuminate\Routing\ResponseFactory->make()
#12 /home/runner/work/gestaodecustos/gestaodecustos/vendor/laravel/framework/src/Illuminate/Routing/ViewController.php(40): Illuminate\Routing\ResponseFactory->view()
#13 /home/runner/work/gestaodecustos/gestaodecustos/vendor/laravel/framework/src/Illuminate/Routing/ViewController.php(57): Illuminate\Routing\ViewController->__invoke()
#14 /home/runner/work/gestaodecustos/gestaodecustos/vendor/laravel/framework/src/Illuminate/Routing/ControllerDispatcher.php(43): Illuminate\Routing\ViewController->callAction()
#15 /home/runner/work/gestaodecustos/gestaodecustos/vendor/laravel/framework/src/Illuminate/Routing/Route.php(276): Illuminate\Routing\ControllerDispatcher->dispatch()
#16 /home/runner/work/gestaodecustos/gestaodecustos/vendor/laravel/framework/src/Illuminate/Routing/Route.php(216): Illuminate\Routing\Route->runController()
#17 /home/runner/work/gestaodecustos/gestaodecustos/vendor/laravel/framework/src/Illuminate/Routing/Router.php(822): Illuminate\Routing\Route->run()
#18 /home/runner/work/gestaodecustos/gestaodecustos/vendor/laravel/framework/src/Illuminate/Pipeline/Pipeline.php(180): Illuminate\Routing\Router->Illuminate\Routing\{closure}()
#19 /home/runner/work/gestaodecustos/gestaodecustos/vendor/laravel/framework/src/Illuminate/Auth/Middleware/EnsureEmailIsVerified.php(41): Illuminate\Pipeline\Pipeline->Illuminate\Pipeline\{closure}()
#20 /home/runner/work/gestaodecustos/gestaodecustos/vendor/laravel/framework/src/Illuminate/Pipeline/Pipeline.php(219): Illuminate\Auth\Middleware\EnsureEmailIsVerified->handle()
#21 /home/runner/work/gestaodecustos/gestaodecustos/app/Http/Middleware/ThrottleVerificationCode.php(27): Illuminate\Pipeline\Pipeline->Illuminate\Pipeline\{closure}()
#22 /home/runner/work/gestaodecustos/gestaodecustos/vendor/laravel/framework/src/Illuminate/Pipeline/Pipeline.php(219): App\Http\Middleware\ThrottleVerificationCode->handle()
#23 /home/runner/work/gestaodecustos/gestaodecustos/app/Http/Middleware/EnsureBusinessWorkspaceAccess.php(71): Illuminate\Pipeline\Pipeline->Illuminate\Pipeline\{closure}()
#24 /home/runner/work/gestaodecustos/gestaodecustos/vendor/laravel/framework/src/Illuminate/Pipeline/Pipeline.php(219): App\Http\Middleware\EnsureBusinessWorkspaceAccess->handle()
#25 /home/runner/work/gestaodecustos/gestaodecustos/app/Http/Middleware/EnsureImpersonationIsValid.php(20): Illuminate\Pipeline\Pipeline->Illuminate\Pipeline\{closure}()
#26 /home/runner/work/gestaodecustos/gestaodecustos/vendor/laravel/framework/src/Illuminate/Pipeline/Pipeline.php(219): App\Http\Middleware\EnsureImpersonationIsValid->handle()
#27 /home/runner/work/gestaodecustos/gestaodecustos/app/Http/Middleware/UpdateUserActivity.php(27): Illuminate\Pipeline\Pipeline->Illuminate\Pipeline\{closure}()
#28 /home/runner/work/gestaodecustos/gestaodecustos/vendor/laravel/framework/src/Illuminate/Pipeline/Pipeline.php(219): App\Http\Middleware\UpdateUserActivity->handle()
#29 /home/runner/work/gestaodecustos/gestaodecustos/app/Http/Middleware/CheckRegistrationStatus.php(25): Illuminate\Pipeline\Pipeline->Illuminate\Pipeline\{closure}()
#30 /home/runner/work/gestaodecustos/gestaodecustos/vendor/laravel/framework/src/Illuminate/Pipeline/Pipeline.php(219): App\Http\Middleware\CheckRegistrationStatus->handle()
#31 /home/runner/work/gestaodecustos/gestaodecustos/app/Http/Middleware/CheckMaintenanceMode.php(41): Illuminate\Pipeline\Pipeline->Illuminate\Pipeline\{closure}()
#32 /home/runner/work/gestaodecustos/gestaodecustos/vendor/laravel/framework/src/Illuminate/Pipeline/Pipeline.php(219): App\Http\Middleware\CheckMaintenanceMode->handle()
#33 /home/runner/work/gestaodecustos/gestaodecustos/app/Http/Middleware/SetLocale.php(30): Illuminate\Pipeline\Pipeline->Illuminate\Pipeline\{closure}()
#34 /home/runner/work/gestaodecustos/gestaodecustos/vendor/laravel/framework/src/Illuminate/Pipeline/Pipeline.php(219): App\Http\Middleware\SetLocale->handle()
#35 /home/runner/work/gestaodecustos/gestaodecustos/vendor/laravel/framework/src/Illuminate/Routing/Middleware/SubstituteBindings.php(52): Illuminate\Pipeline\Pipeline->Illuminate\Pipeline\{closure}()
#36 /home/runner/work/gestaodecustos/gestaodecustos/vendor/laravel/framework/src/Illuminate/Pipeline/Pipeline.php(219): Illuminate\Routing\Middleware\SubstituteBindings->handle()
#37 /home/runner/work/gestaodecustos/gestaodecustos/vendor/laravel/framework/src/Illuminate/Auth/Middleware/Authenticate.php(63): Illuminate\Pipeline\Pipeline->Illuminate\Pipeline\{closure}()
#38 /home/runner/work/gestaodecustos/gestaodecustos/vendor/laravel/framework/src/Illuminate/Pipeline/Pipeline.php(219): Illuminate\Auth\Middleware\Authenticate->handle()
#39 /home/runner/work/gestaodecustos/gestaodecustos/vendor/laravel/framework/src/Illuminate/Foundation/Http/Middleware/PreventRequestForgery.php(104): Illuminate\Pipeline\Pipeline->Illuminate\Pipeline\{closure}()
#40 /home/runner/work/gestaodecustos/gestaodecustos/vendor/laravel/framework/src/Illuminate/Pipeline/Pipeline.php(219): Illuminate\Foundation\Http\Middleware\PreventRequestForgery->handle()
#41 /home/runner/work/gestaodecustos/gestaodecustos/vendor/laravel/framework/src/Illuminate/View/Middleware/ShareErrorsFromSession.php(48): Illuminate\Pipeline\Pipeline->Illuminate\Pipeline\{closure}()
#42 /home/runner/work/gestaodecustos/gestaodecustos/vendor/laravel/framework/src/Illuminate/Pipeline/Pipeline.php(219): Illuminate\View\Middleware\ShareErrorsFromSession->handle()
#43 /home/runner/work/gestaodecustos/gestaodecustos/vendor/laravel/framework/src/Illuminate/Session/Middleware/StartSession.php(120): Illuminate\Pipeline\Pipeline->Illuminate\Pipeline\{closure}()
#44 /home/runner/work/gestaodecustos/gestaodecustos/vendor/laravel/framework/src/Illuminate/Session/Middleware/StartSession.php(63): Illuminate\Session\Middleware\StartSession->handleStatefulRequest()
#45 /home/runner/work/gestaodecustos/gestaodecustos/vendor/laravel/framework/src/Illuminate/Pipeline/Pipeline.php(219): Illuminate\Session\Middleware\StartSession->handle()
#46 /home/runner/work/gestaodecustos/gestaodecustos/vendor/laravel/framework/src/Illuminate/Cookie/Middleware/AddQueuedCookiesToResponse.php(36): Illuminate\Pipeline\Pipeline->Illuminate\Pipeline\{closure}()
#47 /home/runner/work/gestaodecustos/gestaodecustos/vendor/laravel/framework/src/Illuminate/Pipeline/Pipeline.php(219): Illuminate\Cookie\Middleware\AddQueuedCookiesToResponse->handle()
#48 /home/runner/work/gestaodecustos/gestaodecustos/vendor/laravel/framework/src/Illuminate/Cookie/Middleware/EncryptCookies.php(74): Illuminate\Pipeline\Pipeline->Illuminate\Pipeline\{closure}()
#49 /home/runner/work/gestaodecustos/gestaodecustos/vendor/laravel/framework/src/Illuminate/Pipeline/Pipeline.php(219): Illuminate\Cookie\Middleware\EncryptCookies->handle()
#50 /home/runner/work/gestaodecustos/gestaodecustos/vendor/laravel/framework/src/Illuminate/Pipeline/Pipeline.php(137): Illuminate\Pipeline\Pipeline->Illuminate\Pipeline\{closure}()
#51 /home/runner/work/gestaodecustos/gestaodecustos/vendor/laravel/framework/src/Illuminate/Routing/Router.php(821): Illuminate\Pipeline\Pipeline->then()
#52 /home/runner/work/gestaodecustos/gestaodecustos/vendor/laravel/framework/src/Illuminate/Routing/Router.php(800): Illuminate\Routing\Router->runRouteWithinStack()
#53 /home/runner/work/gestaodecustos/gestaodecustos/vendor/laravel/framework/src/Illuminate/Routing/Router.php(764): Illuminate\Routing\Router->runRoute()
#54 /home/runner/work/gestaodecustos/gestaodecustos/vendor/laravel/framework/src/Illuminate/Routing/Router.php(753): Illuminate\Routing\Router->dispatchToRoute()
#55 /home/runner/work/gestaodecustos/gestaodecustos/vendor/laravel/framework/src/Illuminate/Foundation/Http/Kernel.php(200): Illuminate\Routing\Router->dispatch()
#56 /home/runner/work/gestaodecustos/gestaodecustos/vendor/laravel/framework/src/Illuminate/Pipeline/Pipeline.php(180): Illuminate\Foundation\Http\Kernel->Illuminate\Foundation\Http\{closure}()
#57 /home/runner/work/gestaodecustos/gestaodecustos/vendor/livewire/livewire/src/Features/SupportDisablingBackButtonCache/DisableBackButtonCacheMiddleware.php(19): Illuminate\Pipeline\Pipeline->Illuminate\Pipeline\{closure}()
#58 /home/runner/work/gestaodecustos/gestaodecustos/vendor/laravel/framework/src/Illuminate/Pipeline/Pipeline.php(219): Livewire\Features\SupportDisablingBackButtonCache\DisableBackButtonCacheMiddleware->handle()
#59 /home/runner/work/gestaodecustos/gestaodecustos/vendor/laravel/framework/src/Illuminate/Foundation/Http/Middleware/TransformsRequest.php(21): Illuminate\Pipeline\Pipeline->Illuminate\Pipeline\{closure}()
#60 /home/runner/work/gestaodecustos/gestaodecustos/vendor/laravel/framework/src/Illuminate/Foundation/Http/Middleware/ConvertEmptyStringsToNull.php(31): Illuminate\Foundation\Http\Middleware\TransformsRequest->handle()
#61 /home/runner/work/gestaodecustos/gestaodecustos/vendor/laravel/framework/src/Illuminate/Pipeline/Pipeline.php(219): Illuminate\Foundation\Http\Middleware\ConvertEmptyStringsToNull->handle()
#62 /home/runner/work/gestaodecustos/gestaodecustos/vendor/laravel/framework/src/Illuminate/Foundation/Http/Middleware/TransformsRequest.php(21): Illuminate\Pipeline\Pipeline->Illuminate\Pipeline\{closure}()
#63 /home/runner/work/gestaodecustos/gestaodecustos/vendor/laravel/framework/src/Illuminate/Foundation/Http/Middleware/TrimStrings.php(51): Illuminate\Foundation\Http\Middleware\TransformsRequest->handle()
#64 /home/runner/work/gestaodecustos/gestaodecustos/vendor/laravel/framework/src/Illuminate/Pipeline/Pipeline.php(219): Illuminate\Foundation\Http\Middleware\TrimStrings->handle()
#65 /home/runner/work/gestaodecustos/gestaodecustos/vendor/laravel/framework/src/Illuminate/Http/Middleware/ValidatePostSize.php(27): Illuminate\Pipeline\Pipeline->Illuminate\Pipeline\{closure}()
#66 /home/runner/work/gestaodecustos/gestaodecustos/vendor/laravel/framework/src/Illuminate/Pipeline/Pipeline.php(219): Illuminate\Http\Middleware\ValidatePostSize->handle()
#67 /home/runner/work/gestaodecustos/gestaodecustos/vendor/laravel/framework/src/Illuminate/Foundation/Http/Middleware/PreventRequestsDuringMaintenance.php(110): Illuminate\Pipeline\Pipeline->Illuminate\Pipeline\{closure}()
#68 /home/runner/work/gestaodecustos/gestaodecustos/vendor/laravel/framework/src/Illuminate/Pipeline/Pipeline.php(219): Illuminate\Foundation\Http\Middleware\PreventRequestsDuringMaintenance->handle()
#69 /home/runner/work/gestaodecustos/gestaodecustos/vendor/laravel/framework/src/Illuminate/Http/Middleware/HandleCors.php(61): Illuminate\Pipeline\Pipeline->Illuminate\Pipeline\{closure}()
#70 /home/runner/work/gestaodecustos/gestaodecustos/vendor/laravel/framework/src/Illuminate/Pipeline/Pipeline.php(219): Illuminate\Http\Middleware\HandleCors->handle()
#71 /home/runner/work/gestaodecustos/gestaodecustos/vendor/laravel/framework/src/Illuminate/Http/Middleware/TrustProxies.php(58): Illuminate\Pipeline\Pipeline->Illuminate\Pipeline\{closure}()
#72 /home/runner/work/gestaodecustos/gestaodecustos/vendor/laravel/framework/src/Illuminate/Pipeline/Pipeline.php(219): Illuminate\Http\Middleware\TrustProxies->handle()
#73 /home/runner/work/gestaodecustos/gestaodecustos/vendor/laravel/framework/src/Illuminate/Foundation/Http/Middleware/InvokeDeferredCallbacks.php(22): Illuminate\Pipeline\Pipeline->Illuminate\Pipeline\{closure}()
#74 /home/runner/work/gestaodecustos/gestaodecustos/vendor/laravel/framework/src/Illuminate/Pipeline/Pipeline.php(219): Illuminate\Foundation\Http\Middleware\InvokeDeferredCallbacks->handle()
#75 /home/runner/work/gestaodecustos/gestaodecustos/vendor/laravel/framework/src/Illuminate/Http/Middleware/ValidatePathEncoding.php(28): Illuminate\Pipeline\Pipeline->Illuminate\Pipeline\{closure}()
#76 /home/runner/work/gestaodecustos/gestaodecustos/vendor/laravel/framework/src/Illuminate/Pipeline/Pipeline.php(219): Illuminate\Http\Middleware\ValidatePathEncoding->handle()
#77 /home/runner/work/gestaodecustos/gestaodecustos/vendor/laravel/framework/src/Illuminate/Pipeline/Pipeline.php(137): Illuminate\Pipeline\Pipeline->Illuminate\Pipeline\{closure}()
#78 /home/runner/work/gestaodecustos/gestaodecustos/vendor/laravel/framework/src/Illuminate/Foundation/Http/Kernel.php(175): Illuminate\Pipeline\Pipeline->then()
#79 /home/runner/work/gestaodecustos/gestaodecustos/vendor/laravel/framework/src/Illuminate/Foundation/Http/Kernel.php(144): Illuminate\Foundation\Http\Kernel->sendRequestThroughRouter()
#80 /home/runner/work/gestaodecustos/gestaodecustos/vendor/laravel/framework/src/Illuminate/Foundation/Testing/Concerns/MakesHttpRequests.php(638): Illuminate\Foundation\Http\Kernel->handle()
#81 /home/runner/work/gestaodecustos/gestaodecustos/vendor/laravel/framework/src/Illuminate/Foundation/Testing/Concerns/MakesHttpRequests.php(368): Illuminate\Foundation\Testing\TestCase->call()
#82 /home/runner/work/gestaodecustos/gestaodecustos/tests/Feature/Settings/ProfileUpdateTest.php(9): Illuminate\Foundation\Testing\TestCase->get()
#83 /home/runner/work/gestaodecustos/gestaodecustos/vendor/pestphp/pest/src/Factories/TestCaseMethodFactory.php(177): P\Tests\Feature\Settings\ProfileUpdateTest->{closure}()
#84 [internal function]: P\Tests\Feature\Settings\ProfileUpdateTest->Pest\Factories\{closure}()
#85 /home/runner/work/gestaodecustos/gestaodecustos/vendor/pestphp/pest/src/Concerns/Testable.php(514): call_user_func_array()
#86 /home/runner/work/gestaodecustos/gestaodecustos/vendor/pestphp/pest/src/Support/ExceptionTrace.php(26): P\Tests\Feature\Settings\ProfileUpdateTest->Pest\Concerns\{closure}()
#87 /home/runner/work/gestaodecustos/gestaodecustos/vendor/pestphp/pest/src/Concerns/Testable.php(514): Pest\Support\ExceptionTrace::ensure()
#88 /home/runner/work/gestaodecustos/gestaodecustos/vendor/pestphp/pest/src/Concerns/Testable.php(336): P\Tests\Feature\Settings\ProfileUpdateTest->__callClosure()
#89 /home/runner/work/gestaodecustos/gestaodecustos/vendor/pestphp/pest/src/Factories/TestCaseFactory.php(179) : eval()'d code(22): P\Tests\Feature\Settings\ProfileUpdateTest->__runTest()
#90 /home/runner/work/gestaodecustos/gestaodecustos/vendor/phpunit/phpunit/src/Framework/TestCase.php(1318): P\Tests\Feature\Settings\ProfileUpdateTest->__pest_evaluable_profile_page_is_displayed()
#91 /home/runner/work/gestaodecustos/gestaodecustos/vendor/phpunit/phpunit/src/Framework/TestCase.php(1355): PHPUnit\Framework\TestCase->invokeTestMethod()
#92 /home/runner/work/gestaodecustos/gestaodecustos/vendor/phpunit/phpunit/src/Framework/TestCase.php(521): PHPUnit\Framework\TestCase->runTest()
#93 /home/runner/work/gestaodecustos/gestaodecustos/vendor/phpunit/phpunit/src/Framework/TestRunner/TestRunner.php(99): PHPUnit\Framework\TestCase->runBare()
#94 /home/runner/work/gestaodecustos/gestaodecustos/vendor/phpunit/phpunit/src/Framework/TestCase.php(361): PHPUnit\Framework\TestRunner->run()
#95 /home/runner/work/gestaodecustos/gestaodecustos/vendor/phpunit/phpunit/src/Framework/TestSuite.php(374): PHPUnit\Framework\TestCase->run()
#96 /home/runner/work/gestaodecustos/gestaodecustos/vendor/phpunit/phpunit/src/Framework/TestSuite.php(374): PHPUnit\Framework\TestSuite->run()
#97 /home/runner/work/gestaodecustos/gestaodecustos/vendor/phpunit/phpunit/src/Framework/TestSuite.php(374): PHPUnit\Framework\TestSuite->run()
#98 /home/runner/work/gestaodecustos/gestaodecustos/vendor/phpunit/phpunit/src/TextUI/TestRunner.php(64): PHPUnit\Framework\TestSuite->run()
#99 /home/runner/work/gestaodecustos/gestaodecustos/vendor/phpunit/phpunit/src/TextUI/Application.php(229): PHPUnit\TextUI\TestRunner->run()
#100 /home/runner/work/gestaodecustos/gestaodecustos/vendor/pestphp/pest/src/Kernel.php(103): PHPUnit\TextUI\Application->run()
#101 /home/runner/work/gestaodecustos/gestaodecustos/vendor/pestphp/pest/bin/pest(196): Pest\Kernel->handle()
#102 /home/runner/work/gestaodecustos/gestaodecustos/vendor/pestphp/pest/bin/pest(204): {closure}()
#103 /home/runner/work/gestaodecustos/gestaodecustos/vendor/bin/pest(119): include('...')
#104 {main}

----------------------------------------------------------------------------------

Unable to locate file in Vite manifest: resources/js/modal-controls.js. (View: /home/runner/work/gestaodecustos/gestaodecustos/resources/views/partials/head.blade.php) (View: /home/runner/work/gestaodecustos/gestaodecustos/resources/views/partials/head.blade.php) (View: /home/runner/work/gestaodecustos/gestaodecustos/resources/views/partials/head.blade.php)[39;22m

  at [32mtests/Feature/Settings/ProfileUpdateTest.php[39m:[32m9[39m
      5▕ 
      6▕ test('profile page is displayed', function () {
      7▕     $this->actingAs($user = User::factory()->create());
      8▕ 
  ➜   9▕     $this->get(route('profile.edit'))->assertOk();
     10▕ });
     11▕ 
     12▕ test('profile information can be updated', function () {
     13▕     $user = User::factory()->create();


  [90mTests:[39m    [31;1m12 failed[39;22m[90m,[39m[39m [39m[32;1m138 passed[39;22m[90m (352 assertions)[39m
  [90mDuration:[39m [39m24.79s[39m

